Workbook

Sheet Hoja1
A1: ID Lead | B1: fecha | C1: Hora | D1: Nombre | E1: Telefono | F1: telefono2 | G1: CURP | H1: NSS | I1: Fecha_de_nac | J1: Estado_de_nac | K1: ESTATUS | L1: INFORMEDEPAGO | M1: DESCUENTOS | N1: $0.30 | O1: CAPACIDAD | P1: VENCIMIENTO | Q1: FINANCIERA | R1: MONTO COMPRA | S1: ASIGNADO A | T1: FECHA ASIG | U1: Columna1 | V1: Columna2 | W1: Columna3 | X1: Columna4 | Y1: Columna5 | Z1: CONTEO PANTALLA
A2: 23298744 | B2: 46236 | C2: 0.59015046 | E2: 5218113173320 | G2: TORJ591111HNLRVN03 | H2: 43825908031 | K2: COMPRA MAYOR | L2: 46262.13 | M2: 13312.31 | N2: =L2*0.3 -> 13878.639 | O2: =(IF(L2<4172.98,0,MIN(L2*0.3,L2-4172.98)))-M2 -> 566.329 | P2: 46113 | S2: IRASEMA | T2: 46237 | Z2: 2
A3: 23299154 | B3: 46236 | C3: 0.61292824 | E3: 5218182058119 | G3: EUHA671126HVZSRN05 | H3: 67866773756 | K3: COMPRA BIMESTRES | L3: 10369.35 | M3: 2999.23 | N3: =L3*0.3 -> 3110.805 | O3: =(IF(L3<4172.98,0,MIN(L3*0.3,L3-4172.98)))-M3 -> 111.575 | P3: 46600 | S3: KARLA | Z3: 2
A4: 23299316 | B4: 46236 | C4: 0.62565972 | E4: 5215521391613 | H4: 30139412834 | K4: NO DATO | N4: =L4*0.3 -> 0 | O4: =(IF(L4<4172.98,0,MIN(L4*0.3,L4-4172.98)))-M4 -> 0 | S4: KARLA | Z4: 0
A5: 23299656 | B5: 46236 | C5: 0.64082176 | D5: JOSE MANUEL CASTRO PANTOJA | E5: 5219131072974 | H5: 81916820731 | K5: NO DATO | N5: =L5*0.3 -> 0 | O5: =(IF(L5<4172.98,0,MIN(L5*0.3,L5-4172.98)))-M5 -> 0 | S5: KARLA | Z5: 0
A6: 23299908 | B6: 46236 | C6: 0.65543981 | E6: 5215519497280 | H6: 40856200429 | K6: COMPRA BIMESTRES | L6: 8422.91 | M6: 2405.4 | N6: =L6*0.3 -> 2526.873 | O6: =(IF(L6<4172.98,0,MIN(L6*0.3,L6-4172.98)))-M6 -> 121.473 | P6: 46692 | S6: KARLA | Z6: 2
A7: 23299544 | B7: 46236 | C7: 0.66197917 | E7: 5218123566431 | H7: 43786040246 | K7: RESTRINGIDA | L7: 57317.73 | M7: 7395.9 | N7: =L7*0.3 -> 17195.319 | O7: =(IF(L7<4172.98,0,MIN(L7*0.3,L7-4172.98)))-M7 -> 9799.419 | P7: 45901 | S7: DANIELLY | T7: 46237 | Z7: 2
A8: 23300568 | B8: 46236 | C8: 0.68758102 | E8: 5218112130042 | H8: 0-3664819434 | K8: COMPRA BIMESTRES | L8: 5731.78 | M8: 1471.96 | N8: =L8*0.3 -> 1719.534 | O8: =(IF(L8<4172.98,0,MIN(L8*0.3,L8-4172.98)))-M8 -> 86.84 | P8: 46539 | S8: KARLA | Z8: 2
A9: 23300548 | B9: 46236 | C9: 0.69230324 | E9: 5219982196773 | G9: KACG691208HCCNHS09 | K9: NO DATO | N9: =L9*0.3 -> 0 | O9: =(IF(L9<4172.98,0,MIN(L9*0.3,L9-4172.98)))-M9 -> 0 | S9: KARLA | Z9: 0
A10: 23300600 | B10: 46236 | C10: 0.7021412 | E10: 5219515471777 | H10: 78715500605 | K10: NUEVO MENOR | L10: 31365.91 | M10: 8967.69 | N10: =L10*0.3 -> 9409.773 | O10: =(IF(L10<4172.98,0,MIN(L10*0.3,L10-4172.98)))-M10 -> 442.083 | P10: 46508 | Q10: RESTRINGIDA | S10: HECTOR | T10: 46237 | Z10: 2
A11: 23300818 | B11: 46236 | C11: 0.710625 | E11: 5216141849678 | G11: HEQT630204MCHRXR01 | H11: 11806300767 | K11: COMPRA BIMESTRES | L11: 33322.3 | M11: 9995.93 | N11: =L11*0.3 -> 9996.69 | O11: =(IF(L11<4172.98,0,MIN(L11*0.3,L11-4172.98)))-M11 -> 0.76 | P11: 46235 | Q11: profuturo | S11: KARLA | Z11: 2
A12: 23300914 | B12: 46236 | C12: 0.7128125 | E12: 5216141034612 | H12: 33956603576 | K12: NO DATO | N12: =L12*0.3 -> 0 | O12: =(IF(L12<4172.98,0,MIN(L12*0.3,L12-4172.98)))-M12 -> 0 | S12: KARLA | Z12: 0
A13: 23300954 | B13: 46236 | C13: 0.7149537 | E13: 5213322629652 | G13: COSI610201HGRRLG09 | H13: 1916102757 | K13: COMPRA BIMESTRES | L13: 11813.73 | M13: 3404.55 | N13: =L13*0.3 -> 3544.119 | O13: =(IF(L13<4172.98,0,MIN(L13*0.3,L13-4172.98)))-M13 -> 139.569 | P13: 46569 | Q13: CONSUPAGO | S13: KARLA | Z13: 2
A14: 23300706 | B14: 46236 | C14: 0.71751157 | E14: 5214492254213 | H14: 51816312808 | K14: COMPRA MAYOR | L14: 7920.51 | M14: 2198.96 | N14: =L14*0.3 -> 2376.153 | O14: =(IF(L14<4172.98,0,MIN(L14*0.3,L14-4172.98)))-M14 -> 177.193 | P14: 46143 | Q14: DIMEX | S14: IRASEMA | T14: 46237 | Z14: 2
A15: 23301076 | B15: 46236 | C15: 0.72693287 | E15: 5216241580631 | H15: 64806023236 | K15: NUEVO MENOR | L15: 6262.86 | M15: 848 | N15: =L15*0.3 -> 1878.858 | O15: =(IF(L15<4172.98,0,MIN(L15*0.3,L15-4172.98)))-M15 -> 1030.858 | S15: HECTOR | T15: 46237 | Z15: 1
A16: 23301050 | B16: 46236 | C16: 0.726875 | D16: MIGUEL ANGEL MEZA | E16: 5213121546335 | G16: MEXM510110HCMZXG02 | H16: 52725112495 | K16: COMPRA BIMESTRES | L16: 9387.46 | M16: 2605.38 | N16: =L16*0.3 -> 2816.238 | O16: =(IF(L16<4172.98,0,MIN(L16*0.3,L16-4172.98)))-M16 -> 210.858 | P16: 46235 | Q16: EXITUS | S16: KARLA | Z16: 2
A17: 23301084 | B17: 46236 | C17: 0.73387731 | E17: 5219511903730 | G17: vema420815HOCRRR00 | H17: 859420007 | K17: COMPRA BIMESTRES | L17: 20593.46 | M17: 6175.19 | N17: =L17*0.3 -> 6178.038 | O17: =(IF(L17<4172.98,0,MIN(L17*0.3,L17-4172.98)))-M17 -> 2.848 | P17: 46539 | Q17: EXITUS | S17: KARLA | Z17: 2
A18: 23300266 | B18: 46236 | C18: 0.73394676 | D18: MARIO GARCIA NITSCH | E18: 5219381573554 | G18: GANM991202HCSRTR01 | K18: LEY 97 | N18: =L18*0.3 -> 0 | O18: =(IF(L18<4172.98,0,MIN(L18*0.3,L18-4172.98)))-M18 -> 0 | S18: KARLA | Z18: 1
A19: 23301510 | B19: 46236 | C19: 0.75048611 | E19: 5212331346637 | G19: VAHN790421HPLLRX06 | K19: NO DATO | N19: =L19*0.3 -> 0 | O19: =(IF(L19<4172.98,0,MIN(L19*0.3,L19-4172.98)))-M19 -> 0 | S19: KARLA | Z19: 0
A20: 23301606 | B20: 46236 | C20: 0.75385417 | E20: 5215616651378 | G20: FOMM650802MVZRRR06 | H20: 88836524681 | K20: NUEVO MAYOR | L20: 9760.32 | N20: =L20*0.3 -> 2928.096 | O20: =(IF(L20<4172.98,0,MIN(L20*0.3,L20-4172.98)))-M20 -> 2928.096 | S20: ITZELH | T20: 46237 | Z20: 1
A21: 23300712 | B21: 46236 | C21: 0.77042824 | E21: 5218712079281 | G21: MACC660503HCLRRR06 | H21: 32836511389 | K21: COMPRA BIMESTRES | L21: 10636.54 | M21: 3190.96 | N21: =L21*0.3 -> 3190.962 | O21: =(IF(L21<4172.98,0,MIN(L21*0.3,L21-4172.98)))-M21 -> 0.002 | P21: 46935 | Q21: FISOFO | S21: KARLA | Z21: 2
A22: 23301156 | B22: 46236 | C22: 0.77510417 | E22: 5216223428578 | H22: 24887124378 | K22: SIN CAPACIDAD | L22: =2689.75+879 -> 3568.75 | M22: 879 | N22: =L22*0.3 -> 1070.625 | O22: =(IF(L22<4172.98,0,MIN(L22*0.3,L22-4172.98)))-M22 -> -879 | S22: KARLA | Z22: 1
A23: 23302060 | B23: 46236 | C23: 0.77675926 | E23: 5214423568355 | H23: 11795864781 | K23: COMPRA BIMESTRES | L23: 14510.86 | M23: 4198.34 | N23: =L23*0.3 -> 4353.258 | O23: =(IF(L23<4172.98,0,MIN(L23*0.3,L23-4172.98)))-M23 -> 154.918 | P23: 46266 | Q23: MULTIVA | S23: KARLA | Z23: 2
A24: 23301374 | B24: 46236 | C24: 0.81193287 | E24: 5213521444213 | G24: FOFT610912MMNNGR00 | K24: COMPRA BIMESTRES | L24: 11019.46 | M24: 3059.39 | N24: =L24*0.3 -> 3305.838 | O24: =(IF(L24<4172.98,0,MIN(L24*0.3,L24-4172.98)))-M24 -> 246.448 | P24: 46388 | S24: KARLA | Z24: 2
A25: 23301550 | B25: 46236 | C25: 0.82350694 | E25: 5218332313530 | H25: 33856811998 | K25: COMPRA BIMESTRES | L25: 8793.09 | M25: 2456.91 | N25: =L25*0.3 -> 2637.927 | O25: =(IF(L25<4172.98,0,MIN(L25*0.3,L25-4172.98)))-M25 -> 181.017 | P25: 46753 | S25: KARLA | Z25: 2
A26: 23303754 | B26: 46236 | C26: 0.8347338 | E26: 5214493217711 | G26: RASS550909HDFMNR09 | K26: COMPRA BIMESTRES | L26: 24326.77 | M26: 7037.95 | N26: =L26*0.3 -> 7298.031 | O26: =(IF(L26<4172.98,0,MIN(L26*0.3,L26-4172.98)))-M26 -> 260.081 | P26: 46419 | Q26: FISOFO | S26: KARLA | Z26: 2
A27: 23303760 | B27: 46236 | C27: 0.83721065 | E27: 5219622567303 | H27: 71886400559 | K27: NUEVO MAYOR | L27: 14465.36 | M27: 0 | N27: =L27*0.3 -> 4339.608 | O27: =(IF(L27<4172.98,0,MIN(L27*0.3,L27-4172.98)))-M27 -> 4339.608 | S27: CAROLINA | T27: 46237 | Z27: 1
A28: 23304336 | B28: 46236 | C28: 0.90251157 | E28: 5215561400218 | H28: 1785694611 | K28: NUEVO MAYOR | L28: 47739.84 | N28: =L28*0.3 -> 14321.952 | O28: =(IF(L28<4172.98,0,MIN(L28*0.3,L28-4172.98)))-M28 -> 14321.952 | S28: MELANIE | T28: 46237 | Z28: 1
A29: 23305526 | B29: 46236 | C29: 0.9447338 | D29: Dorotea Martha Cuevas Torres | E29: 5215519527420 | G29: CUTD560701DFVR02 | K29: NO DATO | N29: =L29*0.3 -> 0 | O29: =(IF(L29<4172.98,0,MIN(L29*0.3,L29-4172.98)))-M29 -> 0 | S29: KARLA | Z29: 0
A30: 23305844 | B30: 46237 | C30: 0.0077546296 | D30: Francisco | E30: 5214447676859 | H30: 43826501819 | K30: COMPRA BIMESTRES | L30: 9760.32 | M30: 2928.1 | N30: =L30*0.3 -> 2928.096 | O30: =(IF(L30<4172.98,0,MIN(L30*0.3,L30-4172.98)))-M30 -> -0.004 | P30: 46813 | S30: KARLA | Z30: 2
A31: 23306038 | B31: 46237 | C31: 0.050439815 | D31: ALFREDO AGUSTIN PEREZ DIAZ | E31: 5215521373260 | G31: PXDA560828HCSRZL07 | K31: COMPRA BIMESTRES | L31: 7116.73 | M31: 2058.29 | N31: =L31*0.3 -> 2135.019 | O31: =(IF(L31<4172.98,0,MIN(L31*0.3,L31-4172.98)))-M31 -> 76.729 | P31: 46508 | S31: MAFER | Z31: 2
A32: 23306394 | B32: 46237 | C32: 0.11071759 | E32: 5216862587212 | G32: MAEJ690216HBCRSS00 | K32: COMPRA BIMESTRES | L32: 5642.22 | M32: 1413.59 | N32: =L32*0.3 -> 1692.666 | O32: =(IF(L32<4172.98,0,MIN(L32*0.3,L32-4172.98)))-M32 -> 55.65 | P32: 46478 | S32: MAFER | Z32: 2
A33: 23306340 | B33: 46237 | C33: 0.11096065 | E33: 5218129262667 | G33: mabf611016hnlcrr01 | H33: 0379-61-0515 | K33: COMPRA BIMESTRES | L33: 7920.51 | M33: 2285.09 | N33: =L33*0.3 -> 2376.153 | O33: =(IF(L33<4172.98,0,MIN(L33*0.3,L33-4172.98)))-M33 -> 91.063 | P33: 46631 | Q33: OPCIPRES | S33: MAFER | Z33: 2
A34: 23306562 | B34: 46237 | C34: 0.15483796 | E34: 5214444036595 | G34: OEOA640821HSPJVN02 | H34: 41836417901 | K34: COMPRA BIMESTRES | L34: 18548.66 | M34: 5358.89 | N34: =L34*0.3 -> 5564.598 | O34: =(IF(L34<4172.98,0,MIN(L34*0.3,L34-4172.98)))-M34 -> 205.708 | P34: 46357 | Q34: INBURSA | S34: MAFER | Z34: 2
A35: 23308894 | B35: 46237 | C35: 0.27009259 | E35: 5219982902594 | G35: CAML650225HDFHLS08 | K35: COMPRA BIMESTRES | L35: 9760.32 | M35: 2823.87 | N35: =L35*0.3 -> 2928.096 | O35: =(IF(L35<4172.98,0,MIN(L35*0.3,L35-4172.98)))-M35 -> 104.226 | P35: 46539 | Q35: PROFUTURO | S35: MAFER | Z35: 2
A36: 23308282 | B36: 46237 | C36: 0.29179398 | E36: 5218110179950 | G36: Came601023HNLSRN00 | K36: SIN CAPACIDAD | L36: 3904.2 | N36: =L36*0.3 -> 1171.26 | O36: =(IF(L36<4172.98,0,MIN(L36*0.3,L36-4172.98)))-M36 -> 0 | S36: MAFER | Z36: 1
A37: 23310882 | B37: 46237 | C37: 0.32886574 | E37: 5215577134189 | H37: 1624802912 | K37: SIN CAPACIDAD | L37: =2119.01+706 -> 2825.01 | N37: =L37*0.3 -> 847.503 | O37: =(IF(L37<4172.98,0,MIN(L37*0.3,L37-4172.98)))-M37 -> 0 | S37: MAFER | Z37: 1
A38: 23311058 | B38: 46237 | C38: 0.33341435 | E38: 5219381005997 | G38: MEBS630912HVZNCM00 | H38: 81816307003 | K38: NUEVO MENOR | L38: 27974.31 | M38: 7719.91 | N38: =L38*0.3 -> 8392.293 | O38: =(IF(L38<4172.98,0,MIN(L38*0.3,L38-4172.98)))-M38 -> 672.383 | P38: 46388 | S38: HECTOR | T38: 46237 | Z38: 2
A39: 23311722 | B39: 46237 | C39: 0.35986111 | E39: 5214612511235 | H39: 32826478003 | K39: COMPRA BIMESTRES | L39: 9081.52 | M39: 2716.91 | N39: =L39*0.3 -> 2724.456 | O39: =(IF(L39<4172.98,0,MIN(L39*0.3,L39-4172.98)))-M39 -> 7.546 | P39: 46874 | S39: MAFER | Z39: 2
A40: 23312206 | B40: 46237 | C40: 0.36368056 | E40: 5219878783729 | H40: 82937323549 | K40: NUEVO MENOR | L40: 4746.87 | N40: =L40*0.3 -> 1424.061 | O40: =(IF(L40<4172.98,0,MIN(L40*0.3,L40-4172.98)))-M40 -> 573.89 | S40: HECTOR | T40: 46237 | Z40: 1
A41: 23312464 | B41: 46237 | C41: 0.3700463 | E41: 5213329321959 | H41: 55978108300 | K41: LEY 97 | N41: =L41*0.3 -> 0 | O41: =(IF(L41<4172.98,0,MIN(L41*0.3,L41-4172.98)))-M41 -> 0 | S41: MAFER | Z41: 1
A42: 23312196 | B42: 46237 | C42: 0.3700463 | E42: 5212223011652 | H42: 1735171447 | K42: NUEVO MENOR | L42: 45226.21 | M42: 13078.58 | N42: =L42*0.3 -> 13567.863 | O42: =(IF(L42<4172.98,0,MIN(L42*0.3,L42-4172.98)))-M42 -> 489.283 | P42: 46447 | Q42: BANCREA | S42: HECTOR | T42: 46237 | Z42: 2
A43: 23312554 | B43: 46237 | C43: 0.37638889 | E43: 5217498500473 | H43: 13725405255 | K43: COMPRA BIMESTRES | L43: 12669.85 | M43: 3662.85 | N43: =L43*0.3 -> 3800.955 | O43: =(IF(L43<4172.98,0,MIN(L43*0.3,L43-4172.98)))-M43 -> 138.105 | P43: 46600 | S43: MAFER | Z43: 2
A44: 23312882 | B44: 46237 | C44: 0.37747685 | D44: Rubén Arturo Sánchez López | E44: 5216145991959 | H44: 33816488283 | K44: NUEVO MENOR | L44: 29885.2 | M44: 8642.84 | N44: =L44*0.3 -> 8965.56 | O44: =(IF(L44<4172.98,0,MIN(L44*0.3,L44-4172.98)))-M44 -> 322.72 | P44: 46569 | S44: HECTOR | T44: 46237 | Z44: 2
A45: 23305634 | B45: 46237 | C45: 0.39673611 | E45: 5218115555355 | H45: 43846240174 | K45: COMPRA BIMESTRES | L45: 27155.15 | M45: 7856.56 | N45: =L45*0.3 -> 8146.545 | O45: =(IF(L45<4172.98,0,MIN(L45*0.3,L45-4172.98)))-M45 -> 289.985 | P45: 46296 | S45: MAFER | Z45: 2
A46: 23313672 | B46: 46237 | C46: 0.40275463 | E46: 5213121140810 | G46: COMV570406HCMNLC01 | K46: NUEVO MAYOR | L46: 9760.32 | N46: =L46*0.3 -> 2928.096 | O46: =(IF(L46<4172.98,0,MIN(L46*0.3,L46-4172.98)))-M46 -> 2928.096 | S46: IRASEMA | T46: 46237 | Z46: 1
A47: 23313974 | B47: 46237 | C47: 0.40431713 | E47: 5216645512458 | H47: 23947208031 | K47: COMPRA BIMESTRES | L47: 8181.55 | M47: 2356.7 | N47: =L47*0.3 -> 2454.465 | O47: =(IF(L47<4172.98,0,MIN(L47*0.3,L47-4172.98)))-M47 -> 97.765 | P47: 46508 | S47: MAFER | Z47: 2
A48: 23300904 | B48: 46237 | C48: 0.44020833 | D48: Ignacio | E48: 5213312182635 | H48: 54795862082 | K48: COMPRA BIMESTRES | L48: 19834.72 | M48: 5950.38 | N48: =L48*0.3 -> 5950.416 | O48: =(IF(L48<4172.98,0,MIN(L48*0.3,L48-4172.98)))-M48 -> 0.036 | P48: 46478 | S48: MAFER | Z48: 2
A49: 23315970 | B49: 46237 | C49: 0.45011574 | E49: 5218120943911 | H49: 43756014833 | K49: NUEVO MAYOR | L49: 25461.24 | N49: =L49*0.3 -> 7638.372 | O49: =(IF(L49<4172.98,0,MIN(L49*0.3,L49-4172.98)))-M49 -> 7638.372 | S49: MAGALI | T49: 46237 | Z49: 1
A50: 23316084 | B50: 46237 | C50: 0.45886574 | E50: 5216442125325 | H50: 24866508476 | K50: COMPRA BIMESTRES | L50: 9760.32 | M50: 2927.3 | N50: =L50*0.3 -> 2928.096 | O50: =(IF(L50<4172.98,0,MIN(L50*0.3,L50-4172.98)))-M50 -> 0.796 | P50: 46692 | S50: MAFER | Z50: 2
A51: 23316336 | B51: 46237 | C51: 0.45770833 | E51: 5218118118694 | H51: 43796178606 | K51: COMPRA BIMESTRES | L51: 6262.86 | M51: 1810 | N51: =L51*0.3 -> 1878.858 | O51: =(IF(L51<4172.98,0,MIN(L51*0.3,L51-4172.98)))-M51 -> 68.858 | P51: 46600 | S51: MAFER | Z51: 2
A52: 23317232 | B52: 46237 | C52: 0.48009259 | E52: 5218787028059 | G52: TOII661011HSPRBN06 | K52: COMPRA BIMESTRES | L52: 11076.78 | M52: 3202.3 | N52: =L52*0.3 -> 3323.034 | O52: =(IF(L52<4172.98,0,MIN(L52*0.3,L52-4172.98)))-M52 -> 120.734 | P52: 46478 | S52: MAFER | Z52: 2
A53: 23316886 | B53: 46237 | C53: 0.48607639 | E53: 5216565886007 | H53: 33836506502 | K53: NUEVO MAYOR | L53: 9760.32 | N53: =L53*0.3 -> 2928.096 | O53: =(IF(L53<4172.98,0,MIN(L53*0.3,L53-4172.98)))-M53 -> 2928.096 | S53: MARISOL | T53: 46237 | Z53: 1
A54: 23317238 | B54: 46237 | C54: 0.48655093 | E54: 5219995926207 | H54: 84846200651 | K54: NUEVO MAYOR | L54: =7660.89+879 -> 8539.89 | M54: 879 | N54: =L54*0.3 -> 2561.967 | O54: =(IF(L54<4172.98,0,MIN(L54*0.3,L54-4172.98)))-M54 -> 1682.967 | S54: MAGALI | T54: 46237 | Z54: 1
A55: 23316542 | B55: 46237 | C55: 0.48957176 | E55: 5216642405599 | H55: 63806312243 | K55: NUEVO MAYOR | L55: 18407.19 | N55: =L55*0.3 -> 5522.157 | O55: =(IF(L55<4172.98,0,MIN(L55*0.3,L55-4172.98)))-M55 -> 5522.157 | S55: FERNANDA | T55: 46237 | Z55: 1
A56: 23316024 | B56: 46237 | C56: 0.49767361 | D56: ROSA ELVIRA GUTIERREZ | E56: 5213331042826 | G56: GUXR690328MJCTXS01 | K56: SIN CAPACIDAD | L56: 4336.66 | N56: =L56*0.3 -> 1300.998 | O56: =(IF(L56<4172.98,0,MIN(L56*0.3,L56-4172.98)))-M56 -> 163.68 | S56: MAFER | Z56: 1
A57: 23318196 | B57: 46237 | C57: 0.50674769 | D57: José Guadalupe López Horta | E57: 5213221604589 | G57: LOHG730513HJRPRD04 | H57: 54927386497 | K57: SIN CAPACIDAD | L57: 3410.18 | N57: =L57*0.3 -> 1023.054 | O57: =(IF(L57<4172.98,0,MIN(L57*0.3,L57-4172.98)))-M57 -> 0 | S57: MAFER | Z57: 1
A58: 23314034 | B58: 46237 | C58: 0.5105787 | E58: 5217221001751 | G58: MAGC621026HMCRNR04 | H58: 108562259-4 | K58: COMPRA BIMESTRES | L58: 16849 | M58: 5053.44 | N58: =L58*0.3 -> 5054.7 | O58: =(IF(L58<4172.98,0,MIN(L58*0.3,L58-4172.98)))-M58 -> 1.26 | P58: 46935 | S58: MAFER | Z58: 2
A59: 23318434 | B59: 46237 | C59: 0.52305556 | E59: 5216145120003 | H59: 50907498690 | K59: COMPRA MENOR | L59: 5060.93 | M59: 821.75 | N59: =L59*0.3 -> 1518.279 | O59: =(IF(L59<4172.98,0,MIN(L59*0.3,L59-4172.98)))-M59 -> 66.2 | P59: 46082 | S59: HECTOR | T59: 46237 | Z59: 2
A60: 23319246 | B60: 46237 | C60: 0.52733796 | E60: 5213310102225 | H60: 04896017078 | J60: 1 | K60: COMPRA BIMESTRES | L60: 7116.73 | M60: 2051.43 | N60: =L60*0.3 -> 2135.019 | O60: =(IF(L60<4172.98,0,MIN(L60*0.3,L60-4172.98)))-M60 -> 83.589 | P60: 46539 | S60: MAFER | Z60: 2
A61: 23316200 | B61: 46237 | C61: 0.54188657 | E61: 5212297640171 | G61: BARF600114HVZRYL09 | K61: NUEVO MAYOR | L61: 6555.8 | N61: =L61*0.3 -> 1966.74 | O61: =(IF(L61<4172.98,0,MIN(L61*0.3,L61-4172.98)))-M61 -> 1966.74 | S61: CAROLINA | T61: 46237 | Z61: 1
A62: 23315804 | B62: 46237 | C62: 0.54604167 | E62: 5212321748630 | G62: Dimr600925hvzzrb09 | H62: 67846052503 | K62: COMPRA MAYOR | L62: 5617.63 | M62: 1336.95 | N62: =L62*0.3 -> 1685.289 | O62: =(IF(L62<4172.98,0,MIN(L62*0.3,L62-4172.98)))-M62 -> 107.7 | P62: 46113 | S62: MARISOL | T62: 46237 | Z62: 2
A63: 23319866 | B63: 46237 | C63: 0.54570602 | E63: 5212971022860 | H63: 71805914851 | K63: COMPRA BIMESTRES | L63: 4873.69 | M63: 592.94 | N63: =L63*0.3 -> 1462.107 | O63: =(IF(L63<4172.98,0,MIN(L63*0.3,L63-4172.98)))-M63 -> 107.77 | P63: 46296 | S63: MAFER | Z63: 2
A64: 23320708 | B64: 46237 | C64: 0.56013889 | E64: 5218127349622 | H64: 32775820148 | K64: COMPRA MAYOR | L64: 14983.93 | M64: 4160.07 | N64: =L64*0.3 -> 4495.179 | O64: =(IF(L64<4172.98,0,MIN(L64*0.3,L64-4172.98)))-M64 -> 335.109 | P64: 46204 | S64: FERNANDA | T64: 46237 | Z64: 2
A65: 23320698 | B65: 46237 | C65: 0.56190972 | E65: 5215561879418 | H65: 30896703250 | K65: NUEVO MAYOR | L65: 9150 | N65: =L65*0.3 -> 2745 | O65: =(IF(L65<4172.98,0,MIN(L65*0.3,L65-4172.98)))-M65 -> 2745 | S65: ITZELH | T65: 46238 | U65: RECUPERADO | Z65: 1
A66: 23320580 | B66: 46237 | C66: 0.5644213 | E66: 5218341485298 | G66: SALD730501HTSNRN00 | K66: COMPRA BIMESTRES | L66: 7135.6 | M66: 2138.84 | N66: =L66*0.3 -> 2140.68 | O66: =(IF(L66<4172.98,0,MIN(L66*0.3,L66-4172.98)))-M66 -> 1.84 | P66: 46844 | S66: KARLA | Z66: 2
A67: 23320674 | B67: 46237 | C67: 0.56831019 | E67: 5215535353519 | H67: 65826340750 | K67: NO DATO | N67: =L67*0.3 -> 0 | O67: =(IF(L67<4172.98,0,MIN(L67*0.3,L67-4172.98)))-M67 -> 0 | S67: KARLA | Z67: 0
A68: 23321198 | B68: 46237 | C68: 0.58299769 | E68: 5212961040866 | H68: 65755906743 | K68: COMPRA BIMESTRES | L68: 4813.69 | M68: 640.7 | N68: =L68*0.3 -> 1444.107 | O68: =(IF(L68<4172.98,0,MIN(L68*0.3,L68-4172.98)))-M68 -> 0.01 | P68: 46935 | S68: KARLA | Z68: 2
A69: 23321714 | B69: 46237 | C69: 0.58420139 | D69: MARIO ALBERTO CORREA FUENTES | E69: 5215539291851 | G69: COFM610420HDFRNR05 | H69: 17846100455 | K69: COMPRA BIMESTRES | L69: 56395.72 | M69: 16918.07 | N69: =L69*0.3 -> 16918.716 | O69: =(IF(L69<4172.98,0,MIN(L69*0.3,L69-4172.98)))-M69 -> 0.646 | P69: 46419 | S69: KARLA | Z69: 2
A70: 23321918 | B70: 46237 | C70: 0.58915509 | D70: CARRILLO PULIDO FELIX | E70: 5212299113698 | G70: CAPF631116HVZRL00 | H70: 65806261676 | K70: COMPRA BIMESTRES | L70: 21952.71 | M70: 6584.02 | N70: =L70*0.3 -> 6585.813 | O70: =(IF(L70<4172.98,0,MIN(L70*0.3,L70-4172.98)))-M70 -> 1.793 | P70: 46874 | S70: KARLA | Z70: 2
A71: 23320194 | B71: 46237 | C71: 0.59726852 | E71: 5216871669672 | H71: 57967718883 | K71: NUEVO MAYOR | L71: =6518.1+848 -> 7366.1 | M71: 848 | N71: =L71*0.3 -> 2209.83 | O71: =(IF(L71<4172.98,0,MIN(L71*0.3,L71-4172.98)))-M71 -> 1361.83 | S71: ITZELH | T71: 46237 | Z71: 1
A72: 23322392 | B72: 46237 | C72: 0.60288194 | E72: 5214442034763 | G72: Dism460223hspznn07 | K72: RESTRINGIDA | L72: 20015.28 | N72: =L72*0.3 -> 6004.584 | O72: =(IF(L72<4172.98,0,MIN(L72*0.3,L72-4172.98)))-M72 -> 6004.584 | S72: DANIELLY | T72: 46237 | Z72: 1
A73: 23322352 | B73: 46237 | C73: 0.60731481 | E73: 5216146009556 | G73: MXAR730713MCHNLS07 | J73: 1 | K73: SIN CAPACIDAD | L73: =2935.67+848 -> 3783.67 | M73: 848 | N73: =L73*0.3 -> 1135.101 | O73: =(IF(L73<4172.98,0,MIN(L73*0.3,L73-4172.98)))-M73 -> -848 | S73: KARLA | Z73: 1
A74: 23322864 | B74: 46237 | C74: 0.61265046 | E74: 5218132701380 | H74: 43796295608 | K74: NUEVO MAYOR | L74: 10902.89 | N74: =L74*0.3 -> 3270.867 | O74: =(IF(L74<4172.98,0,MIN(L74*0.3,L74-4172.98)))-M74 -> 3270.867 | S74: MELANIE | T74: 46237 | Z74: 1
A75: 23322962 | B75: 46237 | C75: 0.61668981 | E75: 5216145542133 | H75: 35846720734 | K75: SIN CAPACIDAD | L75: 4434.66 | M75: 252 | N75: =L75*0.3 -> 1330.398 | O75: =(IF(L75<4172.98,0,MIN(L75*0.3,L75-4172.98)))-M75 -> 9.68 | S75: MAFER | Z75: 1
A76: 23323122 | B76: 46237 | C76: 0.61966435 | E76: 5213171323918 | G76: SOMF620417HJCSRR07 | K76: COMPRA BIMESTRES | L76: 7116.73 | M76: 2135.02 | N76: =L76*0.3 -> 2135.019 | O76: =(IF(L76<4172.98,0,MIN(L76*0.3,L76-4172.98)))-M76 -> -0.001 | P76: 46296 | S76: MAFER | Z76: 2
A77: 23323370 | B77: 46237 | C77: 0.63157407 | E77: 5217731584950 | G77: AAPJ560616HPLLNN01 | H77: 11745676103 | K77: SIN CAPACIDAD | L77: 4441.62 | N77: =L77*0.3 -> 1332.486 | O77: =(IF(L77<4172.98,0,MIN(L77*0.3,L77-4172.98)))-M77 -> 268.64 | S77: MAFER | Z77: 1
A78: 23319136 | B78: 46237 | C78: 0.65104167 | E78: 0 | H78: 89826529359 | J78: 1 | K78: COMPRA BIMESTRES | L78: 9760.32 | M78: 2926.49 | N78: =L78*0.3 -> 2928.096 | O78: =(IF(L78<4172.98,0,MIN(L78*0.3,L78-4172.98)))-M78 -> 1.606 | P78: 46905 | S78: MAFER | Z78: 2
A79: 23329904 | B79: 46237 | C79: 0.65986111 | E79: 5212291168650 | H79: 01785515410 | J79: 1 | K79: COMPRA BIMESTRES | L79: 12629.46 | M79: 3592.36 | N79: =L79*0.3 -> 3788.838 | O79: =(IF(L79<4172.98,0,MIN(L79*0.3,L79-4172.98)))-M79 -> 196.478 | P79: 46784 | Q79: FISOFO | S79: MAFER | Z79: 2
A80: 23329918 | B80: 46237 | C80: 0.66122685 | E80: 5215573907364 | H80: 11917141464 | J80: 1 | K80: SIN CAPACIDAD | L80: =3751.94+848 -> 4599.94 | M80: 848 | N80: =L80*0.3 -> 1379.982 | O80: =(IF(L80<4172.98,0,MIN(L80*0.3,L80-4172.98)))-M80 -> -421.04 | S80: MAFER | Z80: 1
A81: 23319404 | B81: 46237 | C81: 0.68954861 | E81: 5215522686905 | G81: MOHG460704MHGRRD08 | K81: SIN CAPACIDAD | L81: 3900.89 | N81: =L81*0.3 -> 1170.267 | O81: =(IF(L81<4172.98,0,MIN(L81*0.3,L81-4172.98)))-M81 -> 0 | S81: MAFER | Z81: 1
A82: 23331070 | B82: 46237 | C82: 0.6947338 | E82: 5214733710181 | H82: 12986404239 | K82: LEY 97 | N82: =L82*0.3 -> 0 | O82: =(IF(L82<4172.98,0,MIN(L82*0.3,L82-4172.98)))-M82 -> 0 | S82: MAFER | Z82: 1
A83: 23301106 | B83: 46238 | C83: 0.38856481 | D83: YADIRA ELIZABETH ARREOLA ARAUJO | E83: 5216271778719 | H83: 5502840406-3 | K83: LEY 97 | N83: =L83*0.3 -> 0 | O83: =(IF(L83<4172.98,0,MIN(L83*0.3,L83-4172.98)))-M83 -> 0 | S83: KARLA | Z83: 1
A84: 23309860 | B84: 46238 | C84: 0.39273148 | D84: ANDREA MARGARITA BARRERA MIRAMONTES | E84: 5214371006639 | H84: 04917311930 | K84: SIN CAPACIDAD | L84: 3779.88 | N84: =L84*0.3 -> 1133.964 | O84: =(IF(L84<4172.98,0,MIN(L84*0.3,L84-4172.98)))-M84 -> 0 | S84: MAFER | Z84: 1
A85: 23315628 | B85: 46238 | C85: 0.39550926 | D85: JESUS RAMON ROSAS BABA | E85: 0 | G85: ROBJ631004HSLSBS08 | H85: 23856302817 | K85: SIN CAPACIDAD | L85: =3082.08+848 -> 3930.08 | N85: =L85*0.3 -> 1179.024 | O85: =(IF(L85<4172.98,0,MIN(L85*0.3,L85-4172.98)))-M85 -> 0 | S85: MAFER | Z85: 1
A86: 23351178 | B86: 46238 | C86: 0.38440972 | E86: 5216143540203 | G86: CORI630125MCHNDS06 | H86: 33786301953 | K86: COMPRA BIMESTRES | L86: 11028.99 | M86: 3202.3 | N86: =L86*0.3 -> 3308.697 | O86: =(IF(L86<4172.98,0,MIN(L86*0.3,L86-4172.98)))-M86 -> 106.397 | P86: 46844 | Q86: DIMEX | S86: KARLA | Z86: 2
A87: 23351304 | B87: 46238 | C87: 0.38599537 | E87: 5218115916567 | H87: 43856557624 | K87: SIN CAPACIDAD | L87: =3187.69+848 -> 4035.69 | N87: =L87*0.3 -> 1210.707 | O87: =(IF(L87<4172.98,0,MIN(L87*0.3,L87-4172.98)))-M87 -> 0 | S87: KARLA | Z87: 1
A88: 23352270 | B88: 46238 | C88: 0.40144676 | E88: 5216182425051 | G88: Goab531006hdgnvr07 | H88: 32715329937 | K88: COMPRA BIMESTRES | L88: 19540.57 | M88: 5652.64 | N88: =L88*0.3 -> 5862.171 | O88: =(IF(L88<4172.98,0,MIN(L88*0.3,L88-4172.98)))-M88 -> 209.531 | P88: 46388 | Q88: DIMEX | S88: KARLA | Z88: 2
A89: 23352780 | B89: 46238 | C89: 0.42513889 | D89: LISBETH | E89: 5215529485793 | G89: GAML660602MDFLRS08 | H89: 75846617159 | K89: NUEVO MAYOR | L89: =31555.08-20919.54 -> 10635.54 | N89: =L89*0.3 -> 3190.662 | O89: =(IF(L89<4172.98,0,MIN(L89*0.3,L89-4172.98)))-M89 -> 3190.662 | S89: IRASEMA | T89: 46238 | Z89: 1
A90: 23353384 | B90: 46238 | C90: 0.42790509 | E90: 5218180885634 | H90: 83804301444 | K90: NUEVO MENOR | L90: 56371.91 | M90: 16304.98 | N90: =L90*0.3 -> 16911.573 | O90: =(IF(L90<4172.98,0,MIN(L90*0.3,L90-4172.98)))-M90 -> 606.593 | P90: 46539 | Q90: EXITUS | S90: HECTOR | T90: 46238 | Z90: 2
A91: 23353032 | B91: 46238 | C91: 0.43466435 | D91: Adrian Alvarado Landin | E91: 5212221939942 | G91: AALA530304HVZLND04 | K91: NUEVO MENOR | L91: 32035.22 | M91: 9266.12 | N91: =L91*0.3 -> 9610.566 | O91: =(IF(L91<4172.98,0,MIN(L91*0.3,L91-4172.98)))-M91 -> 344.446 | P91: 46600 | Q91: INBURSA | S91: HECTOR | T91: 46238 | Z91: 2
A92: 23353484 | B92: 46238 | C92: 0.43543981 | D92: Manuel | E92: 5212214184740 | G92: HEMM680313HPLRTN03 | H92: 62856835459 | K92: COMPRA BIMESTRES | L92: 7629.74 | M92: 2288.57 | N92: =L92*0.3 -> 2288.922 | O92: =(IF(L92<4172.98,0,MIN(L92*0.3,L92-4172.98)))-M92 -> 0.352 | P92: 46600 | Q92: CONSUBANCO | S92: KARLA | Z92: 2
A93: 23353820 | B93: 46238 | C93: 0.43962963 | E93: 5218113180331 | G93: JAR1530115HCLCCN02 | H93: 43705223444 | K93: NUEVO MENOR | L93: 4777.64 | N93: =L93*0.3 -> 1433.292 | O93: =(IF(L93<4172.98,0,MIN(L93*0.3,L93-4172.98)))-M93 -> 604.66 | S93: HECTOR | T93: 46238 | Z93: 1
A94: 23298852 | B94: 46238 | C94: 0.4437963 | D94: ARACELI ORTIZ ROMERO | E94: 7771108895 | H94: 15664511928 | K94: COMPRA BIMESTRES | L94: =5031.9+1996.57+157.48 -> 7185.95 | M94: =1996.57+157.48 -> 2154.05 | N94: =L94*0.3 -> 2155.785 | O94: =(IF(L94<4172.98,0,MIN(L94*0.3,L94-4172.98)))-M94 -> 1.735 | P94: 46935 | S94: KARLA | Z94: 2
A95: 23323224 | B95: 46238 | C95: 0.44657407 | D95: MIGUEL ANGEL SANCHEZ LEDEZMA | E95: 5218443628453 | G95: CALM611119HDFHZG03 | K95: COMPRA BIMESTRES | L95: =4458.62+1804.24 -> 6262.86 | M95: 1804.24 | N95: =L95*0.3 -> 1878.858 | O95: =(IF(L95<4172.98,0,MIN(L95*0.3,L95-4172.98)))-M95 -> 74.618 | P95: 46722 | S95: MAFER | Z95: 2
A96: 23354302 | B96: 46238 | C96: 0.45107639 | E96: 5218713434566 | G96: GOOH720613MDGLLL00 | K96: NO DATO | N96: =L96*0.3 -> 0 | O96: =(IF(L96<4172.98,0,MIN(L96*0.3,L96-4172.98)))-M96 -> 0 | S96: MAFER | Z96: 0
A97: 23354396 | B97: 46238 | C97: 0.45194444 | E97: 5218135888216 | H97: 43796209385 | K97: COMPRA BIMESTRES | L97: 7116.73 | M97: 2133.31 | N97: =L97*0.3 -> 2135.019 | O97: =(IF(L97<4172.98,0,MIN(L97*0.3,L97-4172.98)))-M97 -> 1.709 | P97: 46266 | S97: MAFER | Z97: 2
A98: 23322438 | B98: 46238 | C98: 0.45819444 | E98: 5218333662076 | H98: 49805606594 | K98: COMPRA BIMESTRES | L98: 5032.99 | M98: 1277.3 | N98: =L98*0.3 -> 1509.897 | O98: =(IF(L98<4172.98,0,MIN(L98*0.3,L98-4172.98)))-M98 -> -417.29 | P98: 46357 | S98: KARLA | Z98: 2
A99: 23354314 | B99: 46238 | C99: 0.45792824 | E99: 5218993540969 | G99: FETE630212HVZRRD02 | K99: NUEVO MAYOR | L99: 15282.18 | N99: =L99*0.3 -> 4584.654 | O99: =(IF(L99<4172.98,0,MIN(L99*0.3,L99-4172.98)))-M99 -> 4584.654 | S99: MELANIE | T99: 46238 | Z99: 1
A100: 23354946 | B100: 46238 | C100: 0.46452546 | E100: 5218421019932 | H100: 32796141326 | K100: COMPRA MAYOR | L100: 6262.86 | M100: 1737.94 | N100: =L100*0.3 -> 1878.858 | O100: =(IF(L100<4172.98,0,MIN(L100*0.3,L100-4172.98)))-M100 -> 140.918 | P100: 46082 | S100: MAGALI | T100: 46238 | Z100: 2
...

Sheet Etiquetas
A1: ASIGNADO A | B1: ETIQUETA REAL EN KOMMO
A2: ANA | B2: ANA VILLEGAS CIERRES
A3: ANDRE | B3: ANDRE TREVIÑO CIERRES
A4: CAROLINA | B4: CAROLINA RAMIREZ CIERRES
A5: DANIELLY | B5: DANIELLY RODRIGUEZ CIERRES
A6: DULCE | B6: DULCE FRANCO CIERRES
A7: EDNA | B7: EDNA RODRIGUEZ CIERRES
A8: FERNANDA | B8: FERNANDA CASTILLO CIERRES
A9: GABRIELA | B9: GABRIELA SANCHEZ CIERRES
A10: GLORIA | B10: GRLORIA ORTIZ CIERRES
A11: HANIA | B11: HANIA GARCIA CIERRES
A12: HECTOR | B12: HECTOR RODRIGUEZ CIERRES
... A22: PAOLA | B22: PAOLA RODRIGUEZ CIERRES

Sheet ACUMULADO NEGOCIOS
A1: ID Lead | B1: fecha | C1: Hora | D1: Nombre | E1: Telefono | F1: telefono2 | G1: CURP | H1: NSS | I1: Fecha_de_nac | J1: Estado_de_nac | K1: ESTATUS | L1: INFORMEDEPAGO | M1: DESCUENTOS | N1: $0.30 | O1: CAPACIDAD | P1: VENCIMIENTO | Q1: FINANCIERA | R1: MONTO COMPRA | S1: ASIGNADO A
A2: 24154706 | B2: 46266 | C2: 0.41545139 | E2: 5218184674241 | H2: 43866647795 | K2: NUEVO MAYOR | L2: 10636.54 | N2: =L2*0.3 -> 3190.962 | O2: =(IF(L2<4172.98,0,MIN(L2*0.3,L2-4172.98)))-M2 -> 3190.962 | S2: ITZELH
A3: 24155064 | B3: 46266 | C3: 0.41986111 | E3: 5218119766225 | H3: 43826405516 | K3: NUEVO MAYOR | L3: 38440.16 | N3: =L3*0.3 -> 11532.048 | O3: =(IF(L3<4172.98,0,MIN(L3*0.3,L3-4172.98)))-M3 -> 11532.048 | S3: MIRIAM
A4: 24155260 | B4: 46266 | C4: 0.42607639 | D4: JOSE LUIS HERNANDEZ GALVAN | E4: 5218448276340 | G4: HEGL630304HLCRLS06 | H4: 32806376532 | K4: COMPRA MAYOR | L4: 11545.07 | M4: 3205.32 | N4: =L4*0.3 -> 3463.521 | O4: =(IF(L4<4172.98,0,MIN(L4*0.3,L4-4172.98)))-M4 -> 258.201 | P4: 46266 | Q4: INBURSA | R4: 3205.32 | S4: IRASEMA
A5: 24155744 | B5: 46266 | C5: 0.44333333 | E5: 5218332187743 | H5: 4980560549-7 | K5: NUEVO MAYOR | L5: 52406.17 | N5: =L5*0.3 -> 15721.851 | O5: =(IF(L5<4172.98,0,MIN(L5*0.3,L5-4172.98)))-M5 -> 15721.851 | S5: MIRIAM
A6: 24156542 | B6: 46266 | C6: 0.46457176 | E6: 5213334444792 | G6: Saam630902mjcnnr06 | K6: NUEVO MAYOR | L6: =152780.53-127457.79 -> 25322.74 | N6: =L6*0.3 -> 7596.822 | O6: =(IF(L6<4172.98,0,MIN(L6*0.3,L6-4172.98)))-M6 -> 7596.822 | S6: ITZELH
A7: 24156688 | B7: 46266 | C7: 0.46983796 | E7: 5219841467459 | H7: 0675577155-4 | K7: NUEVO MENOR | L7: 5046.19 | N7: =L7*0.3 -> 1513.857 | O7: =(IF(L7<4172.98,0,MIN(L7*0.3,L7-4172.98)))-M7 -> 873.21 | S7: HANIA
A8: 24156958 | B8: 46266 | C8: 0.47414352 | E8: 5218111833089 | G8: MORF651003MNLRDL00 | K8: NUEVO MAYOR | L8: 10636.54 | N8: =L8*0.3 -> 3190.962 | O8: =(IF(L8<4172.98,0,MIN(L8*0.3,L8-4172.98)))-M8 -> 3190.962 | S8: ANA
A9: 24158638 | B9: 46266 | C9: 0.51876157 | D9: Guillermo Duran Lorenzo | E9: 5218110181156 | H9: 43735334849 | K9: NUEVO MENOR | L9: 31962.39 | M9: 8873.12 | N9: =L9*0.3 -> 9588.717 | O9: =(IF(L9<4172.98,0,MIN(L9*0.3,L9-4172.98)))-M9 -> 715.597 | P9: 46419 | Q9: MULTIVA | R9: 8873.12 | S9: HANIA
A10: 24159388 | B10: 46266 | C10: 0.53233796 | D10: José | E10: 5218445025706 | H10: 32816461415 | K10: NUEVO MAYOR | L10: 40832.2 | N10: =L10*0.3 -> 12249.66 | O10: =(IF(L10<4172.98,0,MIN(L10*0.3,L10-4172.98)))-M10 -> 12249.66 | S10: IRASEMA
A11: 24161368 | B11: 46266 | C11: 0.55391204 | E11: 5216644310392 | G11: MOLL640907HVZRBM04 | H11: 67834662357 | K11: NUEVO MAYOR | L11: 11029.03 | N11: =L11*0.3 -> 3308.709 | O11: =(IF(L11<4172.98,0,MIN(L11*0.3,L11-4172.98)))-M11 -> 3308.709 | S11: KARINA
A12: 24161588 | B12: 46266 | C12: 0.56670139 | E12: 5218113887928 | H12: 43 8060 08272 | K12: NUEVO MAYOR | L12: 30669.12 | M12: 3034.58 | N12: =L12*0.3 -> 9200.736 | O12: =(IF(L12<4172.98,0,MIN(L12*0.3,L12-4172.98)))-M12 -> 6166.156 | P12: 46600 | Q12: MULTIVA | R12: 3034.58 | S12: KARINA
A13: 24171110 | B13: 46266 | C13: 0.68592593 | E13: 5216391767613 | G13: GUCE561014MCHRHL04 | K13: NUEVO MAYOR | L13: 10483.8 | M13: 848 | N13: =L13*0.3 -> 3145.14 | O13: =(IF(L13<4172.98,0,MIN(L13*0.3,L13-4172.98)))-M13 -> 2297.14 | S13: MARISOL
A14: 24171284 | B14: 46266 | C14: 0.69449074 | E14: 5216741161016 | G14: SANC650218HDGRVR02 | K14: NUEVO MENOR | L14: 9760.32 | M14: =1651.54+735.36 -> 2386.9 | N14: =L14*0.3 -> 2928.096 | O14: =(IF(L14<4172.98,0,MIN(L14*0.3,L14-4172.98)))-M14 -> 541.196 | P14: 46935 | Q14: DIMEX | R14: 803.54 | S14: HECTOR
A15: 24172054 | B15: 46266 | C15: 0.70646991 | E15: 5216531740815 | H15: 23926510993 | K15: NUEVO MAYOR | L15: =8881.32+879 -> 9760.32 | M15: 879 | N15: =L15*0.3 -> 2928.096 | O15: =(IF(L15<4172.98,0,MIN(L15*0.3,L15-4172.98)))-M15 -> 2049.096 | S15: MARISOL
A16: 24172624 | B16: 46266 | C16: 0.72210648 | E16: 5218128785655 | H16: 43856563408 | K16: NUEVO MAYOR | L16: 21040.93 | M16: 1639.52 | N16: =L16*0.3 -> 6312.279 | O16: =(IF(L16<4172.98,0,MIN(L16*0.3,L16-4172.98)))-M16 -> 4672.759 | P16: 46935 | Q16: FIMUBAC | R16: 692.75 | S16: KARINA
A17: 24172910 | B17: 46266 | C17: 0.73425926 | E17: 5214131415809 | G17: BEMS660208MGTRNL08 | K17: NUEVO MAYOR | L17: 10636.54 | N17: =L17*0.3 -> 3190.962 | O17: =(IF(L17<4172.98,0,MIN(L17*0.3,L17-4172.98)))-M17 -> 3190.962 | S17: DANIELLY
A18: 24174022 | B18: 46266 | C18: 0.75701389 | E18: 5215649941915 | G18: CABC711002HYNSCR01 | K18: COMPRA MENOR | L18: 4998.54 | M18: 511.34 | N18: =L18*0.3 -> 1499.562 | O18: =(IF(L18<4172.98,0,MIN(L18*0.3,L18-4172.98)))-M18 -> 314.22 | P18: 45383 | Q18: DIMEX | R18: 511.34 | S18: HANIA
A19: 24174378 | B19: 46266 | C19: 0.75961806 | D19: DE JESUS VILLANUEVA DOROTEO | E19: 5217411381143 | G19: JEVD430909HGRSLR09 | K19: COMPRA MAYOR | L19: 13159.31 | M19: 2851.99 | N19: =L19*0.3 -> 3947.793 | O19: =(IF(L19<4172.98,0,MIN(L19*0.3,L19-4172.98)))-M19 -> 1095.803 | P19: 45717 | Q19: EXITUS | R19: 2851.99 | S19: ANA
A20: 24174234 | B20: 46266 | C20: 0.76256944 | E20: 5219992506888 | H20: 84846306854 | K20: NUEVO MAYOR | L20: 50623 | N20: =L20*0.3 -> 15186.9 | O20: =(IF(L20<4172.98,0,MIN(L20*0.3,L20-4172.98)))-M20 -> 15186.9 | S20: ITZELH
A21: 24175106 | B21: 46266 | C21: 0.77946759 | E21: 5215530653088 | G21: RURA810909HDFZZN06 | K21: NUEVO MAYOR | L21: 7073.35 | N21: =L21*0.3 -> 2122.005 | O21: =(IF(L21<4172.98,0,MIN(L21*0.3,L21-4172.98)))-M21 -> 2122.005 | S21: FERNANDA
A22: 24175518 | B22: 46266 | C22: 0.79244213 | E22: 5212298581278 | G22: MIVA550510HMCLLN06 | H22: 1735569640 | K22: NUEVO MAYOR | L22: 23364.8 | N22: =L22*0.3 -> 7009.44 | O22: =(IF(L22<4172.98,0,MIN(L22*0.3,L22-4172.98)))-M22 -> 7009.44 | S22: IRASEMA
A23: 24176370 | B23: 46266 | C23: 0.81753472 | E23: 5215537061044 | H23: 19745825505 | K23: NUEVO MAYOR | L23: =7041.51+879 -> 7920.51 | M23: 879 | N23: =L23*0.3 -> 2376.153 | O23: =(IF(L23<4172.98,0,MIN(L23*0.3,L23-4172.98)))-M23 -> 1497.153 | S23: GLORIA
A24: 24176428 | B24: 46266 | C24: 0.82177083 | E24: 5213310204743 | G24: Gohl641002hdfnrs03 | K24: NUEVO MAYOR | L24: 50522.01 | N24: =L24*0.3 -> 15156.603 | O24: =(IF(L24<4172.98,0,MIN(L24*0.3,L24-4172.98)))-M24 -> 15156.603 | S24: MIRIAM
A25: 24176270 | B25: 46266 | C25: 0.82173611 | E25: 5218116555750 | H25: 43796319044 | K25: RESTRINGIDA | L25: 7920.581 | M25: 2081.72 | N25: =L25*0.3 -> 2376.1743 | O25: =(IF(L25<4172.98,0,MIN(L25*0.3,L25-4172.98)))-M25 -> 294.4543 | P25: 46023 | Q25: FISOFO | R25: 2081.72 | S25: DANIELLY
A26: 24177220 | B26: 46266 | C26: 0.85467593 | E26: 5218186835859 | H26: 32917428396 | K26: NUEVO MAYOR | L26: =41204.62-31622.15 -> 9582.47 | N26: =L26*0.3 -> 2874.741 | O26: =(IF(L26<4172.98,0,MIN(L26*0.3,L26-4172.98)))-M26 -> 2874.741 | S26: PAOLA
A27: 24179252 | B27: 46266 | C27: 0.92521991 | E27: 5218714710529 | G27: PuRJ601015HCLNSS07 | K27: RESTRINGIDA | L27: 6460.14 | M27: 786.39 | N27: =L27*0.3 -> 1938.042 | O27: =(IF(L27<4172.98,0,MIN(L27*0.3,L27-4172.98)))-M27 -> 1151.652 | P27: 45809 | Q27: CONSUBANCO | R27: 786.39 | S27: DANIELLY
A28: 24186106 | B28: 46267 | C28: 0.27892361 | E28: 5218711564700 | H28: 33856507042 | K28: NUEVO MAYOR | L28: =8881.32+879 -> 9760.32 | M28: 879 | N28: =L28*0.3 -> 2928.096 | O28: =(IF(L28<4172.98,0,MIN(L28*0.3,L28-4172.98)))-M28 -> 2049.096 | S28: EDNA
A29: 24186924 | B29: 46267 | C29: 0.30706019 | E29: 5212291029648 | H29: 65796045709 | K29: COMPRA MENOR | L29: 28001.73 | M29: 8397.98 | N29: =L29*0.3 -> 8400.519 | O29: =(IF(L29<4172.98,0,MIN(L29*0.3,L29-4172.98)))-M29 -> 2.539 | P29: 46143 | Q29: BANCREA | R29: 360 | S29: HECTOR
A30: 24179126 | B30: 46267 | C30: 0.46449074 | E30: 6561859034 | G30: heaj640614hchrrs02 | H30: 33836434127 | K30: COMPRA MAYOR | L30: 9081.52 | M30: 2518.28 | N30: =L30*0.3 -> 2724.456 | O30: =(IF(L30<4172.98,0,MIN(L30*0.3,L30-4172.98)))-M30 -> 206.176 | P30: 46235 | Q30: INBURSA | R30: 2518.28 | S30: FERNANDA
A31: 24194642 | B31: 46267 | C31: 0.4771412 | E31: 5219911001910 | G31: PECE621027HYNCHR06 | K31: NUEVO MAYOR | L31: 7116.73 | N31: =L31*0.3 -> 2135.019 | O31: =(IF(L31<4172.98,0,MIN(L31*0.3,L31-4172.98)))-M31 -> 2135.019 | S31: PAOLA
A32: 24195644 | B32: 46267 | C32: 0.50653935 | E32: 5216441391798 | G32: LECE620510HSRLLD02 | K32: COMPRA MAYOR | L32: 7116.73 | M32: 1887 | N32: =L32*0.3 -> 2135.019 | O32: =(IF(L32<4172.98,0,MIN(L32*0.3,L32-4172.98)))-M32 -> 248.019 | P32: 45931 | Q32: MULTIVA | R32: 1887 | S32: FERNANDA
A33: 24199408 | B33: 46267 | C33: 0.60513889 | E33: 5218125802778 | H33: 43796074813 | K33: COMPRA MENOR | L33: 6269.7 | M33: 1813.01 | N33: =L33*0.3 -> 1880.91 | O33: =(IF(L33<4172.98,0,MIN(L33*0.3,L33-4172.98)))-M33 -> 67.9 | P33: 45748 | Q33: DIMEX | R33: 355.85 | S33: HANIA
A34: 24199760 | B34: 46267 | C34: 0.62016204 | E34: 5215543747951 | G34: RURR630829MDFZSS09 | K34: NUEVO MAYOR | L34: 9612.19 | N34: =L34*0.3 -> 2883.657 | O34: =(IF(L34<4172.98,0,MIN(L34*0.3,L34-4172.98)))-M34 -> 2883.657 | S34: KARINA
A35: 24199870 | B35: 46267 | C35: 0.62028935 | E35: 5215562169296 | G35: SOBR570919HMCTNG04 | K35: RESTRINGIDA | L35: 10247.51 | M35: 2964 | N35: =L35*0.3 -> 3074.253 | O35: =(IF(L35<4172.98,0,MIN(L35*0.3,L35-4172.98)))-M35 -> 110.253 | P35: 46204 | Q35: CONSUBANCO | R35: 2232.8 | S35: DANIELLY
A36: 24200274 | B36: 46267 | C36: 0.63262731 | E36: 5212221150207 | H36: 62806241899 | K36: RESTRINGIDA | L36: 7116.73 | M36: 516.92 | N36: =L36*0.3 -> 2135.019 | O36: =(IF(L36<4172.98,0,MIN(L36*0.3,L36-4172.98)))-M36 -> 1618.099 | P36: 45748 | Q36: CONSUBANCO | R36: 516.92 | S36: DANIELLY
A37: 24200472 | B37: 46267 | C37: 0.63975694 | E37: 5218136084482 | G37: VIFA640701HTSLLR03 | K37: NUEVO MAYOR | L37: 10636.54 | N37: =L37*0.3 -> 3190.962 | O37: =(IF(L37<4172.98,0,MIN(L37*0.3,L37-4172.98)))-M37 -> 3190.962 | S37: IRASEMA
A38: 24200638 | B38: 46267 | C38: 0.64934028 | D38: GUILLERMO TALAVERA SILVA | E38: 5212711269633 | G38: TASM590502HVZLLL08 | H38: 67775921397 | K38: NUEVO MENOR | L38: 4813.69 | N38: =L38*0.3 -> 1444.107 | O38: =(IF(L38<4172.98,0,MIN(L38*0.3,L38-4172.98)))-M38 -> 640.71 | S38: HECTOR
A39: 24201574 | B39: 46267 | C39: 0.67907407 | E39: 5215561277808 | H39: 3992630961-6 | K39: NUEVO MAYOR | L39: =42546.16-31909.62 -> 10636.54 | N39: =L39*0.3 -> 3190.962 | O39: =(IF(L39<4172.98,0,MIN(L39*0.3,L39-4172.98)))-M39 -> 3190.962 | S39: ITZELH
A40: 24201552 | B40: 46267 | C40: 0.67946759 | E40: 5217228677012 | G40: FALR490113HDFRNF09 | K40: COMPRA MAYOR | L40: 13266.31 | M40: 3461.12 | N40: =L40*0.3 -> 3979.893 | O40: =(IF(L40<4172.98,0,MIN(L40*0.3,L40-4172.98)))-M40 -> 518.773 | P40: 46054 | Q40: PROFUTURO | R40: 2353.61 | S40: CAROLINA
A41: 24202298 | B41: 46267 | C41: 0.70357639 | E41: 5216674049471 | G41: COBJ641211HSLRLR06 | K41: NUEVO MAYOR | L41: 23694.92 | M41: 2013.3 | N41: =L41*0.3 -> 7108.476 | O41: =(IF(L41<4172.98,0,MIN(L41*0.3,L41-4172.98)))-M41 -> 5095.176 | P41: 46935 | Q41: INBURSA | R41: 2013.83 | S41: KARINA
A42: 24202672 | B42: 46267 | C42: 0.71866898 | E42: 5218671006954 | H42: 49886983920 | K42: COMPRA MAYOR | L42: 5661.66 | M42: 1372.94 | N42: =L42*0.3 -> 1698.498 | O42: =(IF(L42<4172.98,0,MIN(L42*0.3,L42-4172.98)))-M42 -> 115.74 | P42: 46235 | Q42: PROFUTURO | R42: 1372.94 | S42: EDNA
A43: 24203114 | B43: 46267 | C43: 0.73771991 | E43: 5215651620763 | H43: 64856624321 | K43: NUEVO MAYOR | L43: 9760.32 | M43: 879 | N43: =L43*0.3 -> 2928.096 | O43: =(IF(L43<4172.98,0,MIN(L43*0.3,L43-4172.98)))-M43 -> 2049.096 | S43: GLORIA
A44: 24203302 | B44: 46267 | C44: 0.74674769 | E44: 5216413260487 | H44: 23775706205 | K44: NUEVO MAYOR | L44: 9081.52 | N44: =L44*0.3 -> 2724.456 | O44: =(IF(L44<4172.98,0,MIN(L44*0.3,L44-4172.98)))-M44 -> 2724.456 | S44: ANA
A45: 24203454 | B45: 46267 | C45: 0.74996528 | E45: 5213141025455 | H45: 52845801431 | K45: NUEVO MAYOR | L45: 41541.58 | M45: 1315.26 | N45: =L45*0.3 -> 12462.474 | O45: =(IF(L45<4172.98,0,MIN(L45*0.3,L45-4172.98)))-M45 -> 11147.214 | P45: 46204 | Q45: MULTIVA | R45: 1315.26 | S45: ITZELH
A46: 24203902 | B46: 46267 | C46: 0.7553125 | E46: 5218948468176 | G46: CACJ640217HCLMSR00 | K46: COMPRA MAYOR | L46: 11813.87 | M46: 1955.8 | N46: =L46*0.3 -> 3544.161 | O46: =(IF(L46<4172.98,0,MIN(L46*0.3,L46-4172.98)))-M46 -> 1588.361 | P46: 46143 | Q46: GFI APOYO | R46: 1955.8 | S46: EDNA
A47: 24203936 | B47: 46267 | C47: 0.76009259 | E47: 5213311902269 | H47: 0487644910-1 | K47: NUEVO MAYOR | L47: 9081.52 | N47: =L47*0.3 -> 2724.456 | O47: =(IF(L47<4172.98,0,MIN(L47*0.3,L47-4172.98)))-M47 -> 2724.456 | S47: ANA
A48: 24204370 | B48: 46267 | C48: 0.77762731 | E48: 5218711618300 | F48: 1 | H48: 32796236142 | K48: RESTRINGIDA | L48: 28020.9 | M48: 7374.36 | N48: =L48*0.3 -> 8406.27 | O48: =(IF(L48<4172.98,0,MIN(L48*0.3,L48-4172.98)))-M48 -> 1031.91 | P48: 46054 | Q48: CONSUBANCO | R48: 8406.27 | S48: DANIELLY
A49: 24205238 | B49: 46267 | C49: 0.8177662 | E49: 5214441596083 | F49: 1 | H49: 4183621000-9 | K49: RESTRINGIDA | L49: 6390.8 | M49: 1917.17 | N49: =L49*0.3 -> 1917.24 | O49: =(IF(L49<4172.98,0,MIN(L49*0.3,L49-4172.98)))-M49 -> 0.07 | P49: 45717 | Q49: CONSUBANCO | R49: 1408.17 | S49: DULCE
A50: 24205382 | B50: 46267 | C50: 0.82530093 | E50: 5216462476311 | F50: 1 | G50: Gors570817 hbcnmr00 | K50: NUEVO MAYOR | L50: 11029.03 | N50: =L50*0.3 -> 3308.709 | O50: =(IF(L50<4172.98,0,MIN(L50*0.3,L50-4172.98)))-M50 -> 3308.709 | S50: ITZELH
A51: 24205474 | B51: 46267 | C51: 0.82836806 | E51: 5216862375265 | F51: 1 | H51: 21927573184 | K51: RESTRINGIDA | L51: 5629.77 | M51: 1348.18 | N51: =L51*0.3 -> 1688.931 | O51: =(IF(L51<4172.98,0,MIN(L51*0.3,L51-4172.98)))-M51 -> 108.61 | P51: 46235 | Q51: FISOFO | R51: 1688.93 | S51: DULCE
A52: 24207464 | B52: 46268 | C52: 0.028148148 | E52: 5216144963769 | H52: 33796160415 | K52: NUEVO MAYOR | L52: 5918.41 | N52: =L52*0.3 -> 1775.523 | O52: =(IF(L52<4172.98,0,MIN(L52*0.3,L52-4172.98)))-M52 -> 1745.43 | S52: GLORIA
A53: 24213502 | B53: 46268 | C53: 0.33512731 | D53: DOMÍNGUEZ MARTÍNEZ JUAN CARLOS | E53: 5218701493453 | G53: DOMJ650308HDGMRN06 | H53: 32896503276 | K53: NUEVO MENOR | L53: 9760.32 | M53: 1974.6 | N53: =L53*0.3 -> 2928.096 | O53: =(IF(L53<4172.98,0,MIN(L53*0.3,L53-4172.98)))-M53 -> 953.496 | P53: 46600 | Q53: INBURSA | R53: 1513.78 | S53: HECTOR
A54: 24215910 | B54: 46268 | C54: 0.39384259 | D54: NOE ABELINO LLANDEZ VASQUEZ | E54: 5212381712916 | G54: LAVN661110HOCLSX04 | H54: 6285620498 | K54: COMPRA MAYOR | L54: 7128.48 | M54: 1977.07 | N54: =L54*0.3 -> 2138.544 | O54: =(IF(L54<4172.98,0,MIN(L54*0.3,L54-4172.98)))-M54 -> 161.474 | P54: 46054 | Q54: EXITUS | R54: 1977.07 | S54: CAROLINA
A55: 24216578 | B55: 46268 | C55: 0.41084491 | E55: 5215577205660 | H55: 9094773870-5 | K55: NUEVO MAYOR | L55: 7320.67 | N55: =L55*0.3 -> 2196.201 | O55: =(IF(L55<4172.98,0,MIN(L55*0.3,L55-4172.98)))-M55 -> 2196.201 | S55: PAOLA
A56: 24218364 | B56: 46268 | C56: 0.45028935 | E56: 5215558188398 | H56: 19856610704 | K56: NUEVO MAYOR | L56: 47411.35 | N56: =L56*0.3 -> 14223.405 | O56: =(IF(L56<4172.98,0,MIN(L56*0.3,L56-4172.98)))-M56 -> 14223.405 | S56: IRASEMA
A57: 24217770 | B57: 46268 | C57: 0.45420139 | D57: Palacio Estevez Jesús | E57: 5215544794862 | G57: PAEJ640529HDFLSS06 | K57: NUEVO MAYOR | L57: 9760.32 | N57: =L57*0.3 -> 2928.096 | O57: =(IF(L57<4172.98,0,MIN(L57*0.3,L57-4172.98)))-M57 -> 2928.096 | S57: ANA
A58: 24218744 | B58: 46268 | C58: 0.46266204 | E58: 5218711374448 | G58: Viml640303HDGLRS08 | K58: NUEVO MAYOR | L58: 9081.52 | N58: =L58*0.3 -> 2724.456 | O58: =(IF(L58<4172.98,0,MIN(L58*0.3,L58-4172.98)))-M58 -> 2724.456 | S58: MIRIAM
A59: 24218814 | B59: 46268 | C59: 0.46653935 | E59: 5215585411534 | H59: 11715512494 | K59: COMPRA MENOR | L59: 5467.47 | M59: 1197 | N59: =L59*0.3 -> 1640.241 | O59: =(IF(L59<4172.98,0,MIN(L59*0.3,L59-4172.98)))-M59 -> 97.49 | P59: 46235 | Q59: BARACAF | R59: 1197 | S59: HECTOR
A60: 24219430 | B60: 46268 | C60: 0.47215278 | E60: 5219999099755 | H60: 8485660969-2 | K60: NUEVO MAYOR | L60: =9757.54+879 -> 10636.54 | M60: 879 | N60: =L60*0.3 -> 3190.962 | O60: =(IF(L60<4172.98,0,MIN(L60*0.3,L60-4172.98)))-M60 -> 2311.962 | S60: PAOLA
A61: 24219458 | B61: 46268 | C61: 0.47251157 | E61: 5217772325747 | H61: 15846616496 | K61: NUEVO MAYOR | L61: 23492.45 | N61: =L61*0.3 -> 7047.735 | O61: =(IF(L61<4172.98,0,MIN(L61*0.3,L61-4172.98)))-M61 -> 7047.735 | S61: MIRIAM
A62: 24220162 | B62: 46268 | C62: 0.48950231 | E62: 5218111315588 | G62: REGJ700109HNLYNL04 | K62: NUEVO MAYOR | L62: =6042.27+848 -> 6890.27 | M62: 848 | N62: =L62*0.3 -> 2067.081 | O62: =(IF(L62<4172.98,0,MIN(L62*0.3,L62-4172.98)))-M62 -> 1219.081 | S62: KARINA
A63: 24220100 | B63: 46268 | C63: 0.494375 | E63: 5219981049803 | H63: 82826413443 | K63: NUEVO MAYOR | L63: 11029.03 | N63: =L63*0.3 -> 3308.709 | O63: =(IF(L63<4172.98,0,MIN(L63*0.3,L63-4172.98)))-M63 -> 3308.709 | S63: ITZELH
A64: 24220278 | B64: 46268 | C64: 0.49753472 | D64: VICTOR APOLONIO | E64: 5214781053874 | G64: HERV610329HMCRSC03 | H64: 92946101083 | K64: RESTRINGIDA | L64: 8059.64 | M64: 1977.45 | N64: =L64*0.3 -> 2417.892 | O64: =(IF(L64<4172.98,0,MIN(L64*0.3,L64-4172.98)))-M64 -> 440.442 | P64: 45627 | Q64: CONSUBANCO | R64: 1977.45 | S64: DULCE
A65: 24220508 | B65: 46268 | C65: 0.50517361 | E65: 5215520721882 | H65: 88806209545 | K65: NUEVO MAYOR | L65: 14151.18 | N65: =L65*0.3 -> 4245.354 | O65: =(IF(L65<4172.98,0,MIN(L65*0.3,L65-4172.98)))-M65 -> 4245.354 | S65: IRASEMA
A66: 24221258 | B66: 46268 | C66: 0.52482639 | E66: 5215646794204 | H66: 8882641887-8 | K66: COMPRA MAYOR | L66: 9081.52 | M66: 2520.37 | N66: =L66*0.3 -> 2724.456 | O66: =(IF(L66<4172.98,0,MIN(L66*0.3,L66-4172.98)))-M66 -> 204.086 | P66: 46204 | Q66: EXITUS | R66: 2520.37 | S66: ANA
A67: 24221396 | B67: 46268 | C67: 0.5315625 | E67: 5212412397202 | H67: 0176570429 9 | K67: NUEVO MENOR | L67: 8539.89 | M67: 1723.89 | N67: =L67*0.3 -> 2561.967 | O67: =(IF(L67<4172.98,0,MIN(L67*0.3,L67-4172.98)))-M67 -> 838.077 | P67: 46935 | Q67: CONSUBANCO | R67: 1723.89 | S67: HANIA
A68: 24221740 | B68: 46268 | C68: 0.53202546 | E68: 5216391618866 | H68: 4980632120 1 | K68: NUEVO MAYOR | L68: 7920.51 | N68: =L68*0.3 -> 2376.153 | O68: =(IF(L68<4172.98,0,MIN(L68*0.3,L68-4172.98)))-M68 -> 2376.153 | S68: CAROLINA
A69: 24221968 | B69: 46268 | C69: 0.5365162 | H69: 31887033962 | K69: COMPRA MAYOR | L69: 6411.47 | M69: 1776.98 | N69: =L69*0.3 -> 1923.441 | O69: =(IF(L69<4172.98,0,MIN(L69*0.3,L69-4172.98)))-M69 -> 146.461 | P69: 46266 | Q69: PROFUTURO | R69: 1776.98 | S69: EDNA
A70: 24222262 | B70: 46268 | C70: 0.54833333 | E70: 5218112132273 | H70: 43866808165 | K70: NUEVO MAYOR | L70: 7913.78 | N70: =L70*0.3 -> 2374.134 | O70: =(IF(L70<4172.98,0,MIN(L70*0.3,L70-4172.98)))-M70 -> 2374.134 | S70: GLORIA
A71: 24222542 | B71: 46268 | C71: 0.55905093 | E71: 17846309288 | H71: 17846309288 | K71: NUEVO MAYOR | L71: 10636.54 | N71: =L71*0.3 -> 3190.962 | O71: =(IF(L71<4172.98,0,MIN(L71*0.3,L71-4172.98)))-M71 -> 3190.962 | S71: ITZELH
A72: 24223596 | B72: 46268 | C72: 0.58078704 | E72: 5219933601985 | H72: 83816436386 | K72: NUEVO MAYOR | L72: 12084.32 | N72: =L72*0.3 -> 3625.296 | O72: =(IF(L72<4172.98,0,MIN(L72*0.3,L72-4172.98)))-M72 -> 3625.296 | S72: IRASEMA
A73: 24223410 | B73: 46268 | C73: 0.58587963 | E73: 5216442099980 | H73: 5794762887-1 | K73: NUEVO MENOR | L73: 5017.5 | M73: 439.62 | N73: =L73*0.3 -> 1505.25 | O73: =(IF(L73<4172.98,0,MIN(L73*0.3,L73-4172.98)))-M73 -> 404.9 | P73: 46966 | Q73: FORTALEZA | R73: 439.62 | S73: HANIA
A74: 24224150 | B74: 46268 | C74: 0.59703704 | E74: 5214151446284 | H74: 10856332381 | K74: NUEVO MENOR | L74: 28845.23 | M74: 8341.84 | N74: =L74*0.3 -> 8653.569 | O74: =(IF(L74<4172.98,0,MIN(L74*0.3,L74-4172.98)))-M74 -> 311.729 | P74: 46692 | Q74: LIBERTAD | R74: 8341.84 | S74: HANIA
A75: 24224344 | B75: 46268 | C75: 0.60686343 | E75: 5215548531711 | H75: 06816213984 | K75: RESTRINGIDA | L75: 12564.26 | M75: 3323.97 | N75: =L75*0.3 -> 3769.278 | O75: =(IF(L75<4172.98,0,MIN(L75*0.3,L75-4172.98)))-M75 -> 445.308 | P75: 45839 | Q75: CONSUBANCO | R75: 3323.97 | S75: DULCE
A76: 24226154 | B76: 46268 | C76: 0.62258102 | E76: 5215621714633 | H76: 17826020459 | K76: NUEVO MAYOR | L76: 10636.54 | N76: =L76*0.3 -> 3190.962 | O76: =(IF(L76<4172.98,0,MIN(L76*0.3,L76-4172.98)))-M76 -> 3190.962 | S76: IRASEMA
A77: 24226360 | B77: 46268 | C77: 0.62967593 | E77: 5218994268879 | G77: CAOA950520HMNSRL00 | K77: NUEVO MAYOR | L77: 6947.65 | N77: =L77*0.3 -> 2084.295 | O77: =(IF(L77<4172.98,0,MIN(L77*0.3,L77-4172.98)))-M77 -> 2084.295 | S77: CAROLINA
A78: 24226318 | B78: 46268 | C78: 0.63018519 | E78: 5216311771472 | G78: LAML620613MSLLLC02 | K78: COMPRA MENOR | L78: 7116.7 | M78: 1320.58 | N78: =L78*0.3 -> 2135.01 | O78: =(IF(L78<4172.98,0,MIN(L78*0.3,L78-4172.98)))-M78 -> 814.43 | P78: 46143 | Q78: BANCREA | R78: 880.27 | S78: HECTOR
A79: 24229380 | B79: 46268 | C79: 0.74256944 | E79: 5219991582469 | G79: SAPO610428HOCNCD09 | K79: NUEVO MAYOR | L79: 8539.89 | N79: =L79*0.3 -> 2561.967 | O79: =(IF(L79<4172.98,0,MIN(L79*0.3,L79-4172.98)))-M79 -> 2561.967 | S79: IRASEMA
A80: 24229996 | B80: 46268 | C80: 0.7703125 | E80: 5215648842502 | G80: OEMG611202HMCRGN06 | H80: 6796104096 | K80: NUEVO MAYOR | L80: 38631.31 | N80: =L80*0.3 -> 11589.393 | O80: =(IF(L80<4172.98,0,MIN(L80*0.3,L80-4172.98)))-M80 -> 11589.393 | S80: ANA
A81: 24241430 | B81: 46269 | C81: 0.37201389 | E81: 5214271171411 | G81: LOLM611003MQTPNR04 | K81: NUEVO MAYOR | L81: 6262.86 | N81: =L81*0.3 -> 1878.858 | O81: =(IF(L81<4172.98,0,MIN(L81*0.3,L81-4172.98)))-M81 -> 1878.858 | S81: KARINA
A82: 24242012 | B82: 46269 | C82: 0.37319444 | E82: 5218187073102 | H82: 43896224219 | K82: COMPRA MENOR | L82: 8270.24 | M82: 2392.78 | N82: =L82*0.3 -> 2481.072 | O82: =(IF(L82<4172.98,0,MIN(L82*0.3,L82-4172.98)))-M82 -> 88.292 | P82: 45931 | Q82: FORTALEZA | R82: 576.47 | S82: HANIA
A83: 24243554 | B83: 46269 | C83: 0.40658565 | E83: 5212711349180 | H83: 67846152279 | K83: RESTRINGIDA | L83: 6262.86 | M83: 1651.41 | N83: =L83*0.3 -> 1878.858 | O83: =(IF(L83<4172.98,0,MIN(L83*0.3,L83-4172.98)))-M83 -> 227.448 | P83: 45778 | Q83: CONSUBANCO | R83: 1651.41 | S83: DULCE
A84: 24243982 | B84: 46269 | C84: 0.42959491 | E84: 5217444075710 | H84: 72816325863 | K84: NUEVO MAYOR | L84: 6270 | N84: =L84*0.3 -> 1881 | O84: =(IF(L84<4172.98,0,MIN(L84*0.3,L84-4172.98)))-M84 -> 1881 | S84: CAROLINA
A85: 24245026 | B85: 46269 | C85: 0.44756944 | E85: 5217775914098 | H85: 16836403408 | K85: NUEVO MAYOR | L85: 9081.52 | N85: =L85*0.3 -> 2724.456 | O85: =(IF(L85<4172.98,0,MIN(L85*0.3,L85-4172.98)))-M85 -> 2724.456 | S85: ITZEL CARRANZA
A86: 24245628 | B86: 46269 | C86: 0.46361111 | E86: 5218117032781 | H86: 43927326207 | K86: NUEVO MAYOR | L86: 15275.98 | N86: =L86*0.3 -> 4582.794 | O86: =(IF(L86<4172.98,0,MIN(L86*0.3,L86-4172.98)))-M86 -> 4582.794 | S86: GLORIA
A87: 24246328 | B87: 46269 | C87: 0.48856481 | E87: 5217447010425 | H87: 72856646848 | K87: NUEVO MAYOR | L87: 10636.54 | N87: =L87*0.3 -> 3190.962 | O87: =(IF(L87<4172.98,0,MIN(L87*0.3,L87-4172.98)))-M87 -> 3190.962 | S87: GLORIA
A88: 24246764 | B88: 46269 | C88: 0.49916667 | E88: 5216647087165 | H88: 67806417472 | K88: NUEVO MENOR | L88: 5877.47 | M88: 550.1 | N88: =L88*0.3 -> 1763.241 | O88: =(IF(L88<4172.98,0,MIN(L88*0.3,L88-4172.98)))-M88 -> 1154.39 | P88: 46935 | Q88: CONSUPAGO | R88: 366.19 | S88: HECTOR
A89: 24249094 | B89: 46269 | C89: 0.56584491 | E89: 5216682330647 | H89: 23916728035 | K89: NUEVO MAYOR | L89: 6411.47 | N89: =L89*0.3 -> 1923.441 | O89: =(IF(L89<4172.98,0,MIN(L89*0.3,L89-4172.98)))-M89 -> 1923.441 | S89: CAROLINA
A90: 24249652 | B90: 46269 | C90: 0.57984954 | E90: 5219223224886 | H90: 67775908436 | K90: NUEVO MENOR | L90: 5661.69 | M90: 848 | N90: =L90*0.3 -> 1698.507 | O90: =(IF(L90<4172.98,0,MIN(L90*0.3,L90-4172.98)))-M90 -> 640.71 | S90: HANIA
A91: 24252242 | B91: 46269 | C91: 0.67467593 | E91: 5216143516471 | H91: 3197761207-1 | K91: NUEVO MAYOR | L91: 7135.6 | M91: 732.38 | N91: =L91*0.3 -> 2140.68 | O91: =(IF(L91<4172.98,0,MIN(L91*0.3,L91-4172.98)))-M91 -> 1408.3 | P91: 46935 | Q91: CONSUPAGO | R91: 732.38 | S91: KARINA
A92: 24252178 | B92: 46269 | C92: 0.6759838 | E92: 5214492135797 | G92: ROOJ690213MSLBLN00 | H92: 51806002369 | K92: NUEVO MAYOR | L92: 5617.63 | N92: =L92*0.3 -> 1685.289 | O92: =(IF(L92<4172.98,0,MIN(L92*0.3,L92-4172.98)))-M92 -> 1444.65 | S92: EDNA
A93: 24252674 | B93: 46269 | C93: 0.68668981 | E93: 5214611354941 | G93: MECF650422HGTNSL06 | K93: NUEVO MAYOR | L93: 25665.59 | N93: =L93*0.3 -> 7699.677 | O93: =(IF(L93<4172.98,0,MIN(L93*0.3,L93-4172.98)))-M93 -> 7699.677 | S93: DANIELLY
A94: 24254140 | B94: 46269 | C94: 0.73483796 | E94: 5219992454203 | H94: 42856512738 | K94: NUEVO MAYOR | L94: 10636.54 | N94: =L94*0.3 -> 3190.962 | O94: =(IF(L94<4172.98,0,MIN(L94*0.3,L94-4172.98)))-M94 -> 3190.962 | S94: DANIELLY
A95: 24254602 | B95: 46269 | C95: 0.75618056 | E95: 5213123046161 | H95: 54845843512 | K95: RESTRINGIDA | L95: 32952.33 | M95: 9884.7 | N95: =L95*0.3 -> 9885.699 | O95: =(IF(L95<4172.98,0,MIN(L95*0.3,L95-4172.98)))-M95 -> 0.999 | P95: 46266 | Q95: CONSUPAGO | R95: 9148.7 | S95: DANIELLY
A96: 24254618 | B96: 46269 | C96: 0.75813657 | H96: 01543826075 | K96: NUEVO MAYOR | L96: 6405.06 | N96: =L96*0.3 -> 1921.518 | O96: =(IF(L96<4172.98,0,MIN(L96*0.3,L96-4172.98)))-M96 -> 1921.518 | S96: GABRIELA
A97: 24256640 | B97: 46269 | C97: 0.85608796 | D97: J. Jesús Duran Guerra | E97: 5214423424279 | G97: DUGJ680806HGTRRS01 | H97: 1286687883-3 | K97: NUEVO MAYOR | L97: 6239.68 | N97: =L97*0.3 -> 1871.904 | O97: =(IF(L97<4172.98,0,MIN(L97*0.3,L97-4172.98)))-M97 -> 1871.904 | S97: EDNA
A98: 24257216 | B98: 46269 | C98: 0.87747685 | E98: 5216143395520 | H98: 33816488010 | K98: NUEVO MAYOR | L98: 5465.89 | N98: =L98*0.3 -> 1639.767 | O98: =(IF(L98<4172.98,0,MIN(L98*0.3,L98-4172.98)))-M98 -> 1292.91 | S98: EDNA
A99: 24258116 | B99: 46269 | C99: 0.97355324 | E99: 5216621027546 | H99: 24735709156 | K99: NUEVO MAYOR | L99: 29639.04 | M99: 2423.76 | N99: =L99*0.3 -> 8891.712 | O99: =(IF(L99<4172.98,0,MIN(L99*0.3,L99-4172.98)))-M99 -> 6467.952 | P99: 46935 | Q99: INBURSA | R99: 2423.76 | S99: ANA
A100: 24258262 | B100: 46269 | C100: 0.99534722 | E100: 5214775748416 | G100: OOCA660510HGTRLN05 | K100: NUEVO MENOR | L100: 9760.32 | M100: 1770.78 | N100: =L100*0.3 -> 2928.096 | O100: =(IF(L100<4172.98,0,MIN(L100*0.3,L100-4172.98)))-M100 -> 1157.316 | P100: 46935 | Q100: MULTIVA | R100: 1770.78 | S100: HECTOR
...

Sheet Hoja6
A1: Fecha asignacion | B1: 46294
A3: Recuento de ESTATUS | B3: ESTATUS
A4: Asignado | B4: COMPRA MAYOR | C4: NUEVO MAYOR | D4: NUEVO MENOR | E4: RESTRINGIDA | F4: Total general
A5: IRASEMA | D5: 2 | F5: 2
A6: ITZEL CARRANZA | B6: 1 | C6: 1 | F6: 2
A7: MAYTE | C7: 1 | F7: 1
A8: BEATRIZ | D8: 4 | F8: 4
A9: GUADALUPE | E9: 1 | F9: 1
A10: LUZ | C10: 2 | F10: 2
A11: JAEL | C11: 1 | F11: 1
A12: Total general | B12: 1 | C12: 5 | D12: 6 | E12: 1 | F12: 13

Sheet ASIGNACIONES
A1: LEAD | B1: TELEFONO | C1: ESTATUS | D1: INFORMEDEPAGO | E1: DESCUENTOS | F1: $0.30 | G1: CAPACIDAD | H1: VENCIMIENTO | I1: FINANCIERA | J1: Monto compra | K1: Asignado | L1: Fecha asignacion
A2: 23726144 | B2: 5219541548449 | C2: NUEVO MENOR | D2: 15280.15 | E2: 4046.08 | F2: =D2*0.3 -> 4584.045 | G2: =(IF(D2<4172.98,0,MIN(D2*0.3,D2-4172.98)))-E2 -> 537.965 | K2: HECTOR | L2: 46253
A3: 23756661 | B3: 5214776735685 | C3: NUEVO MAYOR | D3: 9290.75 | F3: =D3*0.3 -> 2787.225 | G3: =(IF(D3<4172.98,0,MIN(D3*0.3,D3-4172.98)))-E3 -> 2787.225 | K3: MELANIE | L3: 46253
A4: 23706370 | B4: 6444470845 | C4: NUEVO MAYOR | D4: 9760.32 | F4: =D4*0.3 -> 2928.096 | G4: =(IF(D4<4172.98,0,MIN(D4*0.3,D4-4172.98)))-E4 -> 2928.096 | K4: ITZEL CARRANZA | L4: 46253
A5: 23761287 | B5: 8124440400 | C5: COMPRA MAYOR | D5: 8592.73 | E5: 2385.73 | F5: =D5*0.3 -> 2577.819 | G5: =(IF(D5<4172.98,0,MIN(D5*0.3,D5-4172.98)))-E5 -> 192.089 | H5: 46235 | K5: MELANIE | L5: 46253
A6: 23762769 | B6: 5212221625726 | C6: NUEVO MAYOR | D6: 21036.47 | E6: 1533.09 | F6: =D6*0.3 -> 6310.941 | G6: =(IF(D6<4172.98,0,MIN(D6*0.3,D6-4172.98)))-E6 -> 4777.851 | H6: 46447 | K6: ANA | L6: 46253
A7: 23742131 | B7: 5216145090575 | C7: NUEVO MAYOR | D7: =88669.49-80969.29 -> 7700.2 | F7: =D7*0.3 -> 2310.06 | G7: =(IF(D7<4172.98,0,MIN(D7*0.3,D7-4172.98)))-E7 -> 2310.06 | K7: PAOLA | L7: 46253
A8: 23757641 | B8: 5212225682011 | C8: NUEVO MAYOR | D8: 9760.32 | F8: =D8*0.3 -> 2928.096 | G8: =(IF(D8<4172.98,0,MIN(D8*0.3,D8-4172.98)))-E8 -> 2928.096 | K8: ITZEL CARRANZA | L8: 46253
A9: 23766780 | B9: 2721532069 | C9: NUEVO MENOR | D9: 5617.63 | E9: 1000 | F9: =D9*0.3 -> 1685.289 | G9: =(IF(D9<4172.98,0,MIN(D9*0.3,D9-4172.98)))-E9 -> 444.65 | H9: 46722 | K9: HECTOR | L9: 46253
A10: 23763509 | B10: 5213312837635 | C10: RESTRINGIDA | D10: 4172.53 | E10: 375 | F10: =D10*0.3 -> 1251.759 | G10: =(IF(D10<4172.98,0,MIN(D10*0.3,D10-4172.98)))-E10 -> -375 | H10: 46204 | I10: CONSUBANCO | K10: DANIELLY | L10: 46253
A11: 23770102 | B11: 5213320114300 | C11: NUEVO MAYOR | D11: 13720.49 | F11: =D11*0.3 -> 4116.147 | G11: =(IF(D11<4172.98,0,MIN(D11*0.3,D11-4172.98)))-E11 -> 4116.147 | K11: DANIELLY | L11: 46253
A12: 23769606 | B12: 3122727690 | C12: COMPRA MENOR | D12: 4813.69 | E12: 592.94 | F12: =D12*0.3 -> 1444.107 | G12: =(IF(D12<4172.98,0,MIN(D12*0.3,D12-4172.98)))-E12 -> 47.77 | H12: 46174 | K12: HECTOR | L12: 46253
A13: 23772894 | B13: 5217441786998 | C13: RESTRINGIDA | D13: 10266.12 | E13: 2516.68 | F13: =D13*0.3 -> 3079.836 | G13: =(IF(D13<4172.98,0,MIN(D13*0.3,D13-4172.98)))-E13 -> 563.156 | H13: 45505 | I13: FISOFO | J13: 2516.68 | K13: DANIELLY | L13: 46253
A14: 23760627 | B14: 3312602707 | C14: NUEVO MENOR | D14: 4938.19 | F14: =D14*0.3 -> 1481.457 | G14: =(IF(D14<4172.98,0,MIN(D14*0.3,D14-4172.98)))-E14 -> 765.21 | K14: HANIA | L14: 46253
A15: 23737786 | C15: NUEVO MENOR | D15: =5460.44+818.69 -> 6279.13 | E15: 818.69 | F15: =D15*0.3 -> 1883.739 | G15: =(IF(D15<4172.98,0,MIN(D15*0.3,D15-4172.98)))-E15 -> 1065.049 | H15: 46692 | I15: INBURSA | J15: 818.69 | K15: HANIA | L15: 46253
A16: 23737964 | C16: NUEVO MAYOR | D16: 10636.54 | F16: =D16*0.3 -> 3190.962 | G16: =(IF(D16<4172.98,0,MIN(D16*0.3,D16-4172.98)))-E16 -> 3190.962 | K16: MAGALI | L16: 46253
A17: 23738744 | C17: NUEVO MAYOR | D17: 8179.32 | F17: =D17*0.3 -> 2453.796 | G17: =(IF(D17<4172.98,0,MIN(D17*0.3,D17-4172.98)))-E17 -> 2453.796 | K17: MELANIE | L17: 46253
A18: 23739672 | C18: NUEVO MAYOR | D18: 16623.22 | F18: =D18*0.3 -> 4986.966 | G18: =(IF(D18<4172.98,0,MIN(D18*0.3,D18-4172.98)))-E18 -> 4986.966 | K18: MIRIAM | L18: 46253
A19: 23740390 | C19: NUEVO MAYOR | D19: 9760.32 | F19: =D19*0.3 -> 2928.096 | G19: =(IF(D19<4172.98,0,MIN(D19*0.3,D19-4172.98)))-E19 -> 2928.096 | K19: ANA | L19: 46253
A20: 23740420 | C20: NUEVO MAYOR | D20: 7920.51 | F20: =D20*0.3 -> 2376.153 | G20: =(IF(D20<4172.98,0,MIN(D20*0.3,D20-4172.98)))-E20 -> 2376.153 | K20: ITZEL CARRANZA | L20: 46253
A21: 23741302 | C21: NUEVO MAYOR | D21: 5869.14 | F21: =D21*0.3 -> 1760.742 | G21: =(IF(D21<4172.98,0,MIN(D21*0.3,D21-4172.98)))-E21 -> 1696.16 | K21: GLORIA | L21: 46253
A22: 23744477 | C22: NUEVO MAYOR | D22: 5427.74 | F22: =D22*0.3 -> 1628.322 | G22: =(IF(D22<4172.98,0,MIN(D22*0.3,D22-4172.98)))-E22 -> 1254.76 | K22: GLORIA | L22: 46253
A23: 23750439 | C23: NUEVO MENOR | D23: 4990.99 | F23: =D23*0.3 -> 1497.297 | G23: =(IF(D23<4172.98,0,MIN(D23*0.3,D23-4172.98)))-E23 -> 818.01 | K23: HECTOR | L23: 46253
A24: 23758273 | C24: COMPRA MAYOR | D24: =5764.33+1876.19 -> 7640.52 | E24: 1876.19 | F24: =D24*0.3 -> 2292.156 | G24: =(IF(D24<4172.98,0,MIN(D24*0.3,D24-4172.98)))-E24 -> 415.966 | H24: 45597 | I24: BANCREA | J24: 1876.19 | K24: PAOLA | L24: 46253
A25: 23759367 | C25: NUEVO MAYOR | D25: 11029.03 | F25: =D25*0.3 -> 3308.709 | G25: =(IF(D25<4172.98,0,MIN(D25*0.3,D25-4172.98)))-E25 -> 3308.709 | K25: MAGALI | L25: 46253
A26: 23759203 | C26: NUEVO MAYOR | D26: 9760.32 | F26: =D26*0.3 -> 2928.096 | G26: =(IF(D26<4172.98,0,MIN(D26*0.3,D26-4172.98)))-E26 -> 2928.096 | K26: ANA | L26: 46253
A27: 23762117 | C27: NUEVO MAYOR | D27: 10636.54 | F27: =D27*0.3 -> 3190.962 | G27: =(IF(D27<4172.98,0,MIN(D27*0.3,D27-4172.98)))-E27 -> 3190.962 | K27: MIRIAM | L27: 46253
A28: 23762755 | C28: COMPRA MAYOR | D28: =5230.75+1885.98 -> 7116.73 | E28: 1885.98 | F28: =D28*0.3 -> 2135.019 | G28: =(IF(D28<4172.98,0,MIN(D28*0.3,D28-4172.98)))-E28 -> 249.039 | H28: 45689 | I28: DIMEX | J28: 1885.98 | K28: CAROLINA | L28: 46253
A29: 23763013 | C29: NUEVO MENOR | D29: 5264.19 | F29: =D29*0.3 -> 1579.257 | G29: =(IF(D29<4172.98,0,MIN(D29*0.3,D29-4172.98)))-E29 -> 1091.21 | K29: HANIA | L29: 46253
A30: 23763727 | C30: COMPRA MAYOR | D30: 32694.08 | E30: 8776.16 | F30: =D30*0.3 -> 9808.224 | G30: =(IF(D30<4172.98,0,MIN(D30*0.3,D30-4172.98)))-E30 -> 1032.064 | H30: 46204 | I30: MULTIVA | J30: 8776.16 | K30: MIRIAM | L30: 46253
A31: 23763821 | C31: NUEVO MAYOR | D31: 7920.51 | F31: =D31*0.3 -> 2376.153 | G31: =(IF(D31<4172.98,0,MIN(D31*0.3,D31-4172.98)))-E31 -> 2376.153 | K31: PAOLA | L31: 46253
A32: 23764709 | C32: NUEVO MAYOR | D32: 34782.28 | F32: =D32*0.3 -> 10434.684 | G32: =(IF(D32<4172.98,0,MIN(D32*0.3,D32-4172.98)))-E32 -> 10434.684 | K32: GABRIELA | L32: 46253
A33: 23766332 | C33: NUEVO MAYOR | D33: 21696.27 | F33: =D33*0.3 -> 6508.881 | G33: =(IF(D33<4172.98,0,MIN(D33*0.3,D33-4172.98)))-E33 -> 6508.881 | K33: IRASEMA | L33: 46253
A34: 23766172 | C34: NUEVO MAYOR | D34: 9081.52 | E34: 848 | F34: =D34*0.3 -> 2724.456 | G34: =(IF(D34<4172.98,0,MIN(D34*0.3,D34-4172.98)))-E34 -> 1876.456 | K34: CAROLINA | L34: 46253
A35: 23767716 | C35: NUEVO MAYOR | D35: 15829.2 | F35: =D35*0.3 -> 4748.76 | G35: =(IF(D35<4172.98,0,MIN(D35*0.3,D35-4172.98)))-E35 -> 4748.76 | K35: IRASEMA | L35: 46253
A36: 23770750 | C36: NUEVO MENOR | D36: 9760.32 | E36: 2291.11 | F36: =D36*0.3 -> 2928.096 | G36: =(IF(D36<4172.98,0,MIN(D36*0.3,D36-4172.98)))-E36 -> 636.986 | H36: 46539 | I36: PROFUTURO | J36: 2291.11 | K36: HANIA | L36: 46253
A37: 23772642 | C37: NUEVO MAYOR | D37: 11344.78 | F37: =D37*0.3 -> 3403.434 | G37: =(IF(D37<4172.98,0,MIN(D37*0.3,D37-4172.98)))-E37 -> 3403.434 | K37: IRASEMA | L37: 46253
A38: 23772650 | C38: NUEVO MAYOR | D38: 23704.43 | F38: =D38*0.3 -> 7111.329 | G38: =(IF(D38<4172.98,0,MIN(D38*0.3,D38-4172.98)))-E38 -> 7111.329 | K38: DANIELLY | L38: 46253
A39: 23772790 | C39: NUEVO MAYOR | D39: 10636.54 | F39: =D39*0.3 -> 3190.962 | G39: =(IF(D39<4172.98,0,MIN(D39*0.3,D39-4172.98)))-E39 -> 3190.962 | K39: MAGALI | L39: 46253
A40: 23774854 | C40: NUEVO MAYOR | D40: 6262.86 | F40: =D40*0.3 -> 1878.858 | G40: =(IF(D40<4172.98,0,MIN(D40*0.3,D40-4172.98)))-E40 -> 1878.858 | K40: CAROLINA | L40: 46253
A41: 23773976 | C41: COMPRA MAYOR | D41: 7920.51 | E41: 2198.97 | F41: =D41*0.3 -> 2376.153 | G41: =(IF(D41<4172.98,0,MIN(D41*0.3,D41-4172.98)))-E41 -> 177.183 | H41: 46143 | I41: INBURSA | J41: 2198.97 | K41: FERNANDA | L41: 46253
A42: 23698706 | C42: NUEVO MENOR | D42: 15982.23 | E42: 3917.65 | F42: =D42*0.3 -> 4794.669 | G42: =(IF(D42<4172.98,0,MIN(D42*0.3,D42-4172.98)))-E42 -> 877.019 | H42: 46266 | I42: MULTIVA | J42: 3917.65 | K42: HANIA | L42: 46253
A43: 23173018 | C43: NUEVO MAYOR | F43: 6120.63 | G43: 6120.63 | K43: IRASEMA | L43: 46253
A44: 23776350 | C44: COMPRA MAYOR | D44: 6262.86 | E44: 1651.84 | F44: =D44*0.3 -> 1878.858 | G44: =(IF(D44<4172.98,0,MIN(D44*0.3,D44-4172.98)))-E44 -> 227.018 | H44: 45901 | I44: INBURSA | J44: 1651.84 | K44: GLORIA | L44: 46253
A45: 23776894 | C45: NUEVO MENOR | D45: 5348.64 | F45: =D45*0.3 -> 1604.592 | G45: =(IF(D45<4172.98,0,MIN(D45*0.3,D45-4172.98)))-E45 -> 1175.66 | K45: HECTOR | L45: 46253
A46: 23774524 | B46: 5213141504450 | C46: NUEVO MAYOR | D46: 7128.48 | F46: 2138.544 | G46: 2138.544 | K46: MARISOL | L46: 46253
A47: 23756631 | B47: 5216146108218 | C47: COMPRA MAYOR | D47: 7116.73 | E47: 1298.84 | F47: 2135.019 | G47: 836.179 | H47: 45748 | I47: DIMEX | J47: 1298.84 | K47: EDNA | L47: 46253
A48: 23777564 | C48: NUEVO MAYOR | D48: 50977.74 | F48: =D48*0.3 -> 15293.322 | G48: =(IF(D48<4172.98,0,MIN(D48*0.3,D48-4172.98)))-E48 -> 15293.322 | K48: GABRIELA | L48: 46253
A49: 23777900 | C49: NUEVO MENOR | D49: 48524.57 | E49: 13998.01 | F49: =D49*0.3 -> 14557.371 | G49: =(IF(D49<4172.98,0,MIN(D49*0.3,D49-4172.98)))-E49 -> 559.361 | H49: 46569 | I49: CONSUBANCO | J49: 13998.01 | K49: DULCE | L49: 46253
A50: 23766352 | B50: 8120062139 | C50: NUEVO MAYOR | D50: 10810.94 | E50: 486 | F50: 3243.282 | G50: 2757.282 | K50: MELANIE | L50: 46254
A51: 23775160 | B51: 5519838341 | C51: NUEVO MAYOR | D51: 9408.02 | F51: 2822.406 | G51: 2822.406 | K51: ITZEL CARRANZA | L51: 46254
A52: 23778924 | C52: NUEVO MAYOR | D52: 15324.13 | F52: =D52*0.3 -> 4597.239 | G52: =(IF(D52<4172.98,0,MIN(D52*0.3,D52-4172.98)))-E52 -> 4597.239 | K52: MIRIAM | L52: 46254
A53: 23782672 | C53: NUEVO MAYOR | D53: 7128.48 | F53: =D53*0.3 -> 2138.544 | G53: =(IF(D53<4172.98,0,MIN(D53*0.3,D53-4172.98)))-E53 -> 2138.544 | K53: FERNANDA | L53: 46254
A54: 23793734 | C54: NUEVO MAYOR | D54: 5654.65 | F54: =D54*0.3 -> 1696.395 | G54: =(IF(D54<4172.98,0,MIN(D54*0.3,D54-4172.98)))-E54 -> 1481.67 | K54: PAOLA | L54: 46254
A55: 23794024 | C55: NUEVO MENOR | D55: 4855.69 | F55: =D55*0.3 -> 1456.707 | G55: =(IF(D55<4172.98,0,MIN(D55*0.3,D55-4172.98)))-E55 -> 682.71 | K55: HANIA | L55: 46254
A56: 23795654 | C56: NUEVO MENOR | D56: 5130.33 | F56: =D56*0.3 -> 1539.099 | G56: =(IF(D56<4172.98,0,MIN(D56*0.3,D56-4172.98)))-E56 -> 957.35 | K56: HANIA | L56: 46254
A57: 23767886 | C57: COMPRA MENOR | D57: 32756.19 | E57: 9476.2 | F57: =D57*0.3 -> 9826.857 | G57: =(IF(D57<4172.98,0,MIN(D57*0.3,D57-4172.98)))-E57 -> 350.657 | H57: 46204 | I57: BANCREA | J57: 405.2 | K57: HANIA | L57: 46254
A58: 23064204 | B58: 7225720606 | C58: NUEVO MAYOR | D58: 10951.74 | F58: 3285.522 | G58: 3285.522 | K58: HANIA | L58: 46254
A59: 23798624 | B59: 5214871162058 | C59: NUEVO MAYOR | D59: 5760.79 | F59: 1728.237 | G59: 1587.81 | K59: EDNA | L59: 46254
A60: 23694574 | B60: 5215513904730 | C60: NUEVO MAYOR | D60: 25806.09 | F60: 7741.827 | G60: 7741.827 | K60: GABRIELA | L60: 46254
A61: 23729930 | B61: 5216673885168 | C61: COMPRA MENOR | D61: 5055.87 | E61: 1234.26 | F61: 1516.761 | G61: -351.37 | H61: 46082 | I61: EXITUS | J61: 374.89 | K61: HECTOR | L61: 46254
A62: 23795136 | B62: 5216562872773 | C62: NUEVO MAYOR | D62: 7920.51 | F62: 2376.153 | G62: 2376.153 | K62: PAOLA | L62: 46254
A63: 23795674 | B63: 5219985720990 | C63: NUEVO MAYOR | D63: 25398.43 | F63: 7619.529 | G63: 7619.529 | K63: GABRIELA | L63: 46254
A64: 23802368 | C64: NUEVO MENOR | D64: 9081.52 | E64: 2349.97 | F64: =D64*0.3 -> 2724.456 | G64: =(IF(D64<4172.98,0,MIN(D64*0.3,D64-4172.98)))-E64 -> 374.486 | H64: 46631 | I64: DIMEX | J64: 2349.97 | K64: HECTOR | L64: 46254
A65: 23798552 | C65: NUEVO MENOR | D65: 5070.78 | F65: =D65*0.3 -> 1521.234 | G65: =(IF(D65<4172.98,0,MIN(D65*0.3,D65-4172.98)))-E65 -> 897.8 | K65: DULCE | L65: 46254
A66: 23804924 | C66: NUEVO MENOR | D66: 5617.64 | E66: 555.19 | F66: =D66*0.3 -> 1685.292 | G66: =(IF(D66<4172.98,0,MIN(D66*0.3,D66-4172.98)))-E66 -> 889.47 | H66: 46296 | I66: INBURSA | J66: 555.19 | K66: DULCE | L66: 46254
A67: 23799212 | B67: 8110693461 | C67: NUEVO MAYOR | D67: 12454 | F67: 3736.2 | G67: 3736.2 | K67: ANA | L67: 46254
A68: 23807678 | C68: NUEVO MENOR | D68: 9760.32 | E68: 2240.69 | F68: =D68*0.3 -> 2928.096 | G68: =(IF(D68<4172.98,0,MIN(D68*0.3,D68-4172.98)))-E68 -> 687.406 | H68: 46661 | I68: DIMEX | J68: 2240.69 | K68: HECTOR | L68: 46254
A69: 23808074 | C69: NUEVO MAYOR | D69: 9760.32 | F69: =D69*0.3 -> 2928.096 | G69: =(IF(D69<4172.98,0,MIN(D69*0.3,D69-4172.98)))-E69 -> 2928.096 | K69: KARINA | L69: 46254
A70: 23803036 | B70: 5215545386691 | C70: NUEVO MAYOR | D70: 10636.54 | F70: 3190.962 | G70: 3190.962 | K70: ANA | L70: 46254
A71: 23773002 | B71: 8994499174 | C71: NUEVO MAYOR | D71: 5983.25 | F71: 1794.975 | G71: 1794.975 | K71: EDNA | L71: 46254
A72: 22903402 | B72: 5217717412056 | C72: NUEVO MAYOR | D72: 28690.84 | E72: 6156.82 | F72: 8607.252 | G72: 2450.432 | H72: 46600 | I72: PROFUTURO | J72: 3762.83 | K72: GLORIA | L72: 46254
A73: 23809056 | B73: 8443562001 | C73: NUEVO MAYOR | D73: 10229.02 | F73: 3068.706 | G73: 3068.706 | K73: ANA | L73: 46254
A74: 23811054 | C74: NUEVO MAYOR | D74: 10636.54 | F74: =D74*0.3 -> 3190.962 | G74: =(IF(D74<4172.98,0,MIN(D74*0.3,D74-4172.98)))-E74 -> 3190.962 | K74: GABRIELA | L74: 46254
A75: 23807862 | B75: 5216566753842 | C75: NUEVO MAYOR | D75: 16470.3 | E75: 1794 | F75: 4941.09 | G75: 3147.09 | H75: 46478 | I75: DIMEX | J75: 1794 | K75: GABRIELA | L75: 46254
A76: 23808822 | B76: 5216568157139 | C76: COMPRA MAYOR | D76: 9081.52 | E76: 2521.35 | F76: 2724.456 | G76: 203.106 | H76: 46204 | I76: DIMEX | J76: 2521.35 | K76: ITZELH | L76: 46254
A77: 23812146 | C77: COMPRA MENOR | D77: 5121.19 | E77: 877.51 | F77: =D77*0.3 -> 1536.357 | G77: =(IF(D77<4172.98,0,MIN(D77*0.3,D77-4172.98)))-E77 -> 70.7 | H77: 46235 | I77: MULTIVA | J77: 877.51 | K77: DULCE | L77: 46254
A78: 23812978 | C78: NUEVO MAYOR | D78: 10636.54 | F78: =D78*0.3 -> 3190.962 | G78: =(IF(D78<4172.98,0,MIN(D78*0.3,D78-4172.98)))-E78 -> 3190.962 | K78: KARINA | L78: 46255
A79: 23813726 | C79: NUEVO MAYOR | D79: =25220.71-848 -> 24372.71 | E79: 848 | F79: =D79*0.3 -> 7311.813 | G79: =(IF(D79<4172.98,0,MIN(D79*0.3,D79-4172.98)))-E79 -> 6463.813 | K79: ANA | L79: 46255
A80: 23814640 | C80: COMPRA MENOR | D80: =4332.32 -> 4332.32 | E80: 472.72 | F80: =D80*0.3 -> 1299.696 | G80: =(IF(D80<4172.98,0,MIN(D80*0.3,D80-4172.98)))-E80 -> -313.38 | H80: 45658 | I80: EXITUS | J80: 472.72 | K80: HANIA | L80: 46255
A81: 23737228 | B81: 5218442806796 | C81: NUEVO MAYOR | D81: 9277.05 | F81: 2783.115 | G81: 2783.115 | K81: ITZEL CARRANZA | L81: 46255
A82: 23774532 | B82: 5214772736540 | C82: NUEVO MAYOR | D82: 10636.54 | F82: 3190.962 | G82: 3190.962 | K82: ANA | L82: 46255
A83: 23662598 | B83: 5219371543936 | C83: COMPRA MENOR | D83: 5617.63 | E83: 1178.06 | F83: 1685.289 | G83: 266.59 | H83: 45474 | I83: BANCREA | J83: 1178.06 | K83: HANIA | L83: 46255
A84: 23819870 | B84: 5218180158985 | C84: RESTRINGIDA | D84: 7116.73 | E84: 1750.44 | F84: 2135.019 | G84: 384.579 | H84: 45627 | I84: FISOFO | J84: 1750.44 | K84: DANIELLY | L84: 46255
A85: 23813562 | B85: 5216682470717 | C85: NUEVO MAYOR | D85: 5636.59 | F85: 1690.977 | G85: 1463.61 | K85: EDNA | L85: 46255
A86: 23673046 | B86: 5216692740045 | C86: NUEVO MENOR | D86: 4813.69 | F86: 1444.107 | G86: 640.71 | K86: HECTOR | L86: 46256
A87: 23812196 | B87: 5212281205645 | C87: NUEVO MAYOR | D87: 20215.53 | F87: 6064.659 | G87: 6064.659 | K87: MIRIAM | L87: 46258
A88: 23927594 | C88: NUEVO MAYOR | D88: 6770.59 | F88: =D88*0.3 -> 2031.177 | G88: =(IF(D88<4172.98,0,MIN(D88*0.3,D88-4172.98)))-E88 -> 2031.177 | K88: MIRIAM | L88: 46260
A89: 24013392 | C89: NUEVO MENOR | D89: 5324.51 | F89: =D89*0.3 -> 1597.353 | G89: =(IF(D89<4172.98,0,MIN(D89*0.3,D89-4172.98)))-E89 -> 1151.53 | K89: HANIA | L89: 46260
A90: 24021264 | C90: NUEVO MAYOR | D90: 9081.52 | F90: =D90*0.3 -> 2724.456 | G90: =(IF(D90<4172.98,0,MIN(D90*0.3,D90-4172.98)))-E90 -> 2724.456 | K90: ANA | L90: 46260
A91: 23486806 | C91: RESTRINGIDA | D91: 9940.11 | E91: 2851.21 | F91: =D91*0.3 -> 2982.033 | G91: =(IF(D91<4172.98,0,MIN(D91*0.3,D91-4172.98)))-E91 -> 130.823 | H91: 45839 | I91: FISOFO | J91: 701.9 | K91: DANIELLY | L91: 46261
A92: 24117438 | B92: 5212283666861 | C92: NUEVO MAYOR | D92: 37235.91 | F92: 11170.773 | G92: 11170.773 | K92: MIRIAM | L92: 46265
A93: 24113202 | C93: NUEVO MAYOR | D93: 24131.13 | F93: =D93*0.3 -> 7239.339 | G93: =(IF(D93<4172.98,0,MIN(D93*0.3,D93-4172.98)))-E93 -> 7239.339 | K93: IRASEMA | L93: 46265
A94: 24111990 | C94: NUEVO MENOR | D94: 11992.23 | E94: 2615.17 | F94: =D94*0.3 -> 3597.669 | G94: =(IF(D94<4172.98,0,MIN(D94*0.3,D94-4172.98)))-E94 -> 982.499 | H94: 46600 | I94: DIMEX | J94: 2615.17 | K94: HECTOR | L94: 46265
A95: 24117982 | C95: NUEVO MAYOR | D95: 8181.55 | F95: =D95*0.3 -> 2454.465 | G95: =(IF(D95<4172.98,0,MIN(D95*0.3,D95-4172.98)))-E95 -> 2454.465 | K95: ANA | L95: 46265
A96: 24117978 | C96: COMPRA MAYOR | D96: 7116.73 | E96: 2135 | F96: =D96*0.3 -> 2135.019 | G96: =(IF(D96<4172.98,0,MIN(D96*0.3,D96-4172.98)))-E96 -> 0.019 | H96: 07/20226 | I96: GFI APOYO | J96: 1817 | K96: GLORIA | L96: 46265
A97: 24123874 | C97: NUEVO MAYOR | D97: 11398.64 | F97: =D97*0.3 -> 3419.592 | G97: =(IF(D97<4172.98,0,MIN(D97*0.3,D97-4172.98)))-E97 -> 3419.592 | K97: DANIELLY | L97: 46265
A98: 24125462 | C98: NUEVO MAYOR | D98: 10636.54 | F98: =D98*0.3 -> 3190.962 | G98: =(IF(D98<4172.98,0,MIN(D98*0.3,D98-4172.98)))-E98 -> 3190.962 | K98: MIRIAM | L98: 46265
A99: 24125120 | C99: NUEVO MAYOR | D99: 9760.32 | F99: =D99*0.3 -> 2928.096 | G99: =(IF(D99<4172.98,0,MIN(D99*0.3,D99-4172.98)))-E99 -> 2928.096 | K99: DANIELLY | L99: 46265
A100: 24126148 | C100: COMPRA MAYOR | D100: 5617.63 | E100: 1334.29 | F100: =D100*0.3 -> 1685.289 | G100: =(IF(D100<4172.98,0,MIN(D100*0.3,D100-4172.98)))-E100 -> 110.36 | H100: 46266 | I100: INBURSA | J100: 1334.29 | K100: CAROLINA | L100: 46265
...

Sheet LISTA
A1: NUEVO MAYOR
A2: NO DATO
A3: COMPRA BIMESTRES
A4: COMPRA MAYOR
A5: NUEVO MENOR
A6: SIN CAPACIDAD
A7: RESTRINGIDA
A8: COMPRA MENOR
A9: LEY 97
A10: SIN NOMINA
A11: NEGOCIO DUPLICADO
A12: P.V.
A13: JUBILADO N.M.

Sheet Informes
A1: HORARIOS | C1: 46237 | G1: HORARIOS | I1: 46238 | M1: HORARIOS | O1: 46239 | S1: HORARIOS | U1: 46240 | Y1: HORARIOS | AA1: 46241 | AE1: HORARIOS | AG1: 46242 | AK1: HORARIOS | AM1: 46244 | AQ1: HORARIOS | AS1: 46245 | AW1: HORARIOS | AY1: 46246 | BC1: HORARIOS | BE1: 46247 | BI1: HORARIOS | BK1: 46248 | BO1: HORARIOS | BQ1: 46249 | BU1: HORARIOS | BW1: 46250 | CA1: HORARIOS | CC1: 46251 | CG1: HORARIOS | CI1: 46252 | CM1: HORARIOS | CO1: 46253 | CS1: HORARIOS | CU1: 46254 | CY1: HORARIOS | DA1: 46255 | DE1: HORARIOS | DG1: 46256 | DK1: HORARIOS | DM1: 46258 | DQ1: HORARIOS | DT1: 46265 | DX1: HORARIOS | EA1: 46266 | EE1: HORARIOS | EH1: 46267 | EL1: HORARIOS | EO1: 46268 | ES1: HORARIOS | EV1: 46269 | EZ1: HORARIOS | FC1: 46270 | FG1: HORARIOS | FJ1: 46272 | FN1: HORARIOS | FQ1: 46273 | FU1: HORARIOS | FX1: 46274 | GB1: HORARIOS | GE1: 46275 | GI1: HORARIOS | GL1: 46276 | GP1: HORARIOS | GS1: 46277 | GW1: HORARIOS | GZ1: 46279 | HD1: HORARIOS | HG1: 46280 | HK1: HORARIOS | HN1: 46282 | HR1: HORARIOS | HU1: 46283 | HY1: HORARIOS | IB1: 46286 | IF1: HORARIOS | II1: 46287 | IM1: HORARIOS | IP1: 46288 | IT1: HORARIOS | IW1: 46289 | JA1: HORARIOS | JD1: 46290 | JH1: HORARIOS | JK1: 46292 | JO1: HORARIOS | JR1: 46293 | JV1: HORARIOS | JY1: 46294
A2: ASESOR | B2: LEAD | C2: ASIGNACION | D2: ATENCION | G2: ASESOR | H2: LEAD | I2: ASIGNACION | J2: ATENCION | M2: ASESOR | N2: LEAD | O2: ASIGNACION | P2: ATENCION | S2: ASESOR | T2: LEAD | U2: ASIGNACION | V2: ATENCION | Y2: ASESOR | Z2: LEAD | AA2: ASIGNACION | AB2: ATENCION | AE2: ASESOR | AF2: LEAD | AG2: ASIGNACION | AH2: ATENCION | AK2: ASESOR | AL2: LEAD | AM2: ASIGNACION | AN2: ATENCION | AQ2: ASESOR | AR2: LEAD | AS2: ASIGNACION | AT2: ATENCION | AW2: ASESOR | AX2: LEAD | AY2: ASIGNACION | AZ2: ATENCION | BC2: ASESOR | BD2: LEAD | BE2: ASIGNACION | BF2: ATENCION | BI2: ASESOR | BJ2: LEAD | BK2: ASIGNACION | BL2: ATENCION | BO2: ASESOR | BP2: LEAD | BQ2: ASIGNACION | BR2: ATENCION | BU2: ASESOR | BV2: LEAD | BW2: ASIGNACION | BX2: ATENCION | CA2: ASESOR | CB2: LEAD | CC2: ASIGNACION | CD2: ATENCION | CG2: ASESOR | CH2: LEAD | CI2: ASIGNACION | CJ2: ATENCION | CM2: ASESOR | CN2: LEAD | CO2: ASIGNACION | CP2: ATENCION | CS2: ASESOR | CT2: LEAD | CU2: ASIGNACION | CV2: ATENCION | CY2: ASESOR | CZ2: LEAD | DA2: ASIGNACION | DB2: ATENCION | DE2: ASESOR | DF2: LEAD | DG2: ASIGNACION | DH2: ATENCION | DK2: ASESOR | DL2: LEAD | DM2: ASIGNACION | DN2: ATENCION | DQ2: ASESOR | DR2: LEAD | DS2: PANTALLA | DT2: ASIGNACION | DU2: ATENCION | DX2: ASESOR | DY2: LEAD | DZ2: PANTALLA | EA2: ASIGNACION | EB2: ATENCION | EE2: ASESOR | EF2: LEAD | EG2: PANTALLA | EH2: ASIGNACION | EI2: ATENCION | EL2: ASESOR | EM2: LEAD | EN2: PANTALLAS | EO2: ASIGNACION | EP2: ATENCION | ES2: ASESOR | ET2: LEAD | EU2: PANTALLAS | EV2: ASIGNACION | EW2: ATENCION | EZ2: ASESOR | FA2: LEAD | FB2: PANTALLAS | FC2: ASIGNACION | FD2: ATENCION | FG2: ASESOR | FH2: LEAD | FI2: PANTALLAS | FJ2: ASIGNACION | FK2: ATENCION | FN2: ASESOR | FO2: LEAD | FP2: PANTALLAS | FQ2: ASIGNACION | FR2: ATENCION | FU2: ASESOR | FV2: LEAD | FW2: PANTALLAS | FX2: ASIGNACION | FY2: ATENCION | GB2: ASESOR | GC2: LEAD | GD2: PANTALLAS | GE2: ASIGNACION | GF2: ATENCION | GI2: ASESOR | GJ2: LEAD | GK2: PANTALLAS | GL2: ASIGNACION | GM2: ATENCION | GP2: ASESOR | GQ2: LEAD | GR2: PANTALLAS | GS2: ASIGNACION | GT2: ATENCION | GW2: ASESOR | GX2: LEAD | GY2: PANTALLAS | GZ2: ASIGNACION | HA2: ATENCION | HD2: ASESOR | HE2: LEAD | HF2: PANTALLAS | HG2: ASIGNACION | HH2: ATENCION | HK2: ASESOR | HL2: LEAD | HM2: PANTALLAS | HN2: ASIGNACION | HO2: ATENCION | HR2: ASESOR | HS2: LEAD | HT2: PANTALLAS | HU2: ASIGNACION | HV2: ATENCION | HY2: ASESOR | HZ2: LEAD | IA2: PANTALLAS | IB2: ASIGNACION | IC2: ATENCION | IF2: ASESOR | IG2: LEAD | IH2: PANTALLAS | II2: ASIGNACION | IJ2: ATENCION | IM2: ASESOR | IN2: LEAD | IO2: PANTALLAS | IP2: ASIGNACION | IQ2: ATENCION | IT2: ASESOR | IU2: LEAD | IV2: PANTALLAS | IW2: ASIGNACION | IX2: ATENCION | JA2: ASESOR | JB2: LEAD | JC2: PANTALLAS | JD2: ASIGNACION | JE2: ATENCION | JH2: ASESOR | JI2: LEAD | JJ2: PANTALLAS | JK2: ASIGNACION | JL2: ATENCION | JO2: ASESOR | JP2: LEAD | JQ2: PANTALLAS | JR2: ASIGNACION | JS2: ATENCION | JV2: ASESOR | JW2: LEAD | JX2: PANTALLAS | JY2: ASIGNACION | JZ2: ATENCION
A3: Irasema | B3: 23298744 | C3: 0.54444444 | D3: 0.54652778 | G3: Irasema | H3: 23352780 | I3: 0.45 | J3: 0.45069444 | M3: Irasema | N3: 23376448 | O3: 0.40208333 | P3: 0.40416667 | S3: Irasema | T3: 23408734 | U3: 0.39236111 | V3: 0.39444444 | Y3: Miriam | Z3: 23435326 | AA3: 0.39652778 | AB3: 0.39722222 | AE3: Miriam | AF3: 23461252 | AG3: 0.39791667 | AH3: 0.39930556 | AK3: Miriam | AL3: 23490340 | AM3: 0.41180556 | AN3: 0.41319444 | AQ3: Dulce | AR3: 23525578 | AS3: 0.43055556 | AT3: 0.43958333 | AW3: Fernanda | AX3: 23552710 | AY3: 0.40347222 | AZ3: 0.40972222 | BC3: Itzelh | BD3: 23581752 | BE3: 0.40069444 | BF3: 0.40555556 | BI3: Fernanda | BJ3: 23615044 | BK3: 0.40138889 | BL3: 0.40555556 | BO3: Adela | BP3: 23648218 | BQ3: 0.38888889 | BR3: 0.39652778 | BU3: Gabriela | BV3: 23657810 | BW3: 0.59236111 | BX3: 0.62083333 | CA3: Miriam | CB3: 23677584 | CC3: 0.42083333 | CD3: 0.42152778 | CG3: Itzelh | CH3: 23708962 | CI3: 0.40069444 | CJ3: 0.40277778 | CL3: * | CM3: Melanie | CN3: 23756661 | CO3: 0.47083333 | CP3: 0.47916667 | CR3: * | CS3: Melanie | CT3: 23766352 | CU3: 0.38888889 | CV3: 0.40069444 | CX3: * | CY3: Itzel Carranza | CZ3: 23737228 | DA3: 0.44513889 | DB3: 0.44652778 | DD3: * | DE3: Hector | DF3: 23673046 | DG3: 0.56388889 | DH3: 0.56666667 | DJ3: * | DK3: Miriam | DL3: 23812196 | DM3: 0.40833333 | DN3: 0.40972222 | DP3: * | DQ3: Miriam | DR3: 24117438 | DS3: 0.40625 | DT3: 0.41736111 | DU3: 0.41805556 | DW3: * | DX3: Itzelh | DY3: 24153432 | DZ3: 0.4375 | EA3: 0.44097222 | EB3: 0.44305556 | ED3: * | EE3: Ana | EF3: 24151366 | EG3: 0.43958333 | EH3: 0.44305556 | EI3: 0.45 | EK3: * | EL3: Edna | EM3: 24209764 | EN3: 0.45 | EO3: 0.45347222 | EP3: 0.46041667 | ES3: HECTOR | ET3: 24223350 | EU3: 0.39861111 | EV3: 0.40833333 | EW3: 0.41041667 | EZ3: PAOLA | FA3: 24254260 | FB3: 0.78819444 | FC3: 0.4375 | FD3: 0.43888889 | FG3: DANIELLY | FH3: 24257186 | FI3: 0.38819444 | FJ3: 0.41736111 | FK3: 0.41805556 | FN3: HECTOR | FO3: 24314542 | FP3: 0.40069444 | FQ3: 0.40347222 | FR3: 0.40486111 | FU3: ITZEL CARRANZA | FV3: 24328262 | FW3: 0.35833333 | FX3: 0.40486111 | FY3: 0.41180556 | GB3: MAGALI | GC3: 24372336 | GD3: 0.49513889 | GE3: 0.50625 | GF3: 0.50694444 | GI3: HANIA | GJ3: 24383414 | GK3: 0.41805556 | GL3: 0.42708333 | GM3: 0.42847222 | GP3: EDNA | GQ3: 24393582 | GR3: 0.35902778 | GS3: 0.36319444 | GT3: 0.36388889 | GW3: ANDRE | GX3: 24424018 | GY3: 0.37777778 | GZ3: 0.39166667 | HA3: 0.39305556 | HD3: YESSENIA | HE3: 24433794 | HF3: 0.40208333 | HG3: 0.41597222 | HH3: 0.44375 | HK3: PAOLA | HL3: 24490714 | HM3: 0.33888889 | HN3: 0.34305556 | HO3: 0.34375 | HR3: LIDIA | HS3: 24283370 | HT3: 0.39513889 | HU3: 0.40347222 | HV3: 0.41597222 | HY3: IRASEMA | HZ3: 24150820 | IA3: 0.44444444 | IB3: 0.45555556 | IC3: 0.45763889 | IF3: CAROLINA | IG3: 24680220 | IH3: 0.36180556 | II3: 0.36319444 | IJ3: 0.36458333 | IM3: HECTOR | IN3: 24749710 | IO3: 0.39513889 | IP3: 0.39791667 | IQ3: 0.41388889 | IT3: PAOLA | IU3: 24800070 | IV3: 0.60555556 | IW3: 0.61388889 | IX3: 0.61527778 | JA3: GUADALUPE | JB3: 24832784 | JC3: 0.44097222 | JD3: 0.44305556 | JE3: 0.45 | JH3: KATE | JI3: 24747080 | JJ3: 0.63402778 | JK3: 0.63680556 | JL3: X | JO3: GUADALUPE | JP3: 24855346 | JQ3: 0.43125 | JR3: 0.44236111 | JS3: 0.47152778 | JV3: BEATRIZ | JW3: 24901938 | JX3: 0.35972222 | JY3: 0.36041667 | JZ3: 0.36180556
A4: Irasema | B4: 23300706 | C4: 0.54791667 | D4: 0.54861111 | G4: Hector | H4: 23353384 | I4: 0.45486111 | J4: 0.45833333 | M4: Hector | N4: 23377394 | O4: 0.40555556 | P4: 0.41111111 | S4: Itzelh | T4: 23409174 | U4: 0.39375 | V4: 0.39861111 | Y4: Carolina | Z4: 23436306 | AA4: 0.40486111 | AB4: 0.40694444 | AE4: Carolina | AF4: 23461636 | AG4: 0.40277778 | AH4: 0.40555556 | AK4: Itzelh | AL4: 23494530 | AM4: 0.41458333 | AN4: 0.41597222 | AQ4: Miriam | AR4: 23527758 | AS4: 0.43333333 | AT4: 0.43472222 | AW4: Dulce | AX4: 23567382 | AY4: 0.40694444 | AZ4: 0.41319444 | BC4: Marisol | BD4: 23581914 | BE4: 0.40277778 | BF4: 0.40416667 | BI4: Marisol | BJ4: 23615376 | BK4: 0.40625 | BL4: 0.40763889 | BO4: Adela | BP4: 23652612 | BQ4: 0.4 | BR4: 0.40972222 | BU4: Dulce | BV4: 23613822 | BW4: 0.67291667 | BX4: 0.67430556 | CA4: Itzelh | CB4: 23679708 | CC4: 0.42222222 | CD4: 0.42361111 | CG4: Itzelh | CH4: 23708740 | CI4: 0.40208333 | CJ4: 0.40347222 | CL4: * | CM4: Itzel Carranza | CN4: 23706370 | CO4: 0.47986111 | CP4: 0.48125 | CR4: * | CS4: Itzel Carranza | CT4: 23775160 | CU4: 0.44305556 | CV4: 0.44444444 | CX4: * | CY4: Ana | CZ4: 23774532 | DA4: 0.45138889 | DB4: 0.45694444 | DP4: * | DQ4: Marisol | DR4: 24114178 | DS4: 0.54444444 | DT4: 0.54583333 | DU4: 0.54722222 | DW4: * | DX4: Irasema | DY4: 24130534 | DZ4: 0.47013889 | EA4: 0.47430556 | EB4: 0.475 | ED4: * | EE4: Danielly | EF4: 23261044 | EG4: 0.44444444 | EH4: 0.44722222 | EI4: 0.45694444 | EK4: * | EL4: Gloria | EM4: 24215758 | EN4: 0.45138889 | EO4: 0.45486111 | EP4: 0.45833333 | ES4: HECTOR | ET4: 24214946 | EU4: 0.43611111 | EV4: 0.44027778 | EW4: 0.44375 | EZ4: DANIELLY | FA4: 24255814 | FB4: 0.46736111 | FC4: 0.47013889 | FD4: 0.47916667 | FG4: HANIA | FH4: 24267112 | FI4: 0.41319444 | FJ4: 0.42083333 | FK4: 0.42430556 | FN4: DULCE | FO4: 24302978 | FP4: 0.775 | FQ4: 0.40486111 | FR4: 0.4125 | FU4: CAROLINA | FV4: 24332524 | FW4: 0.38125 | FX4: 0.40416667 | FY4: 0.40486111 | GB4: HANIA | GC4: 24359330 | GD4: 0.5 | GE4: 0.50208333 | GF4: 0.50416667 | GI4: DULCE | GJ4: 24395670 | GK4: 0.425 | GL4: 0.42916667 | GM4: 0.43402778 | GP4: EDNA | GQ4: 24409818 | GR4: 0.45486111 | GS4: 0.79027778 | GT4: 0.45833333 | GW4: MAYTE | GX4: 24428180 | GY4: 0.37708333 | GZ4: 0.39097222 | HA4: 0.39305556 | HD4: HECTOR | HE4: 24371460 | HF4: 0.45208333 | HG4: 0.45694444 | HH4: 0.46666667 | HK4: GLORIA | HL4: 24488246 | HM4: 0.34583333 | HN4: 0.35277778 | HO4: 0.36388889 | HR4: HANIA | HS4: 24562834 | HT4: 0.43472222 | HU4: 0.43680556 | HV4: 0.43888889 | HY4: HANIA | HZ4: 24662326 | IA4: 0.35625 | IB4: 0.3625 | IC4: 0.36319444 | IF4: MARISOL | IG4: 24737898 | IH4: 0.42222222 | II4: 0.42569444 | IJ4: 0.43541667 | IM4: HECTOR | IN4: 24708476 | IO4: 0.45277778 | IP4: 0.45486111 | IQ4: 0.45625 | IT4: KARINA | IU4: 24802282 | IV4: 0.60694444 | IW4: 0.61875 | IX4: 0.62916667 | JA4: HECTOR | JB4: 24268712 | JC4: 0.52013889 | JD4: 0.52152778 | JE4: 0.52708333 | JH4: JAEL | JI4: 24855266 | JJ4: 0.64236111 | JK4: 0.64444444 | JL4: 0.65138889 | JO4: LIDIA | JP4: 24868248 | JQ4: 0.35069444 | JR4: 0.35555556 | JS4: 0.37013889 | JV4: IRASEMA | JW4: 24814862 | JY4: 0.44375 | JZ4: 0.44444444
A5: Itzelh | B5: 23301606 | C5: 0.54652778 | D5: 0.55 | G5: Hector | H5: 23353032 | I5: 0.46805556 | J5: 0.47083333 | M5: Danielly | N5: 23377656 | O5: 0.41180556 | P5: 0.41319444 | S5: Carolina | T5: 23409884 | U5: 0.39583333 | V5: 0.39791667 | Y5: Dulce | Z5: 23436420 | AA5: 0.4125 | AB5: 0.41458333 | AE5: Danielly | AF5: 23461806 | AG5: 0.40694444 | AH5: 0.41041667 | AK5: Dulce | AL5: 23475308 | AM5: 0.42013889 | AN5: 0.42430556 | AQ5: Itzelh | AR5: 23527266 | AS5: 0.43611111 | AT5: 0.4375 | AW5: Marisol | AX5: 23564056 | AY5: 0.41388889 | AZ5: 0.41597222 | BC5: Fernanda | BD5: 23596692 | BE5: 0.40486111 | BF5: 0.40625 | BI5: Irasema | BJ5: 23615368 | BK5: 0.41388889 | BL5: 0.41736111 | BO5: Hania | BP5: 23646300 | BQ5: 0.40694444 | BR5: 0.40902778 | BU5: Dulce | BV5: 23659672 | BW5: 0.71458333 | BX5: 0.76319444 | CA5: Edna | CB5: 23678318 | CC5: 0.425 | CD5: 0.42638889 | CG5: Ana | CH5: 23709224 | CI5: 0.42291667 | CJ5: 0.425 | CL5: * | CM5: Hector | CN5: 23726144 | CO5: 0.43611111 | CP5: 0.43680556 | CR5: * | CS5: Hania | CT5: 23064204 | CU5: 0.48611111 | CV5: 0.48888889 | CX5: * | CY5: Hania | CZ5: 23662598 | DA5: 0.64791667 | DP5: * | DQ5: Irasema | DR5: 24115106 | DS5: 0.54583333 | DT5: 0.55416667 | DU5: 0.55486111 | DW5: * | DX5: Danielly | DY5: 24150794 | DZ5: 0.47222222 | EA5: 0.47569444 | EB5: 0.48611111 | ED5: * | EE5: Hania | EF5: 24179372 | EG5: 0.45416667 | EH5: 0.45694444 | EI5: 0.4625 | EK5: * | EL5: Hania | EM5: 24217048 | EN5: 0.46805556 | EO5: 0.49722222 | EP5: 0.49861111 | ES5: PAOLA | ET5: 23125936 | EU5: 0.43472222 | EV5: 0.45069444 | EW5: 0.45208333 | EZ5: ANA | FA5: 24230042 | FB5: 0.48819444 | FC5: 0.49444444 | FD5: 0.50347222 | FG5: HECTOR | FH5: 24272816 | FI5: 0.39930556 | FJ5: 0.42222222 | FK5: 0.42291667 | FN5: ITZELH | FO5: 24302664 | FP5: 0.77291667 | FQ5: 0.40694444 | FR5: 0.40902778 | FU5: MARISOL | FV5: 24324502 | FW5: 0.46180556 | FX5: 0.47361111 | FY5: 0.47638889 | GB5: LIDIA | GC5: 24315204 | GD5: 0.5125 | GE5: 0.51597222 | GF5: 0.52361111 | GI5: CAROLINA | GJ5: 24392654 | GK5: 0.43611111 | GL5: 0.43958333 | GM5: 0.44097222 | GP5: LIDIA | GQ5: 24408688 | GR5: 0.79027778 | GS5: 0.46180556 | GT5: 0.47708333 | GW5: DULCE | GX5: 24418318 | GY5: 0.43402778 | GZ5: 0.43541667 | HA5: 0.43819444 | HD5: HECTOR | HE5: 24471826 | HF5: 0.46944444 | HG5: 0.47152778 | HH5: 0.47291667 | HK5: GLORIA | HL5: 24463860 | HM5: 0.34583333 | HN5: 0.35 | HO5: 0.35347222 | HR5: PAOLA | HS5: 24558084 | HT5: 0.44027778 | HU5: 0.44305556 | HV5: 0.44444444 | HY5: CAROLINA | HZ5: 24663178 | IA5: 0.35833333 | IB5: 0.36805556 | IC5: 0.37291667 | IF5: BEATRIZ | IG5: 24696360 | IH5: 0.46319444 | II5: 0.46597222 | IJ5: 0.46527778 | IM5: FERNANDA | IN5: 24781244 | IO5: 0.49236111 | IP5: 0.49861111 | IQ5: 0.50486111 | IT5: HANIA | IU5: 24810288 | IV5: 0.60902778 | IW5: 0.62291667 | IX5: 0.625 | JA5: BEATRIZ | JB5: 24841244 | JC5: 0.66041667 | JD5: 0.66388889 | JE5: 0.66527778 | JH5: LUZ | JI5: 24855670 | JJ5: 0.64375 | JK5: 0.64583333 | JL5: 0.67777778 | JO5: DANIELLY | JP5: 24859664 | JQ5: 0.35208333 | JR5: 0.35347222 | JS5: 0.35486111 | JV5: MAYTE | JW5: 24926032 | JX5: 0.52430556 | JY5: 0.52847222 | JZ5: 0.53055556
A6: Carolina | B6: 23303760 | C6: 0.54861111 | D6: 0.56597222 | G6: Hector | H6: 23353820 | I6: 0.47222222 | J6: 0.475 | M6: Hector | N6: 23391100 | O6: 0.4125 | P6: 0.41388889 | S6: Danielly | T6: 23408896 | U6: 0.39791667 | V6: 0.4 | Y6: Miriam | Z6: 23440238 | AA6: 0.41666667 | AB6: 0.41805556 | AE6: Carolina | AF6: 23463790 | AG6: 0.41597222 | AH6: 0.42013889 | AK6: Carolina | AL6: 23492964 | AM6: 0.42152778 | AN6: 0.42638889 | AQ6: Edna | AR6: 23528922 | AS6: 0.43819444 | AT6: 0.44027778 | AW6: Melanie | AX6: 23556026 | AY6: 0.425 | AZ6: 0.44722222 | BC6: Dulce | BD6: 23581862 | BE6: 0.40763889 | BF6: 0.40902778 | BI6: Hania | BJ6: 23631334 | BK6: 0.41666667 | BL6: 0.41944444 | BO6: Hania | BP6: 23649522 | BQ6: 0.41041667 | BR6: 0.45069444 | BU6: Litzy | BV6: 23660004 | BW6: 0.61944444 | BX6: 0.62847222 | CA6: Danielly | CB6: 23677200 | CC6: 0.42986111 | CD6: 0.43194444 | CG6: Ana | CH6: 23712674 | CI6: 0.42430556 | CJ6: 0.42569444 | CL6: * | CM6: Melanie | CN6: 23761287 | CO6: 0.48819444 | CP6: 0.49236111 | CR6: * | CS6: Gabriela | CT6: 23795674 | CU6: 0.57083333 | CV6: 0.57430556 | CX6: * | CY6: Danielly | CZ6: 23819870 | DA6: 0.64652778 | DB6: 0.64930556 | DP6: * | DQ6: Karina | DR6: 24120922 | DS6: 0.60416667 | DT6: 0.60763889 | DU6: 0.62430556 | DW6: * | DX6: Hector | DY6: 23637202 | DZ6: 0.47291667 | EA6: 0.47708333 | EB6: 0.53263889 | ED6: * | EE6: Irasema | EF6: 24174758 | EG6: 0.46180556 | EH6: 0.46319444 | EI6: 0.46527778 | EK6: * | EL6: Paola | EM6: 24156074 | EN6: 0.50138889 | EO6: 0.50902778 | EP6: 0.51041667 | ES6: FERNANDA | ET6: 24230346 | EU6: 0.43194444 | EV6: 0.45972222 | EW6: 0.46319444 | EZ6: HECTOR | FA6: 19289310 | FB6: 0.48958333 | FC6: 0.49930556 | FD6: 0.50069444 | FG6: HANIA | FH6: 24282484 | FI6: 0.39375 | FJ6: 0.42361111 | FK6: 0.42638889 | FN6: DANIELLY | FO6: 24303880 | FP6: 0.40138889 | FQ6: 0.40972222 | FR6: 0.425 | FU6: CAROLINA | FV6: 24346560 | FW6: 0.47430556 | FX6: 0.47777778 | FY6: 0.47916667 | GB6: CAROLINA | GC6: 24369920 | GD6: 0.55694444 | GE6: 0.56319444 | GF6: 0.56388889 | GI6: DULCE | GJ6: 24386144 | GK6: 0.475 | GL6: 0.47777778 | GM6: 0.47916667 | GP6: EDNA | GQ6: 24406980 | GR6: 0.49791667 | GS6: 0.50277778 | GT6: 0.50416667 | GW6: DANIELLY | GX6: 24444508 | GY6: 0.45208333 | GZ6: 0.45833333 | HA6: 0.46388889 | HD6: YESSENIA | HE6: 24456608 | HF6: 0.47013889 | HG6: 0.47291667 | HH6: 0.475 | HK6: YESSENIA | HL6: 24497374 | HM6: 0.38055556 | HN6: 0.39444444 | HO6: 0.39583333 | HR6: GLORIA | HS6: 24636432 | HT6: 0.49444444 | HU6: 0.49652778 | HV6: 0.50069444 | HY6: MAGALI | HZ6: 24663452 | IA6: 0.41180556 | IB6: 0.41388889 | IC6: 0.41805556 | IF6: DANIELLY | IG6: 24712390 | IH6: 0.47569444 | II6: 0.47916667 | IJ6: 0.48333333 | IM6: PAOLA | IN6: 24754280 | IO6: 0.49652778 | IP6: 0.50069444 | IQ6: 0.50208333 | IT6: HANIA | IU6: 24488398 | IV6: 0.61041667 | IW6: 0.62430556 | IX6: 0.62569444 | JA6: ANDRE | JB6: 24834106 | JC6: 0.69097222 | JD6: 0.69444444 | JE6: 0.69652778 | JH6: PAOLA | JI6: 24854068 | JJ6: 0.63263889 | JK6: 0.64861111 | JL6: 0.64930556 | JO6: BEATRIZ | JP6: 24870536 | JQ6: 0.35277778 | JR6: 0.35763889 | JS6: 0.35972222 | JV6: LUZ | JW6: 24930576 | JX6: 0.55972222 | JY6: 0.56666667
A7: Melanie | B7: 23304336 | C7: 0.55277778 | D7: 0.56875 | G7: Itzelh | H7: 23320698 | I7: 0.49791667 | J7: 0.50069444 | M7: Itzelh | N7: 23378100 | O7: 0.41666667 | P7: 0.41875 | S7: Melanie | T7: 23410168 | U7: 0.40069444 | V7: 0.40416667 | Y7: Hania | Z7: 23446224 | AA7: 0.42361111 | AB7: 0.42569444 | AE7: Hania | AF7: 23463744 | AG7: 0.41944444 | AH7: 0.42083333 | AK7: Miriam | AL7: 23495726 | AM7: 0.425 | AN7: 0.425 | AQ7: Edna | AR7: 23533786 | AS7: 0.43958333 | AT7: 0.44027778 | AW7: Edna | AX7: 23562988 | AY7: 0.43819444 | AZ7: 0.43888889 | BC7: Itzelh | BD7: 23599104 | BE7: 0.41180556 | BF7: 0.41319444 | BI7: Fernanda | BJ7: 23617738 | BK7: 0.41805556 | BL7: 0.42152778 | BO7: Guadalupe | BP7: 23646692 | BQ7: 0.41805556 | BR7: 0.42083333 | BU7: Ana | BV7: 23660262 | BW7: 0.70486111 | BX7: 0.71319444 | CA7: Miriam | CB7: 23680836 | CC7: 0.43333333 | CD7: 0.43402778 | CG7: Itzelh | CH7: 23725514 | CI7: 0.42638889 | CJ7: 0.42847222 | CL7: * | CM7: Ana | CN7: 23762769 | CO7: 0.49930556 | CP7: 0.50138889 | CR7: * | CS7: Gabriela | CT7: 23694574 | CU7: 0.57222222 | CV7: 0.575 | CX7: * | CY7: Edna | CZ7: 23813562 | DA7: 0.69375 | DB7: 0.70555556 | DP7: * | DQ7: Gloria | DR7: 24118172 | DS7: 0.60416667 | DT7: 0.61111111 | DU7: 0.6125 | DW7: * | DX7: Ana | DY7: 24143942 | DZ7: 0.62222222 | EA7: 0.62361111 | EB7: 0.62777778 | ED7: * | EE7: Carolina | EF7: 24135746 | EG7: 0.46319444 | EH7: 0.46597222 | EI7: 0.46805556 | EK7: * | EL7: Paola | EM7: 24194094 | EN7: 0.52291667 | EO7: 0.52777778 | EP7: 0.53680556 | ES7: DANIELLY | ET7: 24244176 | EU7: 0.47916667 | EV7: 0.48263889 | EW7: 0.48472222 | EZ7: HECTOR | FA7: 24259562 | FB7: 0.51111111 | FC7: 0.51388889 | FD7: 0.51875 | FG7: HANIA | FH7: 24248096 | FI7: 0.38958333 | FJ7: 0.42569444 | FK7: 0.42777778 | FN7: MAGALI | FO7: 24306106 | FP7: 0.45416667 | FQ7: 0.46527778 | FR7: 0.46666667 | FU7: MARISOL | FV7: 24341216 | FW7: 0.47777778 | FX7: 0.47986111 | FY7: 0.48541667 | GB7: HANIA | GC7: 24361422 | GD7: 0.61111111 | GE7: 0.61597222 | GF7: 0.61875 | GI7: ITZEL CARRANZA | GJ7: 24386248 | GK7: 0.47708333 | GL7: 0.48055556 | GM7: 0.48611111 | GP7: DANIELA | GQ7: 24403818 | GR7: 0.51111111 | GS7: 0.51319444 | GT7: 0.51666667 | GW7: MAGALI | GX7: 24436594 | GY7: 0.44722222 | GZ7: 0.46041667 | HA7: 0.46180556 | HD7: LIDIA | HE7: 24140424 | HF7: 0.50277778 | HG7: 0.50416667 | HH7: 0.50972222 | HK7: HANIA | HL7: 24496366 | HM7: 0.34652778 | HN7: 0.35347222 | HO7: 0.35486111 | HR7: LIDIA | HS7: 24636206 | HT7: 0.51666667 | HU7: 0.52083333 | HV7: 0.53263889 | HY7: ANDRE | HZ7: 24663042 | IA7: 0.3625 | IB7: 0.36458333 | IC7: 0.36527778 | IF7: YESSENIA | IG7: 24708666 | IH7: 0.53611111 | II7: 0.53958333 | IJ7: 0.54305556 | IM7: HANIA | IN7: 24780510 | IO7: 0.49861111 | IP7: 0.50138889 | IQ7: 0.50416667 | IT7: GUADALUPE | IU7: 24811230 | IV7: 0.61944444 | IW7: 0.62638889 | IX7: 0.63055556 | JA7: LUIS | JB7: 24843042 | JC7: 0.75763889 | JD7: 0.75972222 | JE7: 0.76458333 | JH7: KATE | JI7: 24832226 | JJ7: 0.64513889 | JK7: 0.65069444 | JL7: X | JO7: MAYTE | JP7: 24872360 | JQ7: 0.35486111 | JR7: 0.36041667 | JS7: 0.36180556 | JV7: IRASEMA | JW7: 24814380 | JY7: 0.54722222 | JZ7: 0.58819444
A8: Magali | B8: 23315970 | C8: 0.55416667 | D8: 0.55833333 | G8: Melanie | H8: 23354314 | I8: 0.50486111 | J8: 0.51388889 | M8: Carolina | N8: 23366516 | O8: 0.42291667 | P8: 0.43194444 | S8: Magali | T8: 23411696 | U8: 0.40486111 | V8: 0.40694444 | Y8: Carolina | Z8: 23447794 | AA8: 0.43055556 | AB8: 0.43541667 | AE8: Hania | AF8: 23465238 | AG8: 0.42083333 | AH8: 0.42708333 | AK8: Carolina | AL8: 23496572 | AM8: 0.43055556 | AN8: 0.43402778 | AQ8: Hania | AR8: 23537976 | AS8: 0.44236111 | AT8: 0.44375 | AW8: Fernanda | AX8: 23571958 | AY8: 0.53194444 | AZ8: 0.53333333 | BC8: Adela | BD8: 23585834 | BE8: 0.43194444 | BF8: 0.44791667 | BI8: Dulce | BJ8: 23630392 | BK8: 0.42013889 | BL8: 0.42222222 | BO8: Litzy | BP8: 23646872 | BQ8: 0.42430556 | BR8: 0.42986111 | BU8: Gloria | BV8: 23661830 | BW8: 0.71111111 | BX8: 0.71388889 | CA8: Danielly | CB8: 23677662 | CC8: 0.43888889 | CD8: 0.43958333 | CG8: Carolina | CH8: 23727870 | CI8: 0.47013889 | CJ8: 0.47222222 | CL8: * | CM8: Paola | CN8: 23742131 | CO8: 0.56041667 | CP8: 0.5625 | CR8: * | CS8: Edna | CT8: 23798624 | CU8: 0.575 | CV8: 0.57777778 | DP8: * | DQ8: Hector | DR8: 24112100 | DS8: 0.61666667 | DT8: 0.62013889 | DU8: 0.63263889 | DW8: * | DX8: Gloria | DY8: 24155416 | DZ8: 0.62638889 | EA8: 0.64791667 | EB8: 0.65138889 | ED8: * | EE8: Itzelh | EF8: 24189214 | EG8: 0.46388889 | EH8: 0.46736111 | EI8: 0.47013889 | EK8: * | EL8: Ana | EM8: 24156734 | EN8: 0.52361111 | EO8: 0.52638889 | EP8: 0.54027778 | ES8: PAOLA | ET8: 24244458 | EU8: 0.48333333 | EV8: 0.48611111 | EW8: 0.4875 | EZ8: DANIELLY | FA8: 24258488 | FB8: 0.5125 | FC8: 0.51527778 | FD8: 0.52430556 | FG8: HECTOR | FH8: 24264720 | FI8: 0.42916667 | FJ8: 0.43263889 | FK8: 0.43402778 | FN8: KARINA | FO8: 24282658 | FP8: 0.48541667 | FQ8: 0.49097222 | FR8: 0.49861111 | FU8: HANIA | FV8: 24342088 | FW8: 0.47916667 | FX8: 0.48333333 | FY8: 0.48472222 | GB8: MARISOL | GC8: 24375688 | GD8: 0.62638889 | GE8: 0.63541667 | GF8: 0.64236111 | GI8: HECTOR | GJ8: 24397608 | GK8: 0.47291667 | GL8: 0.48333333 | GM8: 0.48541667 | GP8: LIDIA | GQ8: 23808686 | GR8: 0.54791667 | GS8: 0.54791667 | GT8: 0.55486111 | GW8: CAROLINA | GX8: 24436100 | GY8: 0.47013889 | GZ8: 0.47222222 | HA8: 0.47361111 | HD8: DANIELLY | HE8: 24194850 | HF8: 0.50416667 | HG8: 0.50694444 | HH8: 0.51597222 | HK8: HANIA | HL8: 24508078 | HM8: 0.34722222 | HN8: 0.35694444 | HO8: 0.35902778 | HR8: HANIA | HS8: 24506056 | HT8: 0.54166667 | HU8: 0.54444444 | HV8: 0.54652778 | HY8: IRASEMA | HZ8: 24560966 | IA8: 0.37569444 | IB8: 0.37638889 | IC8: 0.37708333 | IF8: EDNA | IG8: 24739472 | IH8: 0.56666667 | II8: 0.57291667 | IJ8: 0.57430556 | IM8: LIDIA | IN8: 24746116 | IO8: 0.5 | IP8: 0.50347222 | IQ8: 0.50555556 | IT8: MARISOL | IU8: 24798358 | IV8: 0.61180556 | IW8: 0.62916667 | IX8: 0.63055556 | JA8: CAROLINA | JB8: 24842778 | JC8: 0.78333333 | JD8: 0.78472222 | JE8: 0.78680556 | JH8: IRASEMA | JI8: 24845400 | JJ8: 0.64027778 | JK8: 0.65277778 | JL8: 0.65555556 | JO8: JAEL | JP8: 24863224 | JQ8: 0.44097222 | JR8: 0.44375 | JS8: 0.48819444
A9: Marisol | B9: 23316886 | C9: 0.55625 | D9: 0.5625 | G9: Magali | H9: 23354946 | I9: 0.50763889 | J9: 0.50902778 | M9: Hector | N9: 23387140 | O9: 0.42430556 | P9: 0.42986111 | S9: Marisol | T9: 23413818 | U9: 0.40972222 | V9: 0.41180556 | Y9: Edna | Z9: 23449984 | AA9: 0.43333333 | AB9: 0.43611111 | AE9: Dulce | AF9: 23449594 | AG9: 0.42291667 | AH9: 0.42777778 | AK9: Itzelh | AL9: 23505370 | AM9: 0.43819444 | AN9: 0.44027778 | AQ9: Carolina | AR9: 23529192 | AS9: 0.44375 | AT9: 0.44513889 | AW9: Melanie | AX9: 23572276 | AY9: 0.53819444 | AZ9: 0.55138889 | BC9: Edna | BD9: 22128172 | BE9: 0.43541667 | BF9: 0.43680556 | BI9: Marisol | BJ9: 23628198 | BK9: 0.42291667 | BL9: 0.42361111 | BO9: Litzy | BP9: 23645820 | BQ9: 0.42986111 | BR9: 0.43611111 | BU9: Danielly | BV9: 23663152 | BW9: 0.71388889 | BX9: 0.35972222 | CA9: Edna | CB9: 23682400 | CC9: 0.44236111 | CD9: 0.44375 | CG9: Ana | CH9: 23727890 | CI9: 0.47569444 | CJ9: 0.47847222 | CL9: * | CM9: Itzel Carranza | CN9: 23757641 | CO9: 0.5625 | CP9: 0.56527778 | CR9: * | CS9: Paola | CT9: 23795136 | CU9: 0.57847222 | CV9: 0.58333333 | DP9: * | DQ9: Karina | DR9: 24123358 | DS9: 0.62777778 | DT9: 0.65277778 | DU9: 0.66666667 | DW9: * | DX9: Hector | DY9: 24150934 | DZ9: 0.62708333 | EA9: 0.64930556 | EB9: 0.65138889 | ED9: * | EE9: Hector | EF9: 24175378 | EG9: 0.47569444 | EH9: 0.47708333 | EI9: 0.48541667 | EK9: * | EL9: Miriam | EM9: 23617548 | EN9: 0.54097222 | EO9: 0.54791667 | EP9: 0.54930556 | ES9: DULCE | ET9: 24206152 | EU9: 0.48611111 | EV9: 0.49097222 | EW9: 0.49375 | EZ9: DULCE | FA9: 24251922 | FB9: 0.74236111 | FC9: 0.50208333 | FD9: 0.53402778 | FG9: DANIELLY | FH9: 24274398 | FI9: 0.42569444 | FJ9: 0.4375 | FK9: 0.44375 | FN9: HECTOR | FO9: 24285520 | FP9: 0.49583333 | FQ9: 0.50208333 | FR9: 0.50555556 | FU9: ITZEL CARRANZA | FV9: 24346820 | FW9: 0.47986111 | FX9: 0.4875 | FY9: 0.48819444 | GB9: DULCE | GC9: 24376962 | GD9: 0.63958333 | GE9: 0.64513889 | GF9: 0.64791667 | GI9: MARISOL | GJ9: 24397820 | GK9: 0.48472222 | GL9: 0.48958333 | GM9: 0.49444444 | GW9: IRASEMA | GX9: 24436222 | GY9: 0.47083333 | GZ9: 0.475 | HA9: 0.47638889 | HD9: PAOLA | HE9: 24377376 | HF9: 0.51180556 | HG9: 0.52013889 | HH9: 0.52152778 | HK9: ANA | HL9: 24505658 | HM9: 0.34861111 | HN9: 0.35555556 | HO9: 0.36041667 | HR9: HECTOR | HS9: 24639144 | HT9: 0.54513889 | HU9: 0.54791667 | HV9: 0.55 | HY9: GLORIA | HZ9: 24648992 | IA9: 0.37222222 | IB9: 0.37291667 | IC9: 0.375 | IF9: CAROLINA | IG9: 24733372 | IH9: 0.56527778 | II9: 0.57430556 | IJ9: 0.57569444 | IM9: YESSENIA | IN9: 23555868 | IO9: 0.53402778 | IP9: 0.53611111 | IQ9: 0.53680556 | IT9: CAROLINA | IU9: 24512994 | IV9: 0.61597222 | IW9: 0.63125 | IX9: 0.63333333 | JH9: JAEL | JI9: 24848912 | JJ9: 0.64722222 | JK9: 0.65555556 | JL9: 0.66805556 | JO9: MAGALI | JP9: 24874688 | JQ9: 0.45763889 | JR9: 0.47986111 | JS9: 0.48055556
A10: Magali | B10: 23317238 | C10: 0.61319444 | D10: 0.61388889 | G10: Marisol | H10: 23356506 | I10: 0.52569444 | J10: 0.52777778 | M10: Melanie | N10: 23395518 | O10: 0.45 | P10: 0.45555556 | S10: Hania | T10: 23411008 | U10: 0.41597222 | V10: 0.425 | Y10: Itzelh | Z10: 23448778 | AA10: 0.43958333 | AB10: 0.44722222 | AE10: Miriam | AF10: 23472988 | AG10: 0.49583333 | AH10: 0.49791667 | AK10: Miriam | AL10: 23496458 | AM10: 0.45 | AN10: 0.45208333 | AQ10: Danielly | AR10: 23529120 | AS10: 0.45972222 | AT10: 0.46111111 | AW10: Hania | AX10: 23574330 | AY10: 0.59652778 | AZ10: 0.59930556 | BC10: Marisol | BD10: 23603210 | BE10: 0.44930556 | BF10: 0.45347222 | BI10: Irasema | BJ10: 23633758 | BK10: 0.45972222 | BL10: 0.46111111 | BO10: Guadalupe | BP10: 23645718 | BQ10: 0.43472222 | BR10: 0.45138889 | BU10: Ana | BV10: 23663760 | BW10: 0.63402778 | BX10: 0.63611111 | CA10: Ana | CB10: 23677336 | CC10: 0.44583333 | CD10: 0.44861111 | CG10: Hector | CH10: 23728198 | CI10: 0.49166667 | CJ10: 0.49444444 | CL10: * | CM10: Hector | CN10: 23766780 | CO10: 0.60138889 | CP10: 0.63958333 | CR10: * | CS10: Hector | CT10: 23729930 | CU10: 0.58125 | CV10: 0.58263889 | DP10: * | DQ10: Irasema | DR10: 24118148 | DS10: 0.65138889 | DT10: 0.65833333 | DU10: 0.65972222 | DW10: * | DX10: Itzelh | DY10: 24143988 | DZ10: 0.63402778 | EA10: 0.65138889 | EB10: 0.65277778 | ED10: * | EE10: Paola | EF10: 24179344 | EG10: 0.50208333 | EH10: 0.50486111 | EI10: 0.50763889 | EK10: * | EL10: Karina | EM10: 24207466 | EN10: 0.54722222 | EO10: 0.55277778 | EP10: 0.5625 | ES10: ITZEL CARRANZA | ET10: 24243322 | EU10: 0.49375 | EV10: 0.50208333 | EW10: 0.50555556 | EZ10: HECTOR | FA10: 24262416 | FB10: 0.54722222 | FC10: 0.54791667 | FD10: 0.55 | FG10: ITZELH | FH10: 24258240 | FI10: 0.37152778 | FJ10: 0.43958333 | FK10: 0.44861111 | FN10: HANIA | FO10: 24306348 | FP10: 0.50138889 | FQ10: 0.50347222 | FR10: 0.50555556 | FU10: CAROLINA | FV10: 24344264 | FW10: 0.48888889 | FX10: 0.49097222 | FY10: 0.49097222 | GB10: CAROLINA | GC10: 24378904 | GD10: 0.64166667 | GE10: 0.64861111 | GF10: 0.65 | GI10: DULCE | GJ10: 22591716 | GK10: 0.49375 | GL10: 0.49375 | GM10: 0.49930556 | GW10: ANA | GX10: 24174154 | GY10: 0.47222222 | GZ10: 0.47638889 | HA10: 0.47986111 | HD10: IRASEMA | HE10: 24140380 | HF10: 0.51527778 | HG10: 0.52222222 | HH10: 0.525 | HK10: HECTOR | HL10: 24507922 | HM10: 0.37291667 | HN10: 0.37222222 | HO10: 0.37430556 | HR10: MIRIAM | HS10: 24643024 | HT10: 0.68888889 | HU10: 0.69166667 | HV10: 0.69583333 | HY10: MIRIAM | HZ10: 24664610 | IA10: 0.37291667 | IB10: 0.375 | IC10: 0.37708333 | IF10: EDNA | IG10: 24733076 | IH10: 0.58055556 | II10: 0.58194444 | IJ10: 0.58333333 | IM10: MAGALI | IN10: 24754950 | IO10: 0.54583333 | IP10: 0.55 | IQ10: 0.58125 | IT10: KARINA | IU10: 24815046 | IV10: 0.63125 | IW10: 0.63541667 | IX10: 0.64097222 | JH10: PAOLA | JI10: 24852260 | JJ10: 0.65208333 | JK10: 0.65694444 | JL10: 0.67152778 | JO10: KARINA | JP10: 24885112 | JQ10: 0.47916667 | JR10: 0.48472222 | JS10: 0.49166667
A11: Fernanda | B11: 23316542 | C11: 0.55833333 | D11: 0.56319444 | G11: Irasema | H11: 23361246 | I11: 0.56527778 | J11: 0.57430556 | M11: Hector | N11: 23395454 | O11: 0.45555556 | P11: 0.45763889 | S11: Dulce | T11: 23412012 | U11: 0.41736111 | V11: 0.43194444 | Y11: Edna | Z11: 23407274 | AA11: 0.45625 | AB11: 0.45694444 | AE11: Miriam | AF11: 23472932 | AG11: 0.50138889 | AH11: 0.50208333 | AK11: Hania | AL11: 23510100 | AM11: 0.45416667 | AN11: 0.45625 | AQ11: Carolina | AR11: 23541394 | AS11: 0.48819444 | AT11: 0.49097222 | AW11: Adela | AX11: 23517248 | AY11: 0.60902778 | AZ11: 0.62708333 | BC11: Itzelh | BD11: 23603816 | BE11: 0.48888889 | BF11: 0.49166667 | BI11: Hania | BJ11: 23638114 | BK11: 0.50972222 | BL11: 0.51111111 | BO11: Gabriela | BP11: 23652660 | BQ11: 0.4375 | BR11: 0.43819444 | BU11: Guadalupe | BV11: 23663956 | BW11: 0.64652778 | BX11: 0.64930556 | CA11: Itzelh | CB11: 23682310 | CC11: 0.44791667 | CD11: 0.45138889 | CG11: Hania | CH11: 23730476 | CI11: 0.54166667 | CJ11: 0.54444444 | CL11: * | CM11: Danielly | CN11: 23763509 | CO11: 0.61666667 | CP11: 0.62222222 | CR11: * | CS11: Ana | CT11: 23799212 | CU11: 0.61597222 | CV11: 0.62083333 | DP11: * | DQ11: Ana | DR11: 24117474 | DS11: 0.67222222 | DT11: 0.67847222 | DU11: 0.68055556 | DW11: * | DX11: Ana | DY11: 24153144 | DZ11: 0.64375 | EA11: 0.65277778 | EB11: 0.65694444 | ED11: * | EE11: Magali | EF11: 24187756 | EG11: 0.50833333 | EH11: 0.50902778 | EI11: 0.51111111 | EK11: * | EL11: Itzelh | EM11: 24204480 | EN11: 0.57708333 | EO11: 0.58472222 | EP11: 0.58819444 | ES11: HANIA | ET11: 24245006 | EU11: 0.49583333 | EV11: 0.50347222 | EW11: 0.50625 | FG11: FERNANDA | FH11: 24254170 | FI11: 0.37916667 | FJ11: 0.44097222 | FK11: 0.44583333 | FN11: MIRIAM | FO11: 24305176 | FP11: 0.50902778 | FQ11: 0.51805556 | FR11: 0.51875 | FU11: MAGALI | FV11: 24334756 | FW11: 0.48541667 | FX11: 0.49305556 | FY11: 0.49930556 | GB11: HECTOR | GC11: 24379392 | GD11: 0.64791667 | GE11: 0.65069444 | GF11: 0.65347222 | GI11: LIDIA | GJ11: 24204694 | GK11: 0.51527778 | GL11: 0.51805556 | GM11: 0.52569444 | GW11: FERNANDA | GX11: 24431628 | GY11: 0.49236111 | GZ11: 0.49652778 | HA11: 0.50277778 | HD11: LIDIA | HE11: 24363678 | HF11: 0.59375 | HG11: 0.59791667 | HH11: 0.60694444 | HK11: ITZEL CARRANZA | HL11: 24509532 | HM11: 0.36041667 | HN11: 0.37361111 | HO11: 0.37708333 | HR11: IRASEMA | HS11: 24637060 | HT11: 0.69375 | HU11: 0.69791667 | HV11: 0.7 | HY11: FERNANDA | HZ11: 24561580 | IA11: 0.38125 | IB11: 0.40208333 | IC11: 0.40347222 | IF11: KARINA | IG11: 24668210 | IH11: 0.59166667 | II11: 0.59722222 | IJ11: 0.6125 | IM11: LIDIA | IN11: 24782818 | IO11: 0.54166667 | IP11: 0.55277778 | IQ11: 0.55555556 | IT11: KATE | IU11: 24806836 | IV11: 0.65 | IW11: 0.65972222 | IX11: 0.68194444 | JH11: HECTOR | JI11: 24388108 | JJ11: 0.64861111 | JK11: 0.65833333 | JL11: 0.66597222 | JO11: ITZEL CARRANZA | JP11: 24863308 | JQ11: 0.49513889 | JR11: 0.49791667 | JS11: 0.50763889
A12: Carolina | B12: 23316200 | C12: 0.74652778 | D12: 0.75 | G12: Fernanda | H12: 23366228 | I12: 0.56736111 | J12: 0.56944444 | M12: Magali | N12: 23396260 | O12: 0.5 | P12: 0.50486111 | S12: Danielly | T12: 23411914 | U12: 0.41944444 | V12: 0.42013889 | Y12: Itzelh | Z12: 23451164 | AA12: 0.45972222 | AB12: 0.46111111 | AE12: Carolina | AF12: 23474020 | AG12: 0.55208333 | AH12: 0.56041667 | AK12: Edna | AL12: 23494478 | AM12: 0.46041667 | AN12: 0.46180556 | AQ12: Miriam | AR12: 23544198 | AS12: 0.52916667 | AT12: 0.52986111 | AW12: Adela | AX12: 23577310 | AY12: 0.64930556 | AZ12: 0.65833333 | BC12: Fernanda | BD12: 23607278 | BE12: 0.55972222 | BF12: 0.56458333 | BI12: Fernanda | BJ12: 23638256 | BK12: 0.51388889 | BL12: 0.51736111 | BO12: Hania | BP12: 23655578 | BQ12: 0.45 | BR12: 0.45208333 | BU12: Gabriela | BV12: 23664094 | BW12: 0.69722222 | BX12: 0.69861111 | CA12: Ana | CB12: 23682004 | CC12: 0.44930556 | CD12: 0.45138889 | CG12: Irasema | CH12: 23732082 | CI12: 0.60763889 | CJ12: 0.60833333 | CL12: * | CM12: Danielly | CN12: 23770102 | CO12: 0.66597222 | CP12: 0.66944444 | CR12: * | CS12: Ana | CT12: 23803036 | CU12: 0.64722222 | CV12: 0.65138889 | DP12: * | DQ12: Karina | DR12: 24131178 | DS12: 0.7 | DT12: 0.70763889 | DU12: 0.71527778 | DW12: * | DX12: Hector | DY12: 24156254 | DZ12: 0.64583333 | EA12: 0.65138889 | EB12: 0.65416667 | ED12: * | EE12: Miriam | EF12: 24189738 | EG12: 0.50555556 | EH12: 0.51111111 | EI12: 0.5125 | EK12: * | EL12: Miriam | EM12: 24206450 | EN12: 0.60138889 | EO12: 0.61944444 | EP12: 0.62152778 | ES12: MAGALI | ET12: 24226786 | EU12: 0.49930556 | EV12: 0.50486111 | EW12: 0.50763889 | FG12: IRASEMA | FH12: 24269314 | FI12: 0.38472222 | FJ12: 0.44375 | FK12: 0.44375 | FN12: IRASEMA | FO12: 24307352 | FP12: 0.51527778 | FQ12: 0.51944444 | FR12: 0.52013889 | FU12: EDNA | FV12: 24347364 | FW12: 0.48958333 | FX12: 0.49513889 | FY12: 0.50138889 | GB12: MAYTE | GC12: 24375538 | GD12: 0.66458333 | GE12: 0.67708333 | GF12: 0.67847222 | GI12: DULCE | GJ12: 24383926 | GK12: 0.53611111 | GL12: 0.53888889 | GM12: 0.54652778 | GW12: HANIA | GX12: 24400734 | GY12: 0.5 | GZ12: 0.50902778 | HA12: 0.51180556 | HD12: FERNANDA | HE12: 24232976 | HF12: 0.67083333 | HG12: 0.67430556 | HH12: 0.67638889 | HK12: ANA | HL12: 24508832 | HM12: 0.35416667 | HN12: 0.36111111 | HO12: 0.36805556 | HR12: PAOLA | HS12: 24583688 | HT12: 0.74583333 | HU12: 0.74652778 | HV12: 0.74791667 | HY12: YESSENIA | HZ12: 24663518 | IA12: 0.38402778 | IB12: 0.40694444 | IC12: 0.40902778 | IF12: HECTOR | IG12: 24745156 | IH12: 0.61597222 | II12: 0.62569444 | IJ12: 0.63055556 | IM12: BEATRIZ | IN12: 24673622 | IO12: 0.62013889 | IP12: 0.62152778 | IQ12: 0.62361111 | IT12: HECTOR | IU12: 24816960 | IV12: 0.65763889 | IW12: 0.66527778 | IX12: 0.66666667 | JH12: HECTOR | JI12: 24852680 | JJ12: 0.65347222 | JK12: 0.65972222 | JL12: 0.66666667 | JO12: CAROLINA | JP12: 23300822 | JQ12: 0.52083333 | JR12: 0.52291667 | JS12: 0.52430556
A13: Marisol | B13: 23315804 | C13: 0.66319444 | D13: 0.66458333 | G13: Hector | H13: 23299322 | I13: 0.58541667 | J13: 0.5875 | M13: Marisol | N13: 23397686 | O13: 0.50347222 | P13: 0.50902778 | S13: Fernanda | T13: 23421662 | U13: 0.42152778 | V13: 0.425 | Y13: Danielly | Z13: 23452660 | AA13: 0.49375 | AB13: 0.51527778 | AE13: Dulce | AF13: 23474828 | AG13: 0.57708333 | AH13: 0.58055556 | AK13: Dulce | AL13: 23509134 | AM13: 0.47083333 | AN13: 0.48125 | AQ13: Carolina | AR13: 23544258 | AS13: 0.53194444 | AT13: 0.53263889 | AW13: Marisol | AX13: 23578870 | AY13: 0.68402778 | AZ13: 0.6875 | BC13: Marisol | BD13: 23606470 | BE13: 0.56666667 | BF13: 0.58680556 | BI13: Irasema | BJ13: 23639618 | BK13: 0.55 | BL13: 0.55138889 | BO13: Hania | BP13: 23656368 | BQ13: 0.45972222 | BR13: 0.46111111 | BU13: Litzy | BV13: 23671064 | BW13: 0.66041667 | BX13: 0.66319444 | CA13: Dulce | CB13: 23695804 | CC13: 0.46319444 | CD13: 0.46597222 | CG13: Hania | CH13: 23731776 | CI13: 0.61041667 | CJ13: 0.61180556 | CL13: * | CM13: Hector | CN13: 23769606 | CO13: 0.66180556 | CP13: 0.66597222 | CR13: * | CS13: Edna | CT13: 23773002 | CU13: 0.63611111 | CV13: 0.63819444 | DP13: * | DQ13: Hania | DR13: 24127866 | DS13: 0.71805556 | DT13: 0.72569444 | DU13: 0.72847222 | DW13: * | DX13: Paola | DY13: 24133218 | DZ13: 0.65555556 | EA13: 0.65833333 | EB13: 0.65972222 | ED13: * | EE13: Hania | EF13: 24177214 | EG13: 0.52569444 | EH13: 0.52777778 | EI13: 0.53055556 | EK13: * | EL13: Ana | EM13: 24207116 | EN13: 0.64513889 | EO13: 0.64652778 | EP13: 0.65902778 | ES13: DULCE | ET13: 24176964 | EU13: 0.52777778 | EV13: 0.5375 | EW13: 0.55138889 | FG13: FERNANDA | FH13: 24233252 | FI13: 0.43125 | FJ13: 0.44652778 | FK13: 0.45 | FN13: ITZELH | FO13: 24298956 | FP13: 0.53333333 | FQ13: 0.53958333 | FR13: 0.55347222 | FU13: ANDRE | FV13: 24341518 | FW13: 0.49027778 | FX13: 0.51111111 | FY13: 0.51458333 | GB13: DULCE | GC13: 24307394 | GD13: 0.67916667 | GE13: 0.68125 | GF13: 0.68402778 | GI13: DULCE | GJ13: 24395944 | GK13: 0.57916667 | GL13: 0.58263889 | GM13: 0.5875 | GW13: MARISOL | GX13: 24435678 | GY13: 0.54097222 | GZ13: 0.54791667 | HA13: 0.55069444 | HK13: ITZEL CARRANZA | HL13: 24500766 | HM13: 0.38611111 | HN13: 0.39652778 | HO13: 0.39861111 | HR13: IRASEMA | HS13: 24645494 | HT13: 0.75277778 | HU13: 0.75347222 | HV13: 0.75486111 | HY13: HECTOR | HZ13: 24498862 | IA13: 0.38819444 | IB13: 0.38888889 | IC13: 0.39027778 | IF13: DANIELLY | IG13: 24742840 | IH13: 0.69097222 | II13: 0.69375 | IJ13: 0.69652778 | IM13: MARISOL | IN13: 24412556 | IO13: 0.65694444 | IP13: 0.6625 | IQ13: 0.66458333 | IT13: DANIELLY | IU13: 24509568 | IV13: 0.73194444 | IW13: 0.73333333 | IX13: 0.7375 | JH13: GUADALUPE | JI13: 24853670 | JJ13: 0.65625 | JK13: 0.66111111 | JL13: 0.67430556 | JO13: KARINA | JP13: 24885250 | JQ13: 0.53263889 | JR13: 0.53402778 | JS13: 0.54375
A14: Fernanda | B14: 23320708 | C14: 0.66805556 | D14: 0.66944444 | G14: Itzelh | H14: 23361482 | I14: 0.58680556 | J14: 0.58819444 | M14: Hector | N14: 23399188 | O14: 0.56736111 | P14: 0.57222222 | S14: Hania | T14: 23409272 | U14: 0.42569444 | V14: 0.43055556 | Y14: Hania | Z14: 23453970 | AA14: 0.52152778 | AB14: 0.52777778 | AK14: Danielly | AL14: 23512848 | AM14: 0.50763889 | AN14: 0.51458333 | AQ14: Itzelh | AR14: 23544172 | AS14: 0.53402778 | AT14: 0.53611111 | AW14: Fernanda | AX14: 23579204 | AY14: 0.68541667 | AZ14: 0.68680556 | BC14: Fernanda | BD14: 23608362 | BE14: 0.59791667 | BF14: 0.6 | BI14: Marisol | BJ14: 23640410 | BK14: 0.59444444 | BL14: 0.6125 | BO14: Deyanira | BP14: 23657324 | BQ14: 0.51458333 | BR14: 0.51944444 | BU14: Ana | BV14: 23675408 | BW14: 0.6625 | BX14: 0.69236111 | CA14: Hania | CB14: 23682388 | CC14: 0.46597222 | CD14: 0.46805556 | CG14: Hania | CH14: 23681658 | CI14: 0.61180556 | CJ14: 0.6125 | CL14: * | CM14: Danielly | CN14: 23772894 | CO14: 0.68958333 | CP14: 0.70416667 | CR14: * | CS14: Gloria | CT14: 22903402 | CU14: 0.65069444 | CV14: 0.65555556 | DW14: * | DX14: Miriam | DY14: 24167800 | DZ14: 0.65763889 | EA14: 0.66041667 | EB14: 0.6625 | ED14: * | EE14: Hector | EF14: 24167074 | EG14: 0.58055556 | EH14: 0.58263889 | EI14: 0.58472222 | EK14: * | EL14: Itzelh | EM14: 24203946 | EN14: 0.65347222 | EO14: 0.65694444 | EP14: 0.66180556 | ES14: ANA | ET14: 24225990 | EU14: 0.5375 | EV14: 0.54444444 | EW14: 0.55416667 | FG14: MAGALI | FH14: 24268034 | FI14: 0.38055556 | FJ14: 0.45069444 | FK14: 0.45208333 | FN14: ANA | FO14: 24286836 | FP14: 0.57291667 | FQ14: 0.57847222 | FR14: 0.58263889 | FU14: GLORIA | FV14: 24348382 | FW14: 0.50833333 | FX14: 0.51666667 | FY14: 0.52430556 | GB14: MIRIAM | GC14: 24368196 | GD14: 0.68611111 | GE14: 0.6875 | GF14: 0.68819444 | GI14: CAROLINA | GJ14: 24383666 | GK14: 0.61111111 | GL14: 0.61319444 | GM14: 0.61388889 | GW14: KARINA | GX14: 24442956 | GY14: 0.54305556 | GZ14: 0.55138889 | HA14: 0.55694444 | HK14: HECTOR | HL14: 24492356 | HM14: 0.39583333 | HN14: 0.48125 | HO14: 0.48472222 | HR14: MIRIAM | HS14: 24638484 | HT14: 0.75416667 | HU14: 0.75833333 | HV14: 0.75972222 | HY14: KARINA | HZ14: 24668264 | IA14: 0.39166667 | IB14: 0.39236111 | IC14: 0.40208333 | IF14: MARISOL | IG14: 24746860 | IH14: 0.70833333 | II14: 0.70902778 | IJ14: 0.74375 | IM14: ANDRE | IN14: 24790916 | IO14: 0.66180556 | IP14: 0.66458333 | IQ14: 0.66597222 | IT14: HECTOR | IU14: 24816418 | IV14: 0.73819444 | IW14: 0.73888889 | IX14: 0.74097222 | JH14: MAGALI | JI14: 24858148 | JJ14: 0.66041667 | JK14: 0.66666667 | JL14: 0.66805556 | JO14: DANIELLY | JP14: 24874478 | JQ14: 0.53055556 | JR14: 0.53541667 | JS14: 0.53611111
A15: Itzelh | B15: 23320194 | C15: 0.67291667 | D15: 0.72847222 | G15: Melanie | H15: 23366836 | I15: 0.60138889 | J15: 0.60347222 | M15: Hector | N15: 23399712 | O15: 0.57291667 | P15: 0.57430556 | S15: Dulce | T15: 23412546 | U15: 0.44444444 | V15: 0.44583333 | Y15: Dulce | Z15: 23454120 | AA15: 0.52291667 | AB15: 0.52569444 | AK15: Itzelh | AL15: 23514362 | AM15: 0.53194444 | AN15: 0.53402778 | AQ15: Miriam | AR15: 23543158 | AS15: 0.59375 | AT15: 0.59513889 | AW15: Danielly | AX15: 23579822 | AY15: 0.70972222 | AZ15: 0.71111111 | BC15: Magali | BD15: 23610348 | BE15: 0.62361111 | BF15: 0.62638889 | BI15: Dulce | BJ15: 23641280 | BK15: 0.60069444 | BL15: 0.6125 | BO15: Hania | BP15: 23658308 | BQ15: 0.54791667 | BR15: 0.55 | CA15: Edna | CB15: 23694228 | CC15: 0.46736111 | CD15: 0.475 | CG15: Irasema | CH15: 23732970 | CI15: 0.62083333 | CJ15: 0.625 | CL15: * | CM15: Hania | CN15: 23760627 | CO15: 0.69097222 | CP15: 0.69444444 | CR15: * | CS15: Ana | CT15: 23809056 | CU15: 0.71111111 | CV15: 0.71736111 | DW15: * | DX15: Danielly | DY15: 24162118 | DZ15: 0.67777778 | EA15: 0.68125 | EB15: 0.68333333 | ED15: * | EE15: Magali | EF15: 24174738 | EG15: 0.57708333 | EH15: 0.58472222 | EI15: 0.58680556 | EK15: * | EL15: Irasema | EM15: 24227018 | EN15: 0.69166667 | EO15: 0.69375 | EP15: 0.69652778 | ES15: HANIA | ET15: 24244374 | EU15: 0.61597222 | EV15: 0.61805556 | EW15: 0.61875 | FG15: MAGALI | FH15: 24265438 | FI15: 0.40694444 | FJ15: 0.45208333 | FK15: 0.45347222 | FN15: HECTOR | FO15: 24323240 | FP15: 0.64583333 | FQ15: 0.65069444 | FR15: 0.65277778 | FU15: PAOLA | FV15: 24330892 | FW15: 0.50902778 | FX15: 0.51805556 | FY15: 0.52777778 | GB15: MARISOL | GC15: 24374234 | GD15: 0.69166667 | GE15: 0.69513889 | GF15: 0.69930556 | GI15: PAOLA | GJ15: 24397974 | GK15: 0.60902778 | GL15: 0.61527778 | GM15: 0.61597222 | GW15: DANIELLY | GX15: 24443860 | GY15: 0.55277778 | GZ15: 0.55416667 | HA15: 0.55763889 | HK15: HECTOR | HL15: 24506160 | HM15: 0.4 | HN15: 0.40833333 | HO15: 0.41111111 | HR15: DANIELLY | HS15: 24642240 | HT15: 0.75069444 | HU15: 0.75972222 | HV15: 0.7625 | HY15: PAOLA | HZ15: 24671442 | IA15: 0.35555556 | IB15: 0.37083333 | IC15: 0.37152778 | IM15: PAOLA | IN15: 24763584 | IO15: 0.67013889 | IP15: 0.67291667 | IQ15: 0.67430556 | IT15: YESSENIA | IU15: 24818116 | IV15: 0.73611111 | IW15: 0.74097222 | IX15: 0.74166667 | JH15: KATE | JI15: 24859170 | JJ15: 0.66319444 | JK15: 0.66805556 | JL15: X | JO15: MAGALI | JP15: 24878674 | JQ15: 0.54097222 | JR15: 0.54375 | JS15: 0.54652778
A16: Melanie | B16: 23322864 | C16: 0.69930556 | D16: 0.70763889 | G16: Marisol | H16: 23367142 | I16: 0.60277778 | J16: 0.60694444 | M16: Hania | N16: 23400836 | O16: 0.67291667 | P16: 0.67777778 | S16: Itzelh | T16: 23422306 | U16: 0.44652778 | V16: 0.45 | Y16: Danielly | Z16: 23453938 | AA16: 0.68333333 | AB16: 0.68541667 | AK16: Carolina | AL16: 23514274 | AM16: 0.53888889 | AN16: 0.54166667 | AQ16: Itzelh | AR16: 23546532 | AS16: 0.59791667 | AT16: 0.6 | AW16: Melanie | AX16: 23580152 | AY16: 0.73055556 | AZ16: 0.73611111 | BC16: Miriam | BD16: 23609642 | BE16: 0.62569444 | BF16: 0.62638889 | BI16: Magali | BJ16: 23640364 | BK16: 0.60277778 | BL16: 0.60625 | BO16: Gabriela | BP16: 23658658 | BQ16: 0.55486111 | BR16: 0.55625 | CA16: Dulce | CB16: 23692646 | CC16: 0.47152778 | CD16: 0.47430556 | CG16: Adela | CH16: 23733012 | CI16: 0.62430556 | CJ16: 0.62777778 | CL16: * | CM16: Fernanda | CN16: 23773976 | CO16: 0.7125 | CP16: 0.72291667 | CR16: * | CS16: Gabriela | CT16: 23807862 | CU16: 0.73472222 | CV16: 0.7375 | DW16: * | DX16: Hector | DY16: 24157472 | DZ16: 0.69305556 | EA16: 0.69583333 | EB16: 0.69722222 | ED16: * | EE16: Danielly | EF16: 24169488 | EG16: 0.66597222 | EH16: 0.66597222 | EI16: 0.66805556 | EK16: * | EL16: Hector | EM16: 24227606 | EN16: 0.71458333 | EO16: 0.71875 | EP16: 0.72152778 | ES16: DANIELLY | ET16: 24249284 | EU16: 0.61736111 | EV16: 0.62152778 | EW16: 0.62222222 | FG16: PAOLA | FH16: 24266598 | FI16: 0.38125 | FJ16: 0.45486111 | FK16: 0.45555556 | FN16: HANIA | FO16: 24324380 | FP16: 0.67916667 | FQ16: 0.69444444 | FR16: 0.69722222 | FU16: MAGALI | FV16: 24347928 | FW16: 0.51111111 | FX16: 0.52152778 | FY16: 0.52291667 | GB16: HECTOR | GC16: 24361520 | GD16: 0.70694444 | GE16: 0.70972222 | GF16: 0.71180556 | GI16: KARINA | GJ16: 24358246 | GK16: 0.61666667 | GL16: 0.61875 | GM16: 0.62638889 | GW16: MAGALI | GX16: 24450184 | GY16: 0.59930556 | GZ16: 0.60902778 | HA16: 0.61736111 | HK16: FERNANDA | HL16: 24491252 | HM16: 0.40416667 | HN16: 0.41111111 | HO16: 0.41805556 | HY16: ANA | HZ16: 24285568 | IA16: 0.35694444 | IB16: 0.36875 | IC16: 0.37152778 | IM16: DANIELLY | IN16: 24756884 | IO16: 0.70208333 | IP16: 0.70347222 | IQ16: 0.70486111 | IT16: MARISOL | IU16: 24820162 | IV16: 0.78819444 | IW16: 0.78958333 | IX16: 0.79236111 | JH16: LUZ | JI16: 24853960 | JJ16: 0.6625 | JK16: 0.67013889 | JL16: X | JO16: PAOLA | JP16: 24856488 | JQ16: 0.66666667 | JR16: 0.66944444 | JS16: 0.67013889
A17: Irasema | B17: 23313672 | C17: 0.50208333 | D17: 0.50347222 | G17: Irasema | H17: 23366640 | I17: 0.60763889 | J17: 0.60972222 | M17: Dulce | N17: 23404128 | O17: 0.6875 | P17: 0.69513889 | S17: Hania | T17: 23418786 | U17: 0.44930556 | V17: 0.45277778 | Y17: Miriam | Z17: 23459610 | AA17: 0.68680556 | AB17: 0.68888889 | AK17: Itzelh | AL17: 23515556 | AM17: 0.56875 | AN17: 0.57013889 | AQ17: Hania | AR17: 23547416 | AS17: 0.63819444 | AT17: 0.64444444 | AW17: Marisol | AX17: 23580680 | AY17: 0.74097222 | AZ17: 0.74305556 | BC17: Miriam | BD17: 23609578 | BE17: 0.62638889 | BF17: 0.62777778 | BI17: Melanie | BJ17: 23641304 | BK17: 0.60555556 | BL17: 0.60833333 | CA17: Danielly | CB17: 23694616 | CC17: 0.48333333 | CD17: 0.48541667 | CG17: Danielly | CH17: 23733378 | CI17: 0.62847222 | CJ17: 0.62986111 | CL17: * | CM17: Hania | CN17: 23698706 | CO17: 0.71875 | CP17: 0.72152778 | CR17: * | CS17: Itzelh | CT17: 23808822 | CU17: 0.75 | CV17: 0.76180556 | ED17: * | EE17: Ana | EF17: 24199942 | EG17: 0.67222222 | EH17: 0.67708333 | EI17: 0.68055556 | EK17: * | EL17: Edna | EM17: 24226576 | EN17: 0.71736111 | EO17: 0.72569444 | EP17: 0.72916667 | ES17: GLORIA | ET17: 24249576 | EU17: 0.63472222 | EV17: 0.64652778 | EW17: 0.65486111 | FG17: GLORIA | FH17: 24268170 | FI17: 0.37777778 | FJ17: 0.45625 | FK17: 0.45833333 | FN17: GLORIA | FO17: 24326482 | FP17: 0.72152778 | FQ17: 0.72361111 | FR17: 0.72638889 | FU17: DULCE | FV17: 24292442 | FX17: 0.54236111 | FY17: 0.60208333 | GB17: MIRIAM | GC17: 24328874 | GD17: 0.45694444 | GE17: 0.72152778 | GF17: 0.72222222 | GI17: MAGALI | GJ17: 24384450 | GK17: 0.63402778 | GL17: 0.64166667 | GM17: 0.64305556 | GW17: GLORIA | GX17: 24450614 | GY17: 0.61180556 | GZ17: 0.61527778 | HA17: 0.61666667 | HK17: PAOLA | HL17: 24492772 | HM17: 0.36111111 | HN17: 0.36319444 | HO17: 0.36527778 | HY17: EDNA | HZ17: 24672388 | IA17: 0.35833333 | IB17: 0.36597222 | IC17: 0.36805556 | IM17: BEATRIZ | IN17: 24757362 | IO17: 0.71458333 | IP17: 0.71805556 | IQ17: 0.72083333 | JO17: IRASEMA | JP17: 24870662 | JR17: 0.71736111 | JS17: 0.74513889
A18: Hector | B18: 23300600 | C18: 0.56319444 | D18: 0.57013889 | G18: Fernanda | H18: 23367464 | I18: 0.61388889 | J18: 0.61666667 | M18: Irasema | N18: 23402926 | O18: 0.69166667 | P18: 0.69305556 | S18: Carolina | T18: 23425438 | U18: 0.54027778 | V18: 0.54305556 | Y18: Carolina | Z18: 23459842 | AA18: 0.71111111 | AB18: 0.71527778 | AK18: Danielly | AL18: 23515374 | AM18: 0.58194444 | AN18: 0.58333333 | AQ18: Dulce | AR18: 23548636 | AS18: 0.63472222 | AT18: 0.64375 | AW18: Melanie | AX18: 23580808 | AY18: 0.75069444 | AZ18: 0.75277778 | BC18: Danielly | BD18: 23609636 | BE18: 0.65763889 | BF18: 0.66597222 | BI18: Magali | BJ18: 23642478 | BK18: 0.64513889 | BL18: 0.64652778 | CA18: Edna | CB18: 23698672 | CC18: 0.48541667 | CD18: 0.48819444 | CG18: Danielly | CH18: 23733358 | CI18: 0.62916667 | CJ18: 0.63333333 | CL18: * | CM18: Marisol | CN18: 23774524 | CO18: 0.75277778 | CP18: 0.75902778 | ED18: * | EE18: Gloria | EF18: 24197900 | EG18: 0.67569444 | EH18: 0.67986111 | EI18: 0.68194444 | EK18: * | EL18: Hania | EM18: 24200218 | EN18: 0.72013889 | EO18: 0.72638889 | EP18: 0.72916667 | ES18: GLORIA | ET18: 24234396 | EU18: 0.64861111 | EV18: 0.64930556 | EW18: 0.65902778 | FG18: PAOLA | FH18: 24245024 | FI18: 0.39791667 | FJ18: 0.45833333 | FK18: 0.46041667 | FN18: GLORIA | FO18: 24327170 | FP18: 0.76388889 | FQ18: 0.76736111 | FR18: 0.77013889 | FU18: GLORIA | FV18: 24333672 | FW18: 0.54930556 | FX18: 0.55347222 | FY18: 0.55625 | GB18: HANIA | GC18: 24368158 | GD18: 0.73402778 | GE18: 0.73541667 | GF18: 0.73680556 | GI18: LIDIA | GJ18: 24394700 | GK18: 0.64305556 | GL18: 0.6625 | GM18: 0.67083333 | GW18: ANA | GX18: 24436210 | GY18: 0.63611111 | GZ18: 0.64027778 | HA18: 0.64652778 | HK18: MIRIAM | HL18: 24507444 | HM18: 0.3625 | HN18: 0.37291667 | HO18: 0.37361111 | HY18: MIRIAM | HZ18: 24688502 | IA18: 0.63819444 | IB18: 0.64375 | IC18: 0.64513889 | IM18: GUADALUPE | IN18: 24791334 | IO18: 0.73680556 | IP18: 0.74027778 | IQ18: 0.75208333 | JO18: BEATRIZ | JP18: 24892878 | JQ18: 0.75138889 | JR18: 0.75694444 | JS18: X
A19: Hector | B19: 23301076 | C19: 0.56875 | D19: 0.57152778 | G19: Magali | H19: 23368108 | I19: 0.63958333 | J19: 0.64166667 | M19: Carolina | N19: 23403860 | O19: 0.69444444 | P19: 0.69791667 | S19: Melanie | T19: 23428904 | U19: 0.62638889 | V19: 0.62986111 | Y19: Miriam | Z19: 23460532 | AA19: 0.75347222 | AB19: 0.76666667 | AK19: Gabriela | AL19: 23517664 | AM19: 0.62291667 | AN19: 0.62638889 | AQ19: Hania | AR19: 23549204 | AS19: 0.64583333 | AT19: 0.64791667 | AW19: Edna | AX19: 23581054 | AY19: 0.75347222 | AZ19: 0.75486111 | BC19: Dulce | BD19: 23609330 | BE19: 0.66041667 | BF19: 0.66944444 | BI19: Melanie | BJ19: 23642552 | BK19: 0.64652778 | BL19: 0.66319444 | CA19: Irasema | CB19: 23699562 | CC19: 0.51041667 | CD19: 0.51111111 | CG19: Marisol | CH19: 23733490 | CI19: 0.66041667 | CJ19: 0.66111111 | CL19: * | CM19: Edna | CN19: 23756631 | CO19: 0.76527778 | CP19: 0.76666667 | ED19: * | EE19: Miriam | EF19: 24201862 | EG19: 0.73472222 | EH19: 0.73819444 | EI19: 0.74027778 | EK19: * | EL19: Hector | EM19: 24220810 | EN19: 0.72430556 | EO19: 0.73125 | EP19: 0.73402778 | ES19: EDNA | ET19: 24244968 | EU19: 0.65694444 | EV19: 0.65902778 | EW19: 0.66180556 | FG19: ANA | FH19: 24281378 | FI19: 0.40138889 | FJ19: 0.47222222 | FK19: 0.47430556 | FN19: MIRIAM | FO19: 24314556 | FP19: 0.77708333 | FQ19: 0.78055556 | FR19: 0.78263889 | FU19: MAGALI | FV19: 24350400 | FW19: 0.55763889 | FX19: 0.56111111 | FY19: 0.56319444 | GB19: GABRIELA | GC19: 24382562 | GD19: 0.76111111 | GE19: 0.76805556 | GF19: 0.77083333 | GI19: PAOLA | GJ19: 24401682 | GK19: 0.64791667 | GL19: 0.65 | GM19: 0.65138889 | GW19: HECTOR | GX19: 24398088 | GY19: 0.66180556 | GZ19: 0.6625 | HA19: 0.66666667 | HK19: HECTOR | HL19: 24514518 | HM19: 0.48958333 | HN19: 0.49097222 | HO19: 0.49236111 | HY19: CAROLINA | HZ19: 24360134 | IA19: 0.63819444 | IB19: 0.64513889 | IC19: 0.64652778 | IM19: BEATRIZ | IN19: 24757628 | IO19: 0.73888889 | IP19: 0.74652778 | IQ19: 0.77916667
A20: Hector | B20: 23311058 | C20: 0.57083333 | D20: 0.57291667 | G20: Carolina | H20: 23356310 | I20: 0.6875 | J20: 0.69166667 | M20: Danielly | N20: 23402490 | O20: 0.71041667 | P20: 0.7125 | S20: Dulce | T20: 23429158 | U20: 0.62916667 | V20: 0.63263889 | Y20: Dulce | Z20: 23461088 | AA20: 0.7625 | AB20: 0.76805556 | AK20: Hania | AL20: 23517816 | AM20: 0.62916667 | AN20: 0.63125 | AQ20: Fernanda | AR20: 23549464 | AS20: 0.67638889 | AT20: 0.69305556 | BC20: Adela | BD20: 23609708 | BE20: 0.65902778 | BF20: 0.66111111 | BI20: Irasema | BJ20: 23644074 | BK20: 0.69722222 | BL20: 0.7 | CA20: Danielly | CB20: 23700116 | CC20: 0.53472222 | CD20: 0.54097222 | CG20: Hector | CH20: 23734174 | CI20: 0.67152778 | CJ20: 0.67361111 | ED20: * | EE20: Irasema | EF20: 24202032 | EG20: 0.74583333 | EH20: 0.74791667 | EI20: 0.74861111 | EK20: * | EL20: Miriam | EM20: 24158100 | EN20: 0.72291667 | EO20: 0.73472222 | EP20: 0.73541667 | ES20: PAOLA | ET20: 24247884 | EU20: 0.67152778 | EV20: 0.67777778 | EW20: 0.6875 | FG20: HECTOR | FH20: 24272850 | FI20: 0.44305556 | FJ20: 0.47361111 | FK20: 0.47430556 | FN20: ANA | FO20: 24325512 | FP20: 0.77916667 | FQ20: 0.78611111 | FR20: 0.7875 | FU20: MAGALI | FV20: 24328762 | FW20: 0.56319444 | FX20: 0.56458333 | FY20: 0.57152778 | GI20: KARINA | GJ20: 24403058 | GK20: 0.65555556 | GL20: 0.65763889 | GM20: 0.66805556 | GW20: CAROLINA | GX20: 24433052 | GY20: 0.63611111 | GZ20: 0.63611111 | HA20: 0.6375 | HK20: ITZELH | HL20: 24532874 | HM20: 0.49166667 | HN20: 0.49375 | HO20: 0.49722222 | HY20: LIDIA | HZ20: 24694794 | IA20: 0.64861111 | IB20: 0.65277778 | IC20: 0.67083333 | IM20: MAGALI | IN20: 24355042 | IO20: 0.76319444 | IP20: 0.76736111 | IQ20: 0.77083333
A21: Hector | B21: 23312206 | C21: 0.57291667 | D21: 0.57569444 | G21: Danielly | H21: 23367198 | I21: 0.64861111 | J21: 0.65902778 | M21: Danielly | N21: 23407164 | O21: 0.72083333 | P21: 0.72291667 | S21: Fernanda | T21: 23429224 | U21: 0.6375 | V21: 0.63958333 | AK21: Carolina | AL21: 23517252 | AM21: 0.63611111 | AN21: 0.63958333 | AQ21: Danielly | AR21: 23550906 | AS21: 0.70277778 | AT21: 0.70416667 | BC21: Magali | BD21: 23611008 | BE21: 0.66458333 | BF21: 0.66597222 | CA21: Irasema | CB21: 23700570 | CC21: 0.54444444 | CD21: 0.54652778 | CG21: Melanie | CH21: 23725540 | CI21: 0.69305556 | CJ21: 0.70138889 | EK21: * | EL21: Itzelh | EM21: 24228128 | EN21: 0.74097222 | EO21: 0.74444444 | EP21: 0.74513889 | ES21: HANIA | ET21: 24188300 | EU21: 0.68680556 | EV21: 0.69375 | EW21: 0.69583333 | FG21: HECTOR | FH21: 24278828 | FI21: 0.45 | FJ21: 0.47430556 | FK21: 0.47638889 | FU21: PAOLA | FV21: 24330288 | FW21: 0.59444444 | FX21: 0.60138889 | FY21: 0.60416667 | GI21: PAOLA | GJ21: 24401792 | GK21: 0.7 | GL21: 0.70416667 | GM21: 0.70486111 | GW21: MARISOL | GX21: 24362654 | GY21: 0.61944444 | GZ21: 0.63402778 | HA21: 0.64027778 | HK21: MAGALI | HL21: 24496764 | HM21: 0.49652778 | HN21: 0.5 | HO21: 0.50486111 | HY21: IRASEMA | HZ21: 24457790 | IA21: 0.65625 | IB21: 0.66319444 | IC21: 0.66388889 | IM21: GABRIELA | IN21: 24643638 | IO21: 0.76388889 | IP21: 0.775 | IQ21: 0.77708333
A22: Hector | B22: 23312196 | C22: 0.57430556 | D22: 0.58194444 | G22: Hector | H22: 23361156 | I22: 0.70763889 | J22: 0.72222222 | M22: Melanie | N22: 23407726 | O22: 0.73958333 | P22: 0.74166667 | S22: Karina | T22: 23428494 | U22: 0.60486111 | V22: 0.62708333 | AK22: Carolina | AL22: 23517510 | AM22: 0.6375 | AN22: 0.64097222 | AQ22: Dulce | AR22: 23551086 | AS22: 0.70763889 | AT22: 0.71736111 | BC22: Hania | BD22: 23581048 | BE22: 0.70347222 | BF22: 0.70555556 | CA22: Hania | CB22: 23678068 | CC22: 0.56319444 | CD22: 0.56666667 | CG22: Hector | CH22: 23736064 | CI22: 0.71111111 | CJ22: 0.71388889 | EK22: * | EL22: Miriam | EM22: 24227570 | EN22: 0.76805556 | EO22: 0.77361111 | EP22: 0.77430556 | ES22: FERNANDA | ET22: 24241280 | EU22: 0.69930556 | EV22: 0.70208333 | EW22: 0.71180556 | FG22: ANA | FH22: 24282944 | FI22: 0.38402778 | FJ22: 0.47708333 | FK22: 0.48055556 | FU22: HECTOR | FV22: 24265608 | FW22: 0.63263889 | FX22: 0.63472222 | FY22: 0.6375 | GI22: MIRIAM | GJ22: 24391084 | GK22: 0.70694444 | GL22: 0.70763889 | GM22: 0.70833333 | GW22: MIRIAM | GX22: 24453148 | GY22: 0.74861111 | GZ22: 0.75208333 | HA22: 0.75277778 | HK22: HECTOR | HL22: 24548536 | HM22: 0.51319444 | HN22: 0.51875 | HO22: 0.52291667 | HY22: LIDIA | HZ22: 24690640 | IA22: 0.66527778 | IB22: 0.67222222 | IC22: 0.68333333
A23: Hector | B23: 23312882 | C23: 0.68819444 | D23: 0.69027778 | G23: Itzelh | H23: 23370648 | I23: 0.71111111 | J23: 0.7125 | S23: Irasema | T23: 23429532 | U23: 0.66319444 | V23: 0.66527778 | AK23: Hania | AL23: 23517400 | AM23: 0.69375 | AN23: 0.69513889 | AQ23: Edna | AR23: 23551962 | AS23: 0.75069444 | AT23: 0.75208333 | BC23: Edna | BD23: 23613032 | BE23: 0.71666667 | BF23: 0.71875 | CA23: Fernanda | CB23: 23701964 | CC23: 0.58055556 | CD23: 0.58263889 | CG23: Gloria | CH23: 23736620 | CI23: 0.71666667 | CJ23: 0.71805556 | ES23: ANA | ET23: 23572932 | EU23: 0.70694444 | EV23: 0.71041667 | EW23: 0.73541667 | FG23: FERNANDA | FH23: 24272720 | FI23: 0.40486111 | FJ23: 0.48333333 | FK23: 0.60486111 | FU23: HECTOR | FV23: 24354070 | FW23: 0.6625 | FX23: 0.66319444 | FY23: 0.66458333 | GI23: LIDIA | GJ23: 24402274 | GK23: 0.70625 | GL23: 0.70902778 | GM23: 0.71041667 | GW23: LIDIA | GX23: 24456524 | GY23: 0.77083333 | GZ23: 0.77777778 | HA23: 0.7875 | HK23: EDNA | HL23: 24552002 | HM23: 0.53194444 | HN23: 0.53263889 | HO23: 0.53402778 | HY23: ITZEL CARRANZA | HZ23: 24701674 | IA23: 0.67291667 | IB23: 0.67708333 | IC23: 0.67847222
A24: Hector | B24: 23318434 | C24: 0.70208333 | D24: 0.70555556 | G24: Hector | H24: 23367708 | I24: 0.72291667 | J24: 0.72430556 | S24: Marisol | T24: 23429506 | U24: 0.67777778 | V24: 0.67986111 | AK24: Hania | AL24: 23518354 | AM24: 0.69513889 | AN24: 0.69652778 | AQ24: Melanie | AR24: 23542756 | AS24: 0.75625 | AT24: 0.76527778 | BC24: Miriam | BD24: 23612976 | BE24: 0.71805556 | BF24: 0.71944444 | CA24: Melanie | CB24: 23701422 | CC24: 0.58611111 | CD24: 0.59027778 | ES24: ANA | ET24: 24250102 | EU24: 0.73819444 | EV24: 0.76180556 | EW24: X | FG24: MAGALI | FH24: 24288538 | FI24: 0.47013889 | FJ24: 0.48680556 | FK24: 0.53888889 | FU24: HECTOR | FV24: 24354690 | FW24: 0.67291667 | FX24: 0.68055556 | FY24: 0.68472222 | GI24: HECTOR | GJ24: 24385800 | GK24: 0.70347222 | GL24: 0.71111111 | GM24: 0.71319444 | GW24: MARISOL | GX24: 24423322 | GY24: 0.77569444 | GZ24: 0.78194444 | HA24: 0.78472222 | HK24: MARISOL | HL24: 24550038 | HM24: 0.52986111 | HN24: 0.53125 | HO24: 0.53263889 | HY24: ITZELH | HZ24: 24702308 | IA24: 0.67430556 | IB24: 0.68125 | IC24: 0.68263889
A25: Danielly | B25: 23299544 | C25: 0.57708333 | D25: 0.60625 | G25: Hector | H25: 23371592 | I25: 0.72638889 | J25: 0.72916667 | S25: Fernanda | T25: 23431992 | U25: 0.73125 | V25: 0.73541667 | AK25: Hania | AL25: 23519072 | AM25: 0.69722222 | AN25: 0.69930556 | AQ25: Marisol | AR25: 23552538 | AS25: 0.75833333 | AT25: 0.75902778 | BC25: Danielly | BD25: 23614010 | BE25: 0.75347222 | BF25: 0.75625 | CA25: Dulce | CB25: 23703336 | CC25: 0.61111111 | CD25: 0.63472222 | ES25: CAROLINA | ET25: 24241450 | EU25: 0.74166667 | EV25: 0.74305556 | EW25: 0.74583333 | FG25: DULCE | FH25: 24295476 | FI25: 0.49305556 | FJ25: 0.51597222 | FK25: 0.52291667 | FU25: HECTOR | FV25: 24326098 | FW25: 0.67986111 | FX25: 0.68194444 | FY25: 0.68541667 | GI25: HECTOR | GJ25: 24401808 | GK25: 0.70555556 | GL25: 0.71180556 | GM25: 0.71458333 | HK25: MAGALI | HL25: 24549898 | HM25: 0.53125 | HN25: 0.53333333 | HO25: 0.53472222 | HY25: KARINA | HZ25: 24664114 | IA25: 0.675 | IB25: 0.67916667 | IC25: 0.68819444
A26: Danielly | B26: 23322392 | C26: 0.72361111 | D26: 0.72638889 | G26: Danielly | H26: 23369122 | I26: 0.72777778 | J26: 0.72916667 | S26: Hania | T26: 23432592 | U26: 0.76180556 | V26: 0.76319444 | AK26: Edna | AL26: 23519502 | AM26: 0.69861111 | AN26: 0.70069444 | AQ26: Danielly | AR26: 23552156 | AS26: 0.76388889 | CA26: Magali | CB26: 23703686 | CC26: 0.61875 | CD26: 0.61944444 | ES26: MAGALI | ET26: 24229610 | EU26: 0.75138889 | EV26: 0.75416667 | EW26: 0.75486111 | FG26: KARINA | FH26: 24283124 | FI26: 0.51180556 | FJ26: 0.53680556 | FK26: 0.53888889 | FU26: ANDRE | FV26: 24351256 | FW26: 0.68125 | FX26: 0.68402778 | FY26: 0.68541667 | GI26: MAYTE | GJ26: 24399870 | GK26: 0.71180556 | GL26: 0.72013889 | GM26: 0.75069444 | HK26: HECTOR | HL26: 24280566 | HM26: 0.57777778 | HN26: 0.57916667 | HO26: 0.58125 | HY26: HECTOR | HZ26: 24663894 | IA26: 0.67222222 | IB26: 0.68194444 | IC26: 0.68333333
G27: Hector | H27: 23367052 | I27: 0.70833333 | J27: 0.71388889 | AK27: Dulce | AL27: 23519174 | AM27: 0.70069444 | AN27: 0.70486111 | CA27: Gloria | CB27: 23704644 | CC27: 0.64583333 | CD27: 0.67638889 | ES27: DANIELLY | ET27: 24233618 | EU27: 0.74930556 | EV27: 0.75972222 | EW27: 0.76597222 | FG27: CAROLINA | FH27: 24292442 | FI27: 0.47152778 | FJ27: 0.54236111 | FK27: 0.54513889 | FU27: HECTOR | FV27: 24352634 | FW27: 0.68819444 | FX27: 0.69027778 | FY27: 0.69375 | GI27: LIDIA | GJ27: 24322594 | GK27: 0.72708333 | GL27: 0.74097222 | GM27: 0.74305556 | HK27: HANIA | HL27: 24551744 | HM27: 0.59236111 | HN27: 0.59722222 | HO27: 0.64513889 | HY27: ANDRE | HZ27: 24640862 | IA27: 0.67569444 | IB27: 0.68333333 | IC27: 0.68541667
G28: Melanie | H28: 23370996 | I28: 0.71458333 | J28: 0.72291667 | AK28: Dulce | AL28: 23519340 | AM28: 0.70208333 | AN28: 0.70555556 | CA28: Melanie | CB28: 23704812 | CC28: 0.67430556 | CD28: 0.68055556 | ES28: EDNA | ET28: 24243294 | EU28: 0.75347222 | EV28: 0.76875 | EW28: 0.77083333 | FG28: HANIA | FH28: 24283404 | FI28: 0.49930556 | FJ28: 0.55555556 | FK28: 0.55694444 | FU28: CAROLINA | FV28: 24352398 | FW28: 0.6875 | FX28: 0.69305556 | FY28: 0.69444444 | GI28: ANDRE | GJ28: 24405160 | GK28: 0.73333333 | GL28: 0.73819444 | GM28: 0.74305556 | HK28: ITZEL CARRANZA | HL28: 24552364 | HM28: 0.59444444 | HN28: 0.59583333 | HO28: 0.59652778 | HY28: BEATRIZ | HZ28: 24663446 | IA28: 0.67291667 | IB28: 0.68541667 | IC28: 0.70972222
G29: Litzy | H29: 23370026 | I29: 0.67013889 | J29: 0.67222222 | AK29: Dulce | AL29: 23518576 | AM29: 0.70555556 | AN29: 0.70694444 | CA29: Gloria | CB29: 23706316 | CC29: 0.69444444 | CD29: 0.69652778 | FG29: HECTOR | FH29: 24254398 | FI29: 0.52291667 | FJ29: 0.58888889 | FK29: 0.59027778 | FU29: DULCE | FV29: 24143988 | FX29: 0.69652778 | FY29: 0.69791667 | GI29: MAYTE | GJ29: 24266570 | GK29: 0.74583333 | GL29: 0.74722222 | GM29: 0.75208333 | HK29: GLORIA | HL29: 24554254 | HM29: 0.59652778 | HN29: 0.60069444 | HO29: 0.65347222 | HY29: DANIELLY | HZ29: 24684426 | IA29: 0.66319444 | IB29: 0.68819444 | IC29: 0.69027778
AK30: Gabriela | AL30: 23519060 | AM30: 0.70972222 | AN30: 0.7125 | CA30: Hania | CB30: 23706390 | CC30: 0.69861111 | CD30: 0.69930556 | FG30: HANIA | FH30: 24274632 | FI30: 0.52638889 | FJ30: 0.59097222 | FK30: 0.63194444 | FU30: GABRIELA | FV30: 24330248 | FW30: 0.75069444 | FX30: 0.75208333 | FY30: 0.75416667 | GI30: GABRIELA | GJ30: 24365640 | GK30: 0.75 | GL30: 0.76180556 | GM30: 0.76666667 | HK30: EDNA | HL30: 24510454 | HM30: 0.60902778 | HN30: 0.61111111 | HO30: 0.6125 | HY30: ANA | HZ30: 24699018 | IA30: 0.68402778 | IB30: 0.68958333 | IC30: 0.69236111
AK31: Carolina | AL31: 23519604 | AM31: 0.7125 | AN31: 0.71527778 | CA31: Danielly | CB31: 23706412 | CC31: 0.70347222 | CD31: 0.70902778 | FG31: HANIA | FH31: 24297332 | FI31: 0.56805556 | FJ31: 0.59305556 | FK31: 0.63263889 | FU31: GABRIELA | FV31: 24263358 | FW31: 0.75694444 | FX31: 0.76388889 | FY31: 0.76527778 | GI31: GABRIELA | GJ31: 24385722 | GK31: 0.72708333 | GL31: 0.76041667 | GM31: 0.76527778 | HK31: MARISOL | HL31: 24552596 | HM31: 0.62430556 | HN31: 0.625 | HO31: 0.62708333 | HY31: PAOLA | HZ31: 24704306 | IA31: 0.67430556 | IB31: 0.69027778 | IC31: 0.69166667
AK32: Gabriela | AL32: 23518126 | AM32: 0.72222222 | AN32: 0.72569444 | CA32: Fernanda | CB32: 23706484 | CC32: 0.70763889 | CD32: 0.71041667 | FG32: CAROLINA | FH32: 24297288 | FI32: 0.59236111 | FJ32: 0.61111111 | FK32: 0.61458333 | FU32: GABRIELA | FV32: 24356560 | FW32: 0.76111111 | FX32: 0.76458333 | FY32: 0.77291667 | HK32: ANDRE | HL32: 24547718 | HM32: 0.62847222 | HN32: 0.63055556 | HO32: 0.63194444 | HY32: MIRIAM | HZ32: 24702914 | IA32: 0.69791667 | IB32: 0.7 | IC32: 0.70069444
AK33: Hania | AL33: 23520560 | AM33: 0.73125 | AN33: 0.73263889 | CA33: Dulce | CB33: 23707562 | CC33: 0.725 | CD33: 0.73125 | FG33: PAOLA | FH33: 24287632 | FI33: 0.61180556 | FJ33: 0.61527778 | FK33: 0.61736111 | FU33: HECTOR | FV33: 24351770 | FW33: 0.75972222 | FX33: 0.76736111 | FY33: 0.77013889 | HK33: LIDIA | HL33: 24552776 | HM33: 0.64583333 | HN33: 0.64722222 | HO33: 0.65069444 | HY33: EDNA | HZ33: 24691360 | IA33: 0.69861111 | IB33: 0.70138889 | IC33: 0.70694444
AK34: Danielly | AL34: 23517656 | AM34: 0.74166667 | AN34: 0.74305556 | FG34: IRASEMA | FH34: 24258382 | FI34: 0.57847222 | FJ34: 0.62986111 | FK34: 0.63125 | HK34: HANIA | HL34: 24554820 | HM34: 0.65138889 | HN34: 0.65555556 | HO34: 0.66111111 | HY34: IRASEMA | HZ34: 24704434 | IA34: 0.7 | IB34: 0.70416667 | IC34: 0.70694444
AK35: Gabriela | AL35: 23522206 | AM35: 0.76597222 | AN35: 0.76736111 | FG35: EDNA | FH35: 24295750 | FI35: 0.59166667 | FJ35: 0.64375 | FK35: 0.64444444 | HK35: DANIELLY | HL35: 24552270 | HM35: 0.70763889 | HN35: 0.70833333 | HO35: 0.71111111 | HY35: CAROLINA | HZ35: 24674454 | IA35: 0.71180556 | IB35: 0.71458333 | IC35: 0.71527778
FG36: HECTOR | FH36: 24289344 | FI36: 0.61319444 | FJ36: 0.65902778 | FK36: 0.66180556 | HK36: IRASEMA | HL36: 24555554 | HM36: 0.72013889 | HN36: 0.72152778 | HO36: 0.72361111 | HY36: LIDIA | HZ36: 24695688 | IA36: 0.71180556 | IB36: 0.71666667 | IC36: 0.72152778
FG37: HECTOR | FH37: 24282456 | FI37: 0.39236111 | FJ37: 0.66180556 | FK37: 0.67083333 | HK37: HANIA | HL37: 24555696 | HM37: 0.74722222 | HN37: 0.75069444 | HO37: 0.75208333 | HY37: KARINA | HZ37: 24706956 | IA37: 0.76944444 | IB37: 0.77152778 | IC37: 0.78263889
FG38: DANIELLY | FH38: 24288606 | FI38: 0.68055556 | FJ38: 0.68680556 | FK38: 0.68819444 | HK38: HANIA | HL38: 24559020 | HM38: 0.76319444 | HN38: 0.76458333 | HO38: 0.77777778 | HY38: MARISOL | HZ38: 24707244 | IA38: 0.77083333 | IB38: 0.78055556 | IC38: 0.7875
FG39: IRASEMA | FH39: 24299364 | FI39: 0.69652778 | FJ39: 0.70486111 | FK39: 0.70555556 | HK39: DANIELLY | HL39: 24537472 | HM39: 0.77847222 | HN39: 0.78055556
FG40: GABRIELA | FH40: 24293446 | FI40: 0.73819444 | FJ40: 0.73958333 | FK40: 0.74166667
FG41: GABRIELA | FH41: 24292658 | FI41: 0.66527778 | FJ41: 0.74236111 | FK41: 0.74444444
FG42: GABRIELA | FH42: 24302184 | FI42: 0.72638889 | FJ42: 0.74444444 | FK42: 0.74513889
FG43: GABRIELA | FH43: 24302618 | FI43: 0.74097222 | FJ43: 0.74583333 | FK43: 0.74722222
FG44: HANIA | FH44: 24289718 | FI44: 0.74375 | FJ44: 0.74930556 | FK44: 0.75208333
FG45: HANIA | FH45: 24284696 | FI45: 0.76180556 | FJ45: 0.76458333 | FK45: 0.76666667
FG46: HANIA | FH46: 24300162 | FI46: 0.70277778 | FJ46: 0.71527778 | FK46: 0.71805556

Sheet Detalle1
A1: Detalles de Recuento de ESTATUS - Asignado: KARINA, Fecha asignacion: 9/1/2026 (+)
A3: LEAD | B3: TELEFONO | C3: ESTATUS | D3: INFORMEDEPAGO | E3: DESCUENTOS | F3: $0.30 | G3: CAPACIDAD | H3: VENCIMIENTO | I3: FINANCIERA | J3: Monto compra | K3: Asignado | L3: Fecha asignacion
A4: 24301858 | C4: NUEVO MAYOR | D4: 5983.28 | F4: 1794.984 | G4: 1794.984 | K4: KARINA | L4: 46272
A5: 24298708 | C5: NUEVO MAYOR | D5: 10774.86 | F5: 3232.458 | G5: 3232.458 | K5: KARINA | L5: 46272
A6: 24287164 | C6: NUEVO MAYOR | D6: 9760.32 | F6: 2928.096 | G6: 2928.096 | K6: KARINA | L6: 46272
A7: 24283124 | B7: 5213312940712 | C7: NUEVO MAYOR | D7: 10636.54 | F7: 3190.962 | G7: 3190.962 | K7: KARINA | L7: 46272
A8: 24284172 | C8: NUEVO MAYOR | D8: 8788.19 | E8: 879 | F8: 2636.457 | G8: 1757.457 | K8: KARINA | L8: 46272
A9: 24252242 | C9: NUEVO MAYOR | D9: 7135.6 | E9: 732.38 | F9: 2140.68 | G9: 1408.3 | H9: 46935 | I9: CONSUPAGO | J9: 732.38 | K9: KARINA | L9: 46269
A10: 24241430 | C10: NUEVO MAYOR | D10: 6262.86 | F10: 1878.858 | G10: 1878.858 | K10: KARINA | L10: 46269
A11: 24207466 | B11: 5217773012399 | C11: NUEVO MAYOR | D11: 7640.52 | E11: 848 | F11: 2292.156 | G11: 1444.156 | K11: KARINA | L11: 46268
A12: 24220162 | C12: NUEVO MAYOR | D12: 6890.27 | E12: 848 | F12: 2067.081 | G12: 1219.081 | K12: KARINA | L12: 46268
A13: 24202298 | C13: NUEVO MAYOR | D13: 23694.92 | E13: 2013.3 | F13: 7108.476 | G13: 5095.176 | H13: 46935 | I13: INBURSA | J13: 2013.83 | K13: KARINA | L13: 46267
A14: 24199760 | C14: NUEVO MAYOR | D14: 9612.19 | F14: 2883.657 | G14: 2883.657 | K14: KARINA | L14: 46267
A15: 24172624 | C15: NUEVO MAYOR | D15: 21040.93 | E15: 1639.52 | F15: 6312.279 | G15: 4672.759 | H15: 46935 | I15: FIMUBAC | J15: 692.75 | K15: KARINA | L15: 46266
A16: 24161588 | C16: NUEVO MAYOR | D16: 30669.12 | E16: 3034.58 | F16: 9200.736 | G16: 6166.156 | H16: 46600 | I16: MULTIVA | J16: 3034.58 | K16: KARINA | L16: 46266
A17: 24161368 | C17: NUEVO MAYOR | D17: 11029.03 | F17: 3308.709 | G17: 3308.709 | K17: KARINA | L17: 46266

Sheet Detalle3
A1: Detalles de Recuento de ESTATUS - Asignado: HECTOR , Fecha asignacion: 9/1/2026 (+)
A3: LEAD | B3: TELEFONO | C3: ESTATUS | D3: INFORMEDEPAGO | E3: DESCUENTOS | F3: $0.30 | G3: CAPACIDAD | H3: VENCIMIENTO | I3: FINANCIERA | J3: Monto compra | K3: Asignado | L3: Fecha asignacion
A4: 24223350 | B4: 5218342451655 | C4: COMPRA MENOR | D4: 8867.99 | E4: 2565.43 | F4: 2660.397 | G4: 94.967 | H4: 46113 | I4: BARACAF | J4: 375.35 | K4: HECTOR | L4: 46269
A5: 24246764 | C5: NUEVO MENOR | D5: 5877.47 | E5: 550.1 | F5: 1763.241 | G5: 1154.39 | H5: 46935 | I5: CONSUPAGO | J5: 366.19 | K5: HECTOR | L5: 46269
A6: 24214946 | B6: 2214102702 | C6: NUEVO MENOR | D6: 5055.87 | F6: 1516.761 | G6: 882.89 | K6: HECTOR | L6: 46269

Sheet Hoja2
A1: FECHA | B1: NUEVO MAYOR | C1: NUEVO MENOR | D1: COMPRA MAYOR | E1: COMPRA MENOR | F1: RESTRINGIDA | G1: COMPRA BIMESTRES | H1: SIN CAPACIDAD | I1: SIN NOMINA | J1: LEY 97 | K1: NO DATO | L1: Total general
A2: 46236 | B2: =COUNTIFS(Hoja1!$K:$K,Hoja2!B1,Hoja1!$B:$B,Hoja2!$A2) -> 3 | C2: =COUNTIFS(Hoja1!$K:$K,Hoja2!C1,Hoja1!$B:$B,Hoja2!$A2) -> 2 | D2: =COUNTIFS(Hoja1!$K:$K,Hoja2!D1,Hoja1!$B:$B,Hoja2!$A2) -> 2 | E2: =COUNTIFS(Hoja1!$K:$K,Hoja2!E1,Hoja1!$B:$B,Hoja2!$A2) -> 0 | F2: =COUNTIFS(Hoja1!$K:$K,Hoja2!F1,Hoja1!$B:$B,Hoja2!$A2) -> 1 | G2: =COUNTIFS(Hoja1!$K:$K,Hoja2!G1,Hoja1!$B:$B,Hoja2!$A2) -> 12 | H2: =COUNTIFS(Hoja1!$K:$K,Hoja2!H1,Hoja1!$B:$B,Hoja2!$A2) -> 1 | I2: =COUNTIFS(Hoja1!$K:$K,Hoja2!I1,Hoja1!$B:$B,Hoja2!$A2) -> 0 | ... K2: =COUNTIFS(Hoja1!$K:$K,Hoja2!K1,Hoja1!$B:$B,Hoja2!$A2) -> 6 | L2: =SUM(B2:K2) -> 28
A3: 46237 | B3: =COUNTIFS(Hoja1!$K:$K,Hoja2!B1,Hoja1!$B:$B,Hoja2!$A3) -> 9 | C3: =COUNTIFS(Hoja1!$K:$K,Hoja2!C1,Hoja1!$B:$B,Hoja2!$A3) -> 4 | D3: =COUNTIFS(Hoja1!$K:$K,Hoja2!D1,Hoja1!$B:$B,Hoja2!$A3) -> 2 | E3: =COUNTIFS(Hoja1!$K:$K,Hoja2!E1,Hoja1!$B:$B,Hoja2!$A3) -> 1 | F3: =COUNTIFS(Hoja1!$K:$K,Hoja2!F1,Hoja1!$B:$B,Hoja2!$A3) -> 1 | G3: =COUNTIFS(Hoja1!$K:$K,Hoja2!G1,Hoja1!$B:$B,Hoja2!$A3) -> 24 | H3: =COUNTIFS(Hoja1!$K:$K,Hoja2!H1,Hoja1!$B:$B,Hoja2!$A3) -> 9 | I3: =COUNTIFS(Hoja1!$K:$K,Hoja2!I1,Hoja1!$B:$B,Hoja2!$A3) -> 0 | ... K3: =COUNTIFS(Hoja1!$K:$K,Hoja2!K1,Hoja1!$B:$B,Hoja2!$A3) -> 1 | L3: =SUM(B3:K3) -> 53
A4: 46238 | B4: =COUNTIFS(Hoja1!$K:$K,Hoja2!B1,Hoja1!$B:$B,Hoja2!$A4) -> 11 | C4: =COUNTIFS(Hoja1!$K:$K,Hoja2!C1,Hoja1!$B:$B,Hoja2!$A4) -> 4 | D4: =COUNTIFS(Hoja1!$K:$K,Hoja2!D1,Hoja1!$B:$B,Hoja2!$A4) -> 7 | E4: =COUNTIFS(Hoja1!$K:$K,Hoja2!E1,Hoja1!$B:$B,Hoja2!$A4) -> 5 | F4: =COUNTIFS(Hoja1!$K:$K,Hoja2!F1,Hoja1!$B:$B,Hoja2!$A4) -> 3 | G4: =COUNTIFS(Hoja1!$K:$K,Hoja2!G1,Hoja1!$B:$B,Hoja2!$A4) -> 41 | H4: =COUNTIFS(Hoja1!$K:$K,Hoja2!H1,Hoja1!$B:$B,Hoja2!$A4) -> 13 | I4: =COUNTIFS(Hoja1!$K:$K,Hoja2!I1,Hoja1!$B:$B,Hoja2!$A4) -> 2 | ... K4: =COUNTIFS(Hoja1!$K:$K,Hoja2!K1,Hoja1!$B:$B,Hoja2!$A4) -> 15 | L4: =SUM(B4:K4) -> 107
A5: 46239 | B5: =COUNTIFS(Hoja1!$K:$K,Hoja2!B1,Hoja1!$B:$B,Hoja2!$A5) -> 8 | C5: =COUNTIFS(Hoja1!$K:$K,Hoja2!C1,Hoja1!$B:$B,Hoja2!$A5) -> 9 | D5: =COUNTIFS(Hoja1!$K:$K,Hoja2!D1,Hoja1!$B:$B,Hoja2!$A5) -> 4 | E5: =COUNTIFS(Hoja1!$K:$K,Hoja2!E1,Hoja1!$B:$B,Hoja2!$A5) -> 2 | F5: =COUNTIFS(Hoja1!$K:$K,Hoja2!F1,Hoja1!$B:$B,Hoja2!$A5) -> 4 | G5: =COUNTIFS(Hoja1!$K:$K,Hoja2!G1,Hoja1!$B:$B,Hoja2!$A5) -> 19 | H5: =COUNTIFS(Hoja1!$K:$K,Hoja2!H1,Hoja1!$B:$B,Hoja2!$A5) -> 4 | I5: =COUNTIFS(Hoja1!$K:$K,Hoja2!I1,Hoja1!$B:$B,Hoja2!$A5) -> 1 | ... K5: =COUNTIFS(Hoja1!$K:$K,Hoja2!K1,Hoja1!$B:$B,Hoja2!$A5) -> 10 | L5: =SUM(B5:K5) -> 64
A6: 46240 | B6: =COUNTIFS(Hoja1!$K:$K,Hoja2!B$1,Hoja1!$B:$B,Hoja2!$A6) -> 7 | C6: =COUNTIFS(Hoja1!$K:$K,Hoja2!C1,Hoja1!$B:$B,Hoja2!$A6) -> 3 | D6: =COUNTIFS(Hoja1!$K:$K,Hoja2!D1,Hoja1!$B:$B,Hoja2!$A6) -> 4 | E6: =COUNTIFS(Hoja1!$K:$K,Hoja2!E1,Hoja1!$B:$B,Hoja2!$A6) -> 2 | F6: =COUNTIFS(Hoja1!$K:$K,Hoja2!F1,Hoja1!$B:$B,Hoja2!$A6) -> 0 | G6: =COUNTIFS(Hoja1!$K:$K,Hoja2!G1,Hoja1!$B:$B,Hoja2!$A6) -> 21 | H6: =COUNTIFS(Hoja1!$K:$K,Hoja2!H1,Hoja1!$B:$B,Hoja2!$A6) -> 10 | I6: =COUNTIFS(Hoja1!$K:$K,Hoja2!I1,Hoja1!$B:$B,Hoja2!$A6) -> 1 | J6: =COUNTIFS(Hoja1!$K:$K,Hoja2!J1,Hoja1!$B:$B,Hoja2!$A6) -> 0 | K6: =COUNTIFS(Hoja1!$K:$K,Hoja2!K1,Hoja1!$B:$B,Hoja2!$A6) -> 6 | L6: =SUM(B6:K6) -> 54
A7: 46241 | B7: =COUNTIFS(Hoja1!$K:$K,Hoja2!B$1,Hoja1!$B:$B,Hoja2!$A7) -> 9 | C7: =COUNTIFS(Hoja1!$K:$K,Hoja2!C$1,Hoja1!$B:$B,Hoja2!$A7) -> 3 | D7: =COUNTIFS(Hoja1!$K:$K,Hoja2!D$1,Hoja1!$B:$B,Hoja2!$A7) -> 5 | E7: =COUNTIFS(Hoja1!$K:$K,Hoja2!E$1,Hoja1!$B:$B,Hoja2!$A7) -> 2 | F7: =COUNTIFS(Hoja1!$K:$K,Hoja2!F$1,Hoja1!$B:$B,Hoja2!$A7) -> 1 | G7: =COUNTIFS(Hoja1!$K:$K,Hoja2!G$1,Hoja1!$B:$B,Hoja2!$A7) -> 18 | H7: =COUNTIFS(Hoja1!$K:$K,Hoja2!H$1,Hoja1!$B:$B,Hoja2!$A7) -> 2 | I7: =COUNTIFS(Hoja1!$K:$K,Hoja2!I$1,Hoja1!$B:$B,Hoja2!$A7) -> 2 | ... K7: =COUNTIFS(Hoja1!$K:$K,Hoja2!K$1,Hoja1!$B:$B,Hoja2!$A7) -> 8 | L7: =SUM(B7:K7) -> 57
A8: 46242 | B8: =COUNTIFS(Hoja1!$K:$K,Hoja2!B$1,Hoja1!$B:$B,Hoja2!$A8) -> 5 | C8: =COUNTIFS(Hoja1!$K:$K,Hoja2!C$1,Hoja1!$B:$B,Hoja2!$A8) -> 3 | D8: =COUNTIFS(Hoja1!$K:$K,Hoja2!D$1,Hoja1!$B:$B,Hoja2!$A8) -> 2 | E8: =COUNTIFS(Hoja1!$K:$K,Hoja2!E$1,Hoja1!$B:$B,Hoja2!$A8) -> 1 | F8: =COUNTIFS(Hoja1!$K:$K,Hoja2!F$1,Hoja1!$B:$B,Hoja2!$A8) -> 0 | G8: =COUNTIFS(Hoja1!$K:$K,Hoja2!G$1,Hoja1!$B:$B,Hoja2!$A8) -> 12 | H8: =COUNTIFS(Hoja1!$K:$K,Hoja2!H$1,Hoja1!$B:$B,Hoja2!$A8) -> 9 | I8: =COUNTIFS(Hoja1!$K:$K,Hoja2!I$1,Hoja1!$B:$B,Hoja2!$A8) -> 3 | ... K8: =COUNTIFS(Hoja1!$K:$K,Hoja2!K$1,Hoja1!$B:$B,Hoja2!$A8) -> 13 | L8: =SUM(B8:K8) -> 49
A9: 46243 | B9: =COUNTIFS(Hoja1!$K:$K,Hoja2!B$1,Hoja1!$B:$B,Hoja2!$A9) -> 11 | C9: =COUNTIFS(Hoja1!$K:$K,Hoja2!C$1,Hoja1!$B:$B,Hoja2!$A9) -> 1 | D9: =COUNTIFS(Hoja1!$K:$K,Hoja2!D$1,Hoja1!$B:$B,Hoja2!$A9) -> 2 | E9: =COUNTIFS(Hoja1!$K:$K,Hoja2!E$1,Hoja1!$B:$B,Hoja2!$A9) -> 0 | F9: =COUNTIFS(Hoja1!$K:$K,Hoja2!F$1,Hoja1!$B:$B,Hoja2!$A9) -> 0 | G9: =COUNTIFS(Hoja1!$K:$K,Hoja2!G$1,Hoja1!$B:$B,Hoja2!$A9) -> 18 | H9: =COUNTIFS(Hoja1!$K:$K,Hoja2!H$1,Hoja1!$B:$B,Hoja2!$A9) -> 9 | I9: =COUNTIFS(Hoja1!$K:$K,Hoja2!I$1,Hoja1!$B:$B,Hoja2!$A9) -> 1 | ... K9: =COUNTIFS(Hoja1!$K:$K,Hoja2!K$1,Hoja1!$B:$B,Hoja2!$A9) -> 13 | L9: =SUM(B9:K9) -> 57
A10: 46244 | B10: =COUNTIFS(Hoja1!$K:$K,Hoja2!B$1,Hoja1!$B:$B,Hoja2!$A10) -> 11 | C10: =COUNTIFS(Hoja1!$K:$K,Hoja2!C$1,Hoja1!$B:$B,Hoja2!$A10) -> 9 | D10: =COUNTIFS(Hoja1!$K:$K,Hoja2!D$1,Hoja1!$B:$B,Hoja2!$A10) -> 4 | E10: =COUNTIFS(Hoja1!$K:$K,Hoja2!E$1,Hoja1!$B:$B,Hoja2!$A10) -> 2 | F10: =COUNTIFS(Hoja1!$K:$K,Hoja2!F$1,Hoja1!$B:$B,Hoja2!$A10) -> 4 | G10: =COUNTIFS(Hoja1!$K:$K,Hoja2!G$1,Hoja1!$B:$B,Hoja2!$A10) -> 26 | H10: =COUNTIFS(Hoja1!$K:$K,Hoja2!H$1,Hoja1!$B:$B,Hoja2!$A10) -> 15 | I10: =COUNTIFS(Hoja1!$K:$K,Hoja2!I$1,Hoja1!$B:$B,Hoja2!$A10) -> 0 | ... K10: =COUNTIFS(Hoja1!$K:$K,Hoja2!K$1,Hoja1!$B:$B,Hoja2!$A10) -> 15 | L10: =SUM(B10:K10) -> 89
A11: 46245 | B11: =COUNTIFS(Hoja1!$K:$K,Hoja2!B$1,Hoja1!$B:$B,Hoja2!$A11) -> 12 | C11: =COUNTIFS(Hoja1!$K:$K,Hoja2!C$1,Hoja1!$B:$B,Hoja2!$A11) -> 5 | D11: =COUNTIFS(Hoja1!$K:$K,Hoja2!D$1,Hoja1!$B:$B,Hoja2!$A11) -> 2 | E11: =COUNTIFS(Hoja1!$K:$K,Hoja2!E$1,Hoja1!$B:$B,Hoja2!$A11) -> 0 | F11: =COUNTIFS(Hoja1!$K:$K,Hoja2!F$1,Hoja1!$B:$B,Hoja2!$A11) -> 2 | G11: =COUNTIFS(Hoja1!$K:$K,Hoja2!G$1,Hoja1!$B:$B,Hoja2!$A11) -> 25 | H11: =COUNTIFS(Hoja1!$K:$K,Hoja2!H$1,Hoja1!$B:$B,Hoja2!$A11) -> 6 | I11: =COUNTIFS(Hoja1!$K:$K,Hoja2!I$1,Hoja1!$B:$B,Hoja2!$A11) -> 1 | ... K11: =COUNTIFS(Hoja1!$K:$K,Hoja2!K$1,Hoja1!$B:$B,Hoja2!$A11) -> 14 | L11: =SUM(B11:K11) -> 71
A12: 46246 | B12: =COUNTIFS(Hoja1!$K:$K,Hoja2!B$1,Hoja1!$B:$B,Hoja2!$A12) -> 10 | C12: =COUNTIFS(Hoja1!$K:$K,Hoja2!C$1,Hoja1!$B:$B,Hoja2!$A12) -> 1 | D12: =COUNTIFS(Hoja1!$K:$K,Hoja2!D$1,Hoja1!$B:$B,Hoja2!$A12) -> 3 | E12: =COUNTIFS(Hoja1!$K:$K,Hoja2!E$1,Hoja1!$B:$B,Hoja2!$A12) -> 2 | F12: =COUNTIFS(Hoja1!$K:$K,Hoja2!F$1,Hoja1!$B:$B,Hoja2!$A12) -> 3 | G12: =COUNTIFS(Hoja1!$K:$K,Hoja2!G$1,Hoja1!$B:$B,Hoja2!$A12) -> 16 | H12: =COUNTIFS(Hoja1!$K:$K,Hoja2!H$1,Hoja1!$B:$B,Hoja2!$A12) -> 10 | I12: =COUNTIFS(Hoja1!$K:$K,Hoja2!I$1,Hoja1!$B:$B,Hoja2!$A12) -> 2 | ... K12: =COUNTIFS(Hoja1!$K:$K,Hoja2!K$1,Hoja1!$B:$B,Hoja2!$A12) -> 13 | L12: =SUM(B12:K12) -> 63
A13: 46247 | B13: =COUNTIFS(Hoja1!$K:$K,Hoja2!B$1,Hoja1!$B:$B,Hoja2!$A13) -> 16 | C13: =COUNTIFS(Hoja1!$K:$K,Hoja2!C$1,Hoja1!$B:$B,Hoja2!$A13) -> 1 | D13: =COUNTIFS(Hoja1!$K:$K,Hoja2!D$1,Hoja1!$B:$B,Hoja2!$A13) -> 3 | E13: =COUNTIFS(Hoja1!$K:$K,Hoja2!E$1,Hoja1!$B:$B,Hoja2!$A13) -> 1 | F13: =COUNTIFS(Hoja1!$K:$K,Hoja2!F$1,Hoja1!$B:$B,Hoja2!$A13) -> 2 | G13: =COUNTIFS(Hoja1!$K:$K,Hoja2!G$1,Hoja1!$B:$B,Hoja2!$A13) -> 26 | H13: =COUNTIFS(Hoja1!$K:$K,Hoja2!H$1,Hoja1!$B:$B,Hoja2!$A13) -> 6 | I13: =COUNTIFS(Hoja1!$K:$K,Hoja2!I$1,Hoja1!$B:$B,Hoja2!$A13) -> 1 | ... K13: =COUNTIFS(Hoja1!$K:$K,Hoja2!K$1,Hoja1!$B:$B,Hoja2!$A13) -> 13 | L13: =SUM(B13:K13) -> 72
A14: 46248 | B14: =COUNTIFS(Hoja1!$K:$K,Hoja2!B$1,Hoja1!$B:$B,Hoja2!$A14) -> 10 | C14: =COUNTIFS(Hoja1!$K:$K,Hoja2!C$1,Hoja1!$B:$B,Hoja2!$A14) -> 2 | D14: =COUNTIFS(Hoja1!$K:$K,Hoja2!D$1,Hoja1!$B:$B,Hoja2!$A14) -> 4 | E14: =COUNTIFS(Hoja1!$K:$K,Hoja2!E$1,Hoja1!$B:$B,Hoja2!$A14) -> 3 | F14: =COUNTIFS(Hoja1!$K:$K,Hoja2!F$1,Hoja1!$B:$B,Hoja2!$A14) -> 1 | G14: =COUNTIFS(Hoja1!$K:$K,Hoja2!G$1,Hoja1!$B:$B,Hoja2!$A14) -> 21 | H14: =COUNTIFS(Hoja1!$K:$K,Hoja2!H$1,Hoja1!$B:$B,Hoja2!$A14) -> 6 | I14: =COUNTIFS(Hoja1!$K:$K,Hoja2!I$1,Hoja1!$B:$B,Hoja2!$A14) -> 1 | ... K14: =COUNTIFS(Hoja1!$K:$K,Hoja2!K$1,Hoja1!$B:$B,Hoja2!$A14) -> 16 | L14: =SUM(B14:K14) -> 67
A15: 46249 | B15: =COUNTIFS(Hoja1!$K:$K,Hoja2!B$1,Hoja1!$B:$B,Hoja2!$A15) -> 8 | C15: =COUNTIFS(Hoja1!$K:$K,Hoja2!C$1,Hoja1!$B:$B,Hoja2!$A15) -> 4 | D15: =COUNTIFS(Hoja1!$K:$K,Hoja2!D$1,Hoja1!$B:$B,Hoja2!$A15) -> 2 | E15: =COUNTIFS(Hoja1!$K:$K,Hoja2!E$1,Hoja1!$B:$B,Hoja2!$A15) -> 2 | F15: =COUNTIFS(Hoja1!$K:$K,Hoja2!F$1,Hoja1!$B:$B,Hoja2!$A15) -> 2 | G15: =COUNTIFS(Hoja1!$K:$K,Hoja2!G$1,Hoja1!$B:$B,Hoja2!$A15) -> 13 | H15: =COUNTIFS(Hoja1!$K:$K,Hoja2!H$1,Hoja1!$B:$B,Hoja2!$A15) -> 8 | I15: =COUNTIFS(Hoja1!$K:$K,Hoja2!I$1,Hoja1!$B:$B,Hoja2!$A15) -> 0 | ... K15: =COUNTIFS(Hoja1!$K:$K,Hoja2!K$1,Hoja1!$B:$B,Hoja2!$A15) -> 13 | L15: =SUM(B15:K15) -> 52
A16: 46250 | B16: =COUNTIFS(Hoja1!$K:$K,Hoja2!B$1,Hoja1!$B:$B,Hoja2!$A16) -> 7 | C16: =COUNTIFS(Hoja1!$K:$K,Hoja2!C$1,Hoja1!$B:$B,Hoja2!$A16) -> 0 | D16: =COUNTIFS(Hoja1!$K:$K,Hoja2!D$1,Hoja1!$B:$B,Hoja2!$A16) -> 2 | E16: =COUNTIFS(Hoja1!$K:$K,Hoja2!E$1,Hoja1!$B:$B,Hoja2!$A16) -> 1 | F16: =COUNTIFS(Hoja1!$K:$K,Hoja2!F$1,Hoja1!$B:$B,Hoja2!$A16) -> 0 | G16: =COUNTIFS(Hoja1!$K:$K,Hoja2!G$1,Hoja1!$B:$B,Hoja2!$A16) -> 15 | H16: =COUNTIFS(Hoja1!$K:$K,Hoja2!H$1,Hoja1!$B:$B,Hoja2!$A16) -> 2 | I16: =COUNTIFS(Hoja1!$K:$K,Hoja2!I$1,Hoja1!$B:$B,Hoja2!$A16) -> 0 | ... K16: =COUNTIFS(Hoja1!$K:$K,Hoja2!K$1,Hoja1!$B:$B,Hoja2!$A16) -> 13 | L16: =SUM(B16:K16) -> 44
A17: 46251 | B17: =COUNTIFS(Hoja1!$K:$K,Hoja2!B$1,Hoja1!$B:$B,Hoja2!$A17) -> 14 | C17: =COUNTIFS(Hoja1!$K:$K,Hoja2!C$1,Hoja1!$B:$B,Hoja2!$A17) -> 6 | D17: =COUNTIFS(Hoja1!$K:$K,Hoja2!D$1,Hoja1!$B:$B,Hoja2!$A17) -> 5 | E17: =COUNTIFS(Hoja1!$K:$K,Hoja2!E$1,Hoja1!$B:$B,Hoja2!$A17) -> 1 | F17: =COUNTIFS(Hoja1!$K:$K,Hoja2!F$1,Hoja1!$B:$B,Hoja2!$A17) -> 1 | G17: =COUNTIFS(Hoja1!$K:$K,Hoja2!G$1,Hoja1!$B:$B,Hoja2!$A17) -> 24 | H17: =COUNTIFS(Hoja1!$K:$K,Hoja2!H$1,Hoja1!$B:$B,Hoja2!$A17) -> 5 | I17: =COUNTIFS(Hoja1!$K:$K,Hoja2!I$1,Hoja1!$B:$B,Hoja2!$A17) -> 0 | ... K17: =COUNTIFS(Hoja1!$K:$K,Hoja2!K$1,Hoja1!$B:$B,Hoja2!$A17) -> 12 | L17: =SUM(B17:K17) -> 74

Sheet Hoja3
A1: REPORTE SEMANAL | B1: 46237 | C1: 46238 | D1: 46239 | E1: 46240 | F1: 46241 | G1: 46242 | H1: 46243 | I1: 46244 | J1: 46245 | K1: 46246 | L1: 46247 | M1: 46248 | N1: 46249 | O1: 46250 | P1: 46251 | Q1: 46252
A2: CREDITO NUEVO/COMPRA MAYOR
A3: Irasema | B3: =COUNTIFS(Hoja1!$T:$T,Hoja3!$B$1,Hoja1!$S:$S,Hoja3!$A3) -> 3 | C3: =COUNTIFS(Hoja1!$T:$T,Hoja3!$C$1,Hoja1!$S:$S,Hoja3!$A3) -> 2 | D3: =COUNTIFS(Hoja1!$T:$T,Hoja3!$D$1,Hoja1!$S:$S,Hoja3!$A3) -> 2 | E3: =COUNTIFS(Hoja1!$T:$T,Hoja3!$E$1,Hoja1!$S:$S,Hoja3!$A3) -> 2 | F3: =COUNTIFS(Hoja1!$T:$T,Hoja3!$F$1,Hoja1!$S:$S,Hoja3!$A3) -> 0 | G3: =COUNTIFS(Hoja1!$T:$T,Hoja3!$G$1,Hoja1!$S:$S,Hoja3!$A3) -> 0 | H3: =COUNTIFS(Hoja1!$T:$T,Hoja3!$H$1,Hoja1!$S:$S,Hoja3!$A3) -> 0 | I3: 0 | J3: =COUNTIFS(Hoja1!$T:$T,Hoja3!$J$1,Hoja1!$S:$S,Hoja3!$A3) -> 0 | K3: =COUNTIFS(Hoja1!$T:$T,Hoja3!$K$1,Hoja1!$S:$S,Hoja3!$A3) -> 0 | L3: =COUNTIFS(Hoja1!$T:$T,Hoja3!$L$1,Hoja1!$S:$S,Hoja3!$A3) -> 0 | M3: =COUNTIFS(Hoja1!$T:$T,Hoja3!$M$1,Hoja1!$S:$S,Hoja3!$A3) -> 4 | N3: =COUNTIFS(Hoja1!$T:$T,Hoja3!$N$1,Hoja1!$S:$S,Hoja3!$A3) -> 0 | O3: =COUNTIFS(Hoja1!$T:$T,Hoja3!$O$1,Hoja1!$S:$S,Hoja3!$A3) -> 0 | P3: =COUNTIFS(Hoja1!$T:$T,Hoja3!$P$1,Hoja1!$S:$S,Hoja3!$A3) -> 2 | Q3: =COUNTIFS(Hoja1!$T:$T,Hoja3!$Q$1,Hoja1!$S:$S,Hoja3!$A3) -> 2
A4: Miriam | B4: =COUNTIFS(Hoja1!$T:$T,Hoja3!$B$1,Hoja1!$S:$S,Hoja3!$A4) -> 0 | C4: =COUNTIFS(Hoja1!$T:$T,Hoja3!$C$1,Hoja1!$S:$S,Hoja3!$A4) -> 0 | D4: =COUNTIFS(Hoja1!$T:$T,Hoja3!$D$1,Hoja1!$S:$S,Hoja3!$A4) -> 0 | E4: =COUNTIFS(Hoja1!$T:$T,Hoja3!$E$1,Hoja1!$S:$S,Hoja3!$A4) -> 0 | F4: =COUNTIFS(Hoja1!$T:$T,Hoja3!$F$1,Hoja1!$S:$S,Hoja3!$A4) -> 4 | G4: =COUNTIFS(Hoja1!$T:$T,Hoja3!$G$1,Hoja1!$S:$S,Hoja3!$A4) -> 3 | H4: =COUNTIFS(Hoja1!$T:$T,Hoja3!$H$1,Hoja1!$S:$S,Hoja3!$A4) -> 4 | I4: =COUNTIFS(Hoja1!$T:$T,Hoja3!$I$1,Hoja1!$S:$S,Hoja3!$A4) -> 3 | J4: =COUNTIFS(Hoja1!$T:$T,Hoja3!$J$1,Hoja1!$S:$S,Hoja3!$A4) -> 3 | K4: =COUNTIFS(Hoja1!$T:$T,Hoja3!$K$1,Hoja1!$S:$S,Hoja3!$A4) -> 0 | L4: =COUNTIFS(Hoja1!$T:$T,Hoja3!$L$1,Hoja1!$S:$S,Hoja3!$A4) -> 3 | M4: =COUNTIFS(Hoja1!$T:$T,Hoja3!$M$1,Hoja1!$S:$S,Hoja3!$A4) -> 0 | N4: =COUNTIFS(Hoja1!$T:$T,Hoja3!$N$1,Hoja1!$S:$S,Hoja3!$A4) -> 0 | O4: =COUNTIFS(Hoja1!$T:$T,Hoja3!$O$1,Hoja1!$S:$S,Hoja3!$A4) -> 0 | P4: =COUNTIFS(Hoja1!$T:$T,Hoja3!$P$1,Hoja1!$S:$S,Hoja3!$A4) -> 2 | Q4: =COUNTIFS(Hoja1!$T:$T,Hoja3!$Q$1,Hoja1!$S:$S,Hoja3!$A4) -> 0
A5: Itzelh | B5: =COUNTIFS(Hoja1!$T:$T,Hoja3!$B$1,Hoja1!$S:$S,Hoja3!$A5) -> 2 | C5: =COUNTIFS(Hoja1!$T:$T,Hoja3!$C$1,Hoja1!$S:$S,Hoja3!$A5) -> 3 | D5: =COUNTIFS(Hoja1!$T:$T,Hoja3!$D$1,Hoja1!$S:$S,Hoja3!$A5) -> 1 | E5: =COUNTIFS(Hoja1!$T:$T,Hoja3!$E$1,Hoja1!$S:$S,Hoja3!$A5) -> 2 | F5: =COUNTIFS(Hoja1!$T:$T,Hoja3!$F$1,Hoja1!$S:$S,Hoja3!$A5) -> 2 | G5: =COUNTIFS(Hoja1!$T:$T,Hoja3!$G$1,Hoja1!$S:$S,Hoja3!$A5) -> 0 | H5: =COUNTIFS(Hoja1!$T:$T,Hoja3!$H$1,Hoja1!$S:$S,Hoja3!$A5) -> 3 | I5: =COUNTIFS(Hoja1!$T:$T,Hoja3!$I$1,Hoja1!$S:$S,Hoja3!$A5) -> 4 | J5: =COUNTIFS(Hoja1!$T:$T,Hoja3!$J$1,Hoja1!$S:$S,Hoja3!$A5) -> 3 | K5: =COUNTIFS(Hoja1!$T:$T,Hoja3!$K$1,Hoja1!$S:$S,Hoja3!$A5) -> 0 | L5: =COUNTIFS(Hoja1!$T:$T,Hoja3!$L$1,Hoja1!$S:$S,Hoja3!$A5) -> 3 | M5: =COUNTIFS(Hoja1!$T:$T,Hoja3!$M$1,Hoja1!$S:$S,Hoja3!$A5) -> 0 | N5: =COUNTIFS(Hoja1!$T:$T,Hoja3!$N$1,Hoja1!$S:$S,Hoja3!$A5) -> 0 | O5: =COUNTIFS(Hoja1!$T:$T,Hoja3!$O$1,Hoja1!$S:$S,Hoja3!$A5) -> 0 | P5: =COUNTIFS(Hoja1!$T:$T,Hoja3!$P$1,Hoja1!$S:$S,Hoja3!$A5) -> 2 | Q5: =COUNTIFS(Hoja1!$T:$T,Hoja3!$Q$1,Hoja1!$S:$S,Hoja3!$A5) -> 3
A6: Carolina | B6: =COUNTIFS(Hoja1!$T:$T,Hoja3!$B$1,Hoja1!$S:$S,Hoja3!$A6) -> 2 | C6: =COUNTIFS(Hoja1!$T:$T,Hoja3!$C$1,Hoja1!$S:$S,Hoja3!$A6) -> 1 | D6: =COUNTIFS(Hoja1!$T:$T,Hoja3!$D$1,Hoja1!$S:$S,Hoja3!$A6) -> 2 | E6: =COUNTIFS(Hoja1!$T:$T,Hoja3!$E$1,Hoja1!$S:$S,Hoja3!$A6) -> 2 | F6: =COUNTIFS(Hoja1!$T:$T,Hoja3!$F$1,Hoja1!$S:$S,Hoja3!$A6) -> 3 | G6: =COUNTIFS(Hoja1!$T:$T,Hoja3!$G$1,Hoja1!$S:$S,Hoja3!$A6) -> 3 | H6: =COUNTIFS(Hoja1!$T:$T,Hoja3!$H$1,Hoja1!$S:$S,Hoja3!$A6) -> 0 | I6: =COUNTIFS(Hoja1!$T:$T,Hoja3!$I$1,Hoja1!$S:$S,Hoja3!$A6) -> 6 | J6: =COUNTIFS(Hoja1!$T:$T,Hoja3!$J$1,Hoja1!$S:$S,Hoja3!$A6) -> 3 | K6: =COUNTIFS(Hoja1!$T:$T,Hoja3!$K$1,Hoja1!$S:$S,Hoja3!$A6) -> 0 | L6: =COUNTIFS(Hoja1!$T:$T,Hoja3!$L$1,Hoja1!$S:$S,Hoja3!$A6) -> 0 | M6: =COUNTIFS(Hoja1!$T:$T,Hoja3!$M$1,Hoja1!$S:$S,Hoja3!$A6) -> 0 | N6: =COUNTIFS(Hoja1!$T:$T,Hoja3!$N$1,Hoja1!$S:$S,Hoja3!$A6) -> 0 | O6: =COUNTIFS(Hoja1!$T:$T,Hoja3!$O$1,Hoja1!$S:$S,Hoja3!$A6) -> 0 | P6: =COUNTIFS(Hoja1!$T:$T,Hoja3!$P$1,Hoja1!$S:$S,Hoja3!$A6) -> 0 | Q6: =COUNTIFS(Hoja1!$T:$T,Hoja3!$Q$1,Hoja1!$S:$S,Hoja3!$A6) -> 1
A7: Edna | B7: =COUNTIFS(Hoja1!$T:$T,Hoja3!$B$1,Hoja1!$S:$S,Hoja3!$A7) -> 0 | C7: =COUNTIFS(Hoja1!$T:$T,Hoja3!$C$1,Hoja1!$S:$S,Hoja3!$A7) -> 0 | D7: =COUNTIFS(Hoja1!$T:$T,Hoja3!$D$1,Hoja1!$S:$S,Hoja3!$A7) -> 0 | E7: =COUNTIFS(Hoja1!$T:$T,Hoja3!$E$1,Hoja1!$S:$S,Hoja3!$A7) -> 0 | F7: =COUNTIFS(Hoja1!$T:$T,Hoja3!$F$1,Hoja1!$S:$S,Hoja3!$A7) -> 2 | G7: =COUNTIFS(Hoja1!$T:$T,Hoja3!$G$1,Hoja1!$S:$S,Hoja3!$A7) -> 0 | H7: =COUNTIFS(Hoja1!$T:$T,Hoja3!$H$1,Hoja1!$S:$S,Hoja3!$A7) -> 3 | I7: =COUNTIFS(Hoja1!$T:$T,Hoja3!$I$1,Hoja1!$S:$S,Hoja3!$A7) -> 2 | J7: =COUNTIFS(Hoja1!$T:$T,Hoja3!$J$1,Hoja1!$S:$S,Hoja3!$A7) -> 3 | K7: =COUNTIFS(Hoja1!$T:$T,Hoja3!$K$1,Hoja1!$S:$S,Hoja3!$A7) -> 2 | L7: =COUNTIFS(Hoja1!$T:$T,Hoja3!$L$1,Hoja1!$S:$S,Hoja3!$A7) -> 2 | M7: =COUNTIFS(Hoja1!$T:$T,Hoja3!$M$1,Hoja1!$S:$S,Hoja3!$A7) -> 0 | N7: =COUNTIFS(Hoja1!$T:$T,Hoja3!$N$1,Hoja1!$S:$S,Hoja3!$A7) -> 0 | O7: =COUNTIFS(Hoja1!$T:$T,Hoja3!$O$1,Hoja1!$S:$S,Hoja3!$A7) -> 0 | P7: =COUNTIFS(Hoja1!$T:$T,Hoja3!$P$1,Hoja1!$S:$S,Hoja3!$A7) -> 4 | Q7: =COUNTIFS(Hoja1!$T:$T,Hoja3!$Q$1,Hoja1!$S:$S,Hoja3!$A7) -> 0
A8: Gabriela | B8: 0 | C8: 0 | D8: 0 | E8: 0 | F8: 0 | G8: 0 | H8: 0 | I8: =COUNTIFS(Hoja1!$T:$T,Hoja3!$I$1,Hoja1!$S:$S,Hoja3!$A8) -> 4 | J8: =COUNTIFS(Hoja1!$T:$T,Hoja3!$J$1,Hoja1!$S:$S,Hoja3!$A8) -> 0 | K8: =COUNTIFS(Hoja1!$T:$T,Hoja3!$K$1,Hoja1!$S:$S,Hoja3!$A8) -> 0 | L8: =COUNTIFS(Hoja1!$T:$T,Hoja3!$L$1,Hoja1!$S:$S,Hoja3!$A8) -> 0 | M8: =COUNTIFS(Hoja1!$T:$T,Hoja3!$M$1,Hoja1!$S:$S,Hoja3!$A8) -> 0 | N8: =COUNTIFS(Hoja1!$T:$T,Hoja3!$N$1,Hoja1!$S:$S,Hoja3!$A8) -> 2 | O8: =COUNTIFS(Hoja1!$T:$T,Hoja3!$O$1,Hoja1!$S:$S,Hoja3!$A8) -> 2 | P8: =COUNTIFS(Hoja1!$T:$T,Hoja3!$P$1,Hoja1!$S:$S,Hoja3!$A8) -> 0 | Q8: =COUNTIFS(Hoja1!$T:$T,Hoja3!$Q$1,Hoja1!$S:$S,Hoja3!$A8) -> 0
A9: Melanie | B9: =COUNTIFS(Hoja1!$T:$T,Hoja3!$B$1,Hoja1!$S:$S,Hoja3!$A9) -> 2 | C9: =COUNTIFS(Hoja1!$T:$T,Hoja3!$C$1,Hoja1!$S:$S,Hoja3!$A9) -> 3 | D9: =COUNTIFS(Hoja1!$T:$T,Hoja3!$D$1,Hoja1!$S:$S,Hoja3!$A9) -> 2 | E9: =COUNTIFS(Hoja1!$T:$T,Hoja3!$E$1,Hoja1!$S:$S,Hoja3!$A9) -> 2 | F9: =COUNTIFS(Hoja1!$T:$T,Hoja3!$F$1,Hoja1!$S:$S,Hoja3!$A9) -> 0 | G9: =COUNTIFS(Hoja1!$T:$T,Hoja3!$G$1,Hoja1!$S:$S,Hoja3!$A9) -> 0 | H9: =COUNTIFS(Hoja1!$T:$T,Hoja3!$H$1,Hoja1!$S:$S,Hoja3!$A9) -> 0 | I9: =COUNTIFS(Hoja1!$T:$T,Hoja3!$I$1,Hoja1!$S:$S,Hoja3!$A9) -> 0 | J9: =COUNTIFS(Hoja1!$T:$T,Hoja3!$J$1,Hoja1!$S:$S,Hoja3!$A9) -> 1 | K9: =COUNTIFS(Hoja1!$T:$T,Hoja3!$K$1,Hoja1!$S:$S,Hoja3!$A9) -> 4 | L9: =COUNTIFS(Hoja1!$T:$T,Hoja3!$L$1,Hoja1!$S:$S,Hoja3!$A9) -> 0 | M9: =COUNTIFS(Hoja1!$T:$T,Hoja3!$M$1,Hoja1!$S:$S,Hoja3!$A9) -> 2 | N9: =COUNTIFS(Hoja1!$T:$T,Hoja3!$N$1,Hoja1!$S:$S,Hoja3!$A9) -> 0 | O9: =COUNTIFS(Hoja1!$T:$T,Hoja3!$O$1,Hoja1!$S:$S,Hoja3!$A9) -> 0 | P9: =COUNTIFS(Hoja1!$T:$T,Hoja3!$P$1,Hoja1!$S:$S,Hoja3!$A9) -> 2 | Q9: =COUNTIFS(Hoja1!$T:$T,Hoja3!$Q$1,Hoja1!$S:$S,Hoja3!$A9) -> 1
A10: Magali | B10: =COUNTIFS(Hoja1!$T:$T,Hoja3!$B$1,Hoja1!$S:$S,Hoja3!$A10) -> 2 | C10: =COUNTIFS(Hoja1!$T:$T,Hoja3!$C$1,Hoja1!$S:$S,Hoja3!$A10) -> 2 | D10: =COUNTIFS(Hoja1!$T:$T,Hoja3!$D$1,Hoja1!$S:$S,Hoja3!$A10) -> 1 | E10: =COUNTIFS(Hoja1!$T:$T,Hoja3!$E$1,Hoja1!$S:$S,Hoja3!$A10) -> 1 | F10: =COUNTIFS(Hoja1!$T:$T,Hoja3!$F$1,Hoja1!$S:$S,Hoja3!$A10) -> 0 | G10: =COUNTIFS(Hoja1!$T:$T,Hoja3!$G$1,Hoja1!$S:$S,Hoja3!$A10) -> 0 | H10: =COUNTIFS(Hoja1!$T:$T,Hoja3!$H$1,Hoja1!$S:$S,Hoja3!$A10) -> 0 | I10: =COUNTIFS(Hoja1!$T:$T,Hoja3!$I$1,Hoja1!$S:$S,Hoja3!$A10) -> 0 | J10: =COUNTIFS(Hoja1!$T:$T,Hoja3!$J$1,Hoja1!$S:$S,Hoja3!$A10) -> 0 | K10: =COUNTIFS(Hoja1!$T:$T,Hoja3!$K$1,Hoja1!$S:$S,Hoja3!$A10) -> 0 | L10: =COUNTIFS(Hoja1!$T:$T,Hoja3!$L$1,Hoja1!$S:$S,Hoja3!$A10) -> 2 | M10: =COUNTIFS(Hoja1!$T:$T,Hoja3!$M$1,Hoja1!$S:$S,Hoja3!$A10) -> 2 | N10: =COUNTIFS(Hoja1!$T:$T,Hoja3!$N$1,Hoja1!$S:$S,Hoja3!$A10) -> 0 | O10: =COUNTIFS(Hoja1!$T:$T,Hoja3!$O$1,Hoja1!$S:$S,Hoja3!$A10) -> 0 | P10: =COUNTIFS(Hoja1!$T:$T,Hoja3!$P$1,Hoja1!$S:$S,Hoja3!$A10) -> 1 | Q10: =COUNTIFS(Hoja1!$T:$T,Hoja3!$Q$1,Hoja1!$S:$S,Hoja3!$A10) -> 0
A11: Marisol | B11: =COUNTIFS(Hoja1!$T:$T,Hoja3!$B$1,Hoja1!$S:$S,Hoja3!$A11) -> 2 | C11: =COUNTIFS(Hoja1!$T:$T,Hoja3!$C$1,Hoja1!$S:$S,Hoja3!$A11) -> 2 | D11: =COUNTIFS(Hoja1!$T:$T,Hoja3!$D$1,Hoja1!$S:$S,Hoja3!$A11) -> 1 | E11: =COUNTIFS(Hoja1!$T:$T,Hoja3!$E$1,Hoja1!$S:$S,Hoja3!$A11) -> 2 | F11: =COUNTIFS(Hoja1!$T:$T,Hoja3!$F$1,Hoja1!$S:$S,Hoja3!$A11) -> 0 | G11: =COUNTIFS(Hoja1!$T:$T,Hoja3!$G$1,Hoja1!$S:$S,Hoja3!$A11) -> 0 | H11: =COUNTIFS(Hoja1!$T:$T,Hoja3!$H$1,Hoja1!$S:$S,Hoja3!$A11) -> 0 | I11: =COUNTIFS(Hoja1!$T:$T,Hoja3!$I$1,Hoja1!$S:$S,Hoja3!$A11) -> 0 | J11: =COUNTIFS(Hoja1!$T:$T,Hoja3!$J$1,Hoja1!$S:$S,Hoja3!$A11) -> 1 | K11: =COUNTIFS(Hoja1!$T:$T,Hoja3!$K$1,Hoja1!$S:$S,Hoja3!$A11) -> 3 | L11: =COUNTIFS(Hoja1!$T:$T,Hoja3!$L$1,Hoja1!$S:$S,Hoja3!$A11) -> 3 | M11: =COUNTIFS(Hoja1!$T:$T,Hoja3!$M$1,Hoja1!$S:$S,Hoja3!$A11) -> 3 | N11: =COUNTIFS(Hoja1!$T:$T,Hoja3!$N$1,Hoja1!$S:$S,Hoja3!$A11) -> 0 | O11: =COUNTIFS(Hoja1!$T:$T,Hoja3!$O$1,Hoja1!$S:$S,Hoja3!$A11) -> 0 | P11: =COUNTIFS(Hoja1!$T:$T,Hoja3!$P$1,Hoja1!$S:$S,Hoja3!$A11) -> 0 | Q11: =COUNTIFS(Hoja1!$T:$T,Hoja3!$Q$1,Hoja1!$S:$S,Hoja3!$A11) -> 1
A12: Fernanda | B12: =COUNTIFS(Hoja1!$T:$T,Hoja3!$B$1,Hoja1!$S:$S,Hoja3!$A12) -> 2 | C12: =COUNTIFS(Hoja1!$T:$T,Hoja3!$C$1,Hoja1!$S:$S,Hoja3!$A12) -> 2 | D12: =COUNTIFS(Hoja1!$T:$T,Hoja3!$D$1,Hoja1!$S:$S,Hoja3!$A12) -> 0 | E12: =COUNTIFS(Hoja1!$T:$T,Hoja3!$E$1,Hoja1!$S:$S,Hoja3!$A12) -> 3 | F12: =COUNTIFS(Hoja1!$T:$T,Hoja3!$F$1,Hoja1!$S:$S,Hoja3!$A12) -> 0 | G12: =COUNTIFS(Hoja1!$T:$T,Hoja3!$G$1,Hoja1!$S:$S,Hoja3!$A12) -> 0 | H12: =COUNTIFS(Hoja1!$T:$T,Hoja3!$H$1,Hoja1!$S:$S,Hoja3!$A12) -> 0 | I12: =COUNTIFS(Hoja1!$T:$T,Hoja3!$I$1,Hoja1!$S:$S,Hoja3!$A12) -> 0 | J12: =COUNTIFS(Hoja1!$T:$T,Hoja3!$J$1,Hoja1!$S:$S,Hoja3!$A12) -> 1 | K12: =COUNTIFS(Hoja1!$T:$T,Hoja3!$K$1,Hoja1!$S:$S,Hoja3!$A12) -> 3 | L12: =COUNTIFS(Hoja1!$T:$T,Hoja3!$L$1,Hoja1!$S:$S,Hoja3!$A12) -> 3 | M12: =COUNTIFS(Hoja1!$T:$T,Hoja3!$M$1,Hoja1!$S:$S,Hoja3!$A12) -> 3 | N12: =COUNTIFS(Hoja1!$T:$T,Hoja3!$N$1,Hoja1!$S:$S,Hoja3!$A12) -> 0 | O12: =COUNTIFS(Hoja1!$T:$T,Hoja3!$O$1,Hoja1!$S:$S,Hoja3!$A12) -> 0 | P12: =COUNTIFS(Hoja1!$T:$T,Hoja3!$P$1,Hoja1!$S:$S,Hoja3!$A12) -> 2 | Q12: =COUNTIFS(Hoja1!$T:$T,Hoja3!$Q$1,Hoja1!$S:$S,Hoja3!$A12) -> 0
A13: Guadalupe | N13: =COUNTIFS(Hoja1!$T:$T,Hoja3!$N$1,Hoja1!$S:$S,Hoja3!$A13) -> 2 | O13: =COUNTIFS(Hoja1!$T:$T,Hoja3!$O$1,Hoja1!$S:$S,Hoja3!$A13) -> 1 | P13: =COUNTIFS(Hoja1!$T:$T,Hoja3!$P$1,Hoja1!$S:$S,Hoja3!$A13) -> 0 | Q13: =COUNTIFS(Hoja1!$T:$T,Hoja3!$Q$1,Hoja1!$S:$S,Hoja3!$A13) -> 0
A14: Litzy | B14: =COUNTIFS(Hoja1!$T:$T,Hoja3!$B$1,Hoja1!$S:$S,Hoja3!$A14) -> 0 | C14: =COUNTIFS(Hoja1!$T:$T,Hoja3!$C$1,Hoja1!$S:$S,Hoja3!$A14) -> 1 | D14: =COUNTIFS(Hoja1!$T:$T,Hoja3!$D$1,Hoja1!$S:$S,Hoja3!$A14) -> 0 | E14: =COUNTIFS(Hoja1!$T:$T,Hoja3!$E$1,Hoja1!$S:$S,Hoja3!$A14) -> 0 | F14: =COUNTIFS(Hoja1!$T:$T,Hoja3!$F$1,Hoja1!$S:$S,Hoja3!$A14) -> 0 | G14: =COUNTIFS(Hoja1!$T:$T,Hoja3!$G$1,Hoja1!$S:$S,Hoja3!$A14) -> 0 | H14: =COUNTIFS(Hoja1!$T:$T,Hoja3!$H$1,Hoja1!$S:$S,Hoja3!$A14) -> 0 | I14: =COUNTIFS(Hoja1!$T:$T,Hoja3!$I$1,Hoja1!$S:$S,Hoja3!$A14) -> 0 | J14: =COUNTIFS(Hoja1!$T:$T,Hoja3!$J$1,Hoja1!$S:$S,Hoja3!$A14) -> 0 | K14: =COUNTIFS(Hoja1!$T:$T,Hoja3!$K$1,Hoja1!$S:$S,Hoja3!$A14) -> 0 | L14: =COUNTIFS(Hoja1!$T:$T,Hoja3!$L$1,Hoja1!$S:$S,Hoja3!$A14) -> 0 | M14: =COUNTIFS(Hoja1!$T:$T,Hoja3!$M$1,Hoja1!$S:$S,Hoja3!$A14) -> 0 | N14: =COUNTIFS(Hoja1!$T:$T,Hoja3!$N$1,Hoja1!$S:$S,Hoja3!$A14) -> 2 | O14: =COUNTIFS(Hoja1!$T:$T,Hoja3!$O$1,Hoja1!$S:$S,Hoja3!$A14) -> 2 | P14: =COUNTIFS(Hoja1!$T:$T,Hoja3!$P$1,Hoja1!$S:$S,Hoja3!$A14) -> 0 | Q14: =COUNTIFS(Hoja1!$T:$T,Hoja3!$Q$1,Hoja1!$S:$S,Hoja3!$A14) -> 0
A15: Deyanira | N15: =COUNTIFS(Hoja1!$T:$T,Hoja3!$N$1,Hoja1!$S:$S,Hoja3!$A15) -> 1 | O15: =COUNTIFS(Hoja1!$T:$T,Hoja3!$O$1,Hoja1!$S:$S,Hoja3!$A15) -> 0 | P15: =COUNTIFS(Hoja1!$T:$T,Hoja3!$P$1,Hoja1!$S:$S,Hoja3!$A15) -> 0 | Q15: =COUNTIFS(Hoja1!$T:$T,Hoja3!$Q$1,Hoja1!$S:$S,Hoja3!$A15) -> 0
A16: Danielly | L16: 1 | M16: =COUNTIFS(Hoja1!$T:$T,Hoja3!$M$1,Hoja1!$S:$S,Hoja3!$A16) -> 0 | N16: =COUNTIFS(Hoja1!$T:$T,Hoja3!$N$1,Hoja1!$S:$S,Hoja3!$A16) -> 0 | O16: 0 | P16: 2 | Q16: =COUNTIFS(Hoja1!$T:$T,Hoja3!$Q$1,Hoja1!$S:$S,Hoja3!$A16) -> 2
A17: Ana | N17: =COUNTIFS(Hoja1!$T:$T,Hoja3!$N$1,Hoja1!$S:$S,Hoja3!$A17) -> 0 | O17: =COUNTIFS(Hoja1!$T:$T,Hoja3!$O$1,Hoja1!$S:$S,Hoja3!$A17) -> 3 | P17: =COUNTIFS(Hoja1!$T:$T,Hoja3!$P$1,Hoja1!$S:$S,Hoja3!$A17) -> 2 | Q17: =COUNTIFS(Hoja1!$T:$T,Hoja3!$Q$1,Hoja1!$S:$S,Hoja3!$A17) -> 3
A18: Gloria | N18: =COUNTIFS(Hoja1!$T:$T,Hoja3!$N$1,Hoja1!$S:$S,Hoja3!$A18) -> 0 | O18: =COUNTIFS(Hoja1!$T:$T,Hoja3!$O$1,Hoja1!$S:$S,Hoja3!$A18) -> 1 | P18: =COUNTIFS(Hoja1!$T:$T,Hoja3!$P$1,Hoja1!$S:$S,Hoja3!$A18) -> 2 | Q18: =COUNTIFS(Hoja1!$T:$T,Hoja3!$Q$1,Hoja1!$S:$S,Hoja3!$A18) -> 1
A19: Itzel Carranza
A20: Paola
A21: Karina
A22: Hania
A23: CREDITO NUEVO/COMPRA MENOR
A24: Hector | B24: =COUNTIFS(Hoja1!$T:$T,Hoja3!$B$1,Hoja1!$S:$S,Hoja3!$A24) -> 7 | C24: =COUNTIFS(Hoja1!$T:$T,Hoja3!$C$1,Hoja1!$S:$S,Hoja3!$A24) -> 8 | D24: =COUNTIFS(Hoja1!$T:$T,Hoja3!$D$1,Hoja1!$S:$S,Hoja3!$A24) -> 6 | E24: =COUNTIFS(Hoja1!$T:$T,Hoja3!$E$1,Hoja1!$S:$S,Hoja3!$A24) -> 0 | F24: =COUNTIFS(Hoja1!$T:$T,Hoja3!$F$1,Hoja1!$S:$S,Hoja3!$A24) -> 0 | G24: =COUNTIFS(Hoja1!$T:$T,Hoja3!$G$1,Hoja1!$S:$S,Hoja3!$A24) -> 0 | H24: =COUNTIFS(Hoja1!$T:$T,Hoja3!$H$1,Hoja1!$S:$S,Hoja3!$A24) -> 0 | I24: =COUNTIFS(Hoja1!$T:$T,Hoja3!$I$1,Hoja1!$S:$S,Hoja3!$A24) -> 0 | J24: =COUNTIFS(Hoja1!$T:$T,Hoja3!$J$1,Hoja1!$S:$S,Hoja3!$A24) -> 0 | K24: =COUNTIFS(Hoja1!$T:$T,Hoja3!$K$1,Hoja1!$S:$S,Hoja3!$A24) -> 0 | L24: =COUNTIFS(Hoja1!$T:$T,Hoja3!$L$1,Hoja1!$S:$S,Hoja3!$A24) -> 0 | M24: =COUNTIFS(Hoja1!$T:$T,Hoja3!$M$1,Hoja1!$S:$S,Hoja3!$A24) -> 0 | N24: =COUNTIFS(Hoja1!$T:$T,Hoja3!$N$1,Hoja1!$S:$S,Hoja3!$A24) -> 0 | O24: =COUNTIFS(Hoja1!$T:$T,Hoja3!$O$1,Hoja1!$S:$S,Hoja3!$A24) -> 0 | P24: =COUNTIFS(Hoja1!$T:$T,Hoja3!$P$1,Hoja1!$S:$S,Hoja3!$A24) -> 0 | Q24: =COUNTIFS(Hoja1!$T:$T,Hoja3!$Q$1,Hoja1!$S:$S,Hoja3!$A24) -> 3
A25: Dulce | B25: =COUNTIFS(Hoja1!$T:$T,Hoja3!$B$1,Hoja1!$S:$S,Hoja3!$A25) -> 0 | C25: =COUNTIFS(Hoja1!$T:$T,Hoja3!$C$1,Hoja1!$S:$S,Hoja3!$A25) -> 0 | D25: =COUNTIFS(Hoja1!$T:$T,Hoja3!$D$1,Hoja1!$S:$S,Hoja3!$A25) -> 1 | E25: =COUNTIFS(Hoja1!$T:$T,Hoja3!$E$1,Hoja1!$S:$S,Hoja3!$A25) -> 3 | F25: =COUNTIFS(Hoja1!$T:$T,Hoja3!$F$1,Hoja1!$S:$S,Hoja3!$A25) -> 3 | G25: =COUNTIFS(Hoja1!$T:$T,Hoja3!$G$1,Hoja1!$S:$S,Hoja3!$A25) -> 2 | H25: =COUNTIFS(Hoja1!$T:$T,Hoja3!$H$1,Hoja1!$S:$S,Hoja3!$A25) -> 0 | I25: =COUNTIFS(Hoja1!$T:$T,Hoja3!$I$1,Hoja1!$S:$S,Hoja3!$A25) -> 5 | J25: =COUNTIFS(Hoja1!$T:$T,Hoja3!$J$1,Hoja1!$S:$S,Hoja3!$A25) -> 3 | K25: =COUNTIFS(Hoja1!$T:$T,Hoja3!$K$1,Hoja1!$S:$S,Hoja3!$A25) -> 1 | L25: =COUNTIFS(Hoja1!$T:$T,Hoja3!$L$1,Hoja1!$S:$S,Hoja3!$A25) -> 2 | M25: =COUNTIFS(Hoja1!$T:$T,Hoja3!$M$1,Hoja1!$S:$S,Hoja3!$A25) -> 2 | N25: =COUNTIFS(Hoja1!$T:$T,Hoja3!$N$1,Hoja1!$S:$S,Hoja3!$A25) -> 0 | O25: =COUNTIFS(Hoja1!$T:$T,Hoja3!$O$1,Hoja1!$S:$S,Hoja3!$A25) -> 2 | P25: =COUNTIFS(Hoja1!$T:$T,Hoja3!$P$1,Hoja1!$S:$S,Hoja3!$A25) -> 4 | Q25: =COUNTIFS(Hoja1!$T:$T,Hoja3!$Q$1,Hoja1!$S:$S,Hoja3!$A25) -> 0
A26: Hania | B26: =COUNTIFS(Hoja1!$T:$T,Hoja3!$B$1,Hoja1!$S:$S,Hoja3!$A26) -> 0 | C26: =COUNTIFS(Hoja1!$T:$T,Hoja3!$C$1,Hoja1!$S:$S,Hoja3!$A26) -> 0 | D26: =COUNTIFS(Hoja1!$T:$T,Hoja3!$D$1,Hoja1!$S:$S,Hoja3!$A26) -> 1 | E26: =COUNTIFS(Hoja1!$T:$T,Hoja3!$E$1,Hoja1!$S:$S,Hoja3!$A26) -> 4 | F26: =COUNTIFS(Hoja1!$T:$T,Hoja3!$F$1,Hoja1!$S:$S,Hoja3!$A26) -> 2 | G26: =COUNTIFS(Hoja1!$T:$T,Hoja3!$G$1,Hoja1!$S:$S,Hoja3!$A26) -> 2 | H26: =COUNTIFS(Hoja1!$T:$T,Hoja3!$H$1,Hoja1!$S:$S,Hoja3!$A26) -> 0 | I26: =COUNTIFS(Hoja1!$T:$T,Hoja3!$I$1,Hoja1!$S:$S,Hoja3!$A26) -> 6 | J26: =COUNTIFS(Hoja1!$T:$T,Hoja3!$J$1,Hoja1!$S:$S,Hoja3!$A26) -> 3 | K26: =COUNTIFS(Hoja1!$T:$T,Hoja3!$K$1,Hoja1!$S:$S,Hoja3!$A26) -> 1 | L26: =COUNTIFS(Hoja1!$T:$T,Hoja3!$L$1,Hoja1!$S:$S,Hoja3!$A26) -> 1 | M26: =COUNTIFS(Hoja1!$T:$T,Hoja3!$M$1,Hoja1!$S:$S,Hoja3!$A26) -> 2 | N26: =COUNTIFS(Hoja1!$T:$T,Hoja3!$N$1,Hoja1!$S:$S,Hoja3!$A26) -> 5 | O26: =COUNTIFS(Hoja1!$T:$T,Hoja3!$O$1,Hoja1!$S:$S,Hoja3!$A26) -> 0 | P26: =COUNTIFS(Hoja1!$T:$T,Hoja3!$P$1,Hoja1!$S:$S,Hoja3!$A26) -> 3 | Q26: =COUNTIFS(Hoja1!$T:$T,Hoja3!$Q$1,Hoja1!$S:$S,Hoja3!$A26) -> 3
A27: Karina | B27: =COUNTIFS(Hoja1!$T:$T,Hoja3!$B$1,Hoja1!$S:$S,Hoja3!$A27) -> 0 | C27: =COUNTIFS(Hoja1!$T:$T,Hoja3!$C$1,Hoja1!$S:$S,Hoja3!$A27) -> 0 | D27: =COUNTIFS(Hoja1!$T:$T,Hoja3!$D$1,Hoja1!$S:$S,Hoja3!$A27) -> 0 | E27: =COUNTIFS(Hoja1!$T:$T,Hoja3!$E$1,Hoja1!$S:$S,Hoja3!$A27) -> 1 | F27: =COUNTIFS(Hoja1!$T:$T,Hoja3!$F$1,Hoja1!$S:$S,Hoja3!$A27) -> 0 | G27: =COUNTIFS(Hoja1!$T:$T,Hoja3!$G$1,Hoja1!$S:$S,Hoja3!$A27) -> 0 | H27: =COUNTIFS(Hoja1!$T:$T,Hoja3!$H$1,Hoja1!$S:$S,Hoja3!$A27) -> 1 | I27: =COUNTIFS(Hoja1!$T:$T,Hoja3!$I$1,Hoja1!$S:$S,Hoja3!$A27) -> 0 | J27: =COUNTIFS(Hoja1!$T:$T,Hoja3!$J$1,Hoja1!$S:$S,Hoja3!$A27) -> 0 | K27: =COUNTIFS(Hoja1!$T:$T,Hoja3!$K$1,Hoja1!$S:$S,Hoja3!$A27) -> 0 | L27: =COUNTIFS(Hoja1!$T:$T,Hoja3!$L$1,Hoja1!$S:$S,Hoja3!$A27) -> 0 | M27: =COUNTIFS(Hoja1!$T:$T,Hoja3!$M$1,Hoja1!$S:$S,Hoja3!$A27) -> 0 | N27: =COUNTIFS(Hoja1!$T:$T,Hoja3!$N$1,Hoja1!$S:$S,Hoja3!$A27) -> 0 | O27: =COUNTIFS(Hoja1!$T:$T,Hoja3!$O$1,Hoja1!$S:$S,Hoja3!$A27) -> 0 | P27: =COUNTIFS(Hoja1!$T:$T,Hoja3!$P$1,Hoja1!$S:$S,Hoja3!$A27) -> 0 | Q27: =COUNTIFS(Hoja1!$T:$T,Hoja3!$Q$1,Hoja1!$S:$S,Hoja3!$A27) -> 0
A28: RESTRINGIDA
A29: Danielly | B29: =COUNTIFS(Hoja1!$T:$T,Hoja3!$B$1,Hoja1!$S:$S,Hoja3!$A29,Hoja1!$K:$K,Hoja3!$A28) -> 2 | C29: =COUNTIFS(Hoja1!$T:$T,Hoja3!$C$1,Hoja1!$S:$S,Hoja3!$A29,Hoja1!$K:$K,Hoja3!$A28) -> 2 | D29: =COUNTIFS(Hoja1!$T:$T,Hoja3!$D$1,Hoja1!$S:$S,Hoja3!$A29,Hoja1!$K:$K,Hoja3!$A28) -> 3 | E29: =COUNTIFS(Hoja1!$T:$T,Hoja3!$E$1,Hoja1!$S:$S,Hoja3!$A29,Hoja1!$K:$K,Hoja3!$A28) -> 2 | F29: 2 | G29: 1 | H29: =COUNTIFS(Hoja1!$T:$T,Hoja3!$H$1,Hoja1!$S:$S,Hoja3!$A29,Hoja1!$K:$K,Hoja3!$A28) -> 0 | I29: =COUNTIFS(Hoja1!$T:$T,Hoja3!$I$1,Hoja1!$S:$S,Hoja3!$A29,Hoja1!$K:$K,Hoja3!$A28) -> 3 | J29: =COUNTIFS(Hoja1!$T:$T,Hoja3!$J$1,Hoja1!$S:$S,Hoja3!$A29,Hoja1!$K:$K,Hoja3!$A28) -> 3 | K29: =COUNTIFS(Hoja1!$T:$T,Hoja3!$K$1,Hoja1!$S:$S,Hoja3!$A29,Hoja1!$K:$K,Hoja3!$A28) -> 1 | L29: =COUNTIFS(Hoja1!$T:$T,Hoja3!$L$1,Hoja1!$S:$S,Hoja3!$A29,Hoja1!$K:$K,Hoja3!$A28) -> 1 | M29: =COUNTIFS(Hoja1!$T:$T,Hoja3!$M$1,Hoja1!$S:$S,Hoja3!$A29,Hoja1!$K:$K,Hoja3!$A28) -> 0 | N29: =COUNTIFS(Hoja1!$T:$T,Hoja3!$N$1,Hoja1!$S:$S,Hoja3!$A29,Hoja1!$K:$K,Hoja3!$A28) -> 0 | O29: =COUNTIFS(Hoja1!$T:$T,Hoja3!$O$1,Hoja1!$S:$S,Hoja3!$A29,Hoja1!$K:$K,Hoja3!$A28) -> 1 | P29: 3
A30: Adela | I30: =COUNTIFS(Hoja1!$T:$T,Hoja3!$I$1,Hoja1!$S:$S,Hoja3!$A30) -> 0 | J30: =COUNTIFS(Hoja1!$T:$T,Hoja3!$J$1,Hoja1!$S:$S,Hoja3!$A30) -> 0 | K30: =COUNTIFS(Hoja1!$T:$T,Hoja3!$K$1,Hoja1!$S:$S,Hoja3!$A30) -> 2 | L30: =COUNTIFS(Hoja1!$T:$T,Hoja3!$L$1,Hoja1!$S:$S,Hoja3!$A30) -> 2 | M30: =COUNTIFS(Hoja1!$T:$T,Hoja3!$M$1,Hoja1!$S:$S,Hoja3!$A30) -> 0 | N30: =COUNTIFS(Hoja1!$T:$T,Hoja3!$N$1,Hoja1!$S:$S,Hoja3!$A30) -> 2 | O30: =COUNTIFS(Hoja1!$T:$T,Hoja3!$O$1,Hoja1!$S:$S,Hoja3!$A30) -> 0 | P30: =COUNTIFS(Hoja1!$T:$T,Hoja3!$P$1,Hoja1!$S:$S,Hoja3!$A30) -> 0 | Q30: =COUNTIFS(Hoja1!$T:$T,Hoja3!$Q$1,Hoja1!$S:$S,Hoja3!$A30) -> 1
A31: NO DATO
A32: OTROS
A33: TOTAL | B33: =SUM(B3:B29) -> 24 | C33: =SUM(C2:C32) -> 26 | D33: =SUM(D2:D32) -> 20 | E33: =SUM(E2:E32) -> 24 | F33: =SUM(F2:F32) -> 18 | G33: =SUM(G2:G32) -> 11 | H33: =SUM(H2:H32) -> 11 | I33: =SUM(I2:I32) -> 33 | J33: =SUM(J2:J32) -> 24 | ... Q33: =SUM(Q2:Q32) -> 21
A34: TOTAL MENSAJES CAMPAÑA
A36: OTROS COMPRENDE:
A37: LEY 97 | B37: =COUNTIFS(Hoja1!$K$2:$K$82,Hoja3!$A37) -> 3
A38: SIN CAPACIDAD | B38: =COUNTIFS(Hoja1!$K$2:$K$82,Hoja3!$A38) -> 10
A39: COMPRA BIMESTRES | B39: =COUNTIFS(Hoja1!$K$2:$K$82,Hoja3!$A39) -> 36

Sheet Hoja5
A1: ASESOR | B1: CLIENTES | I1: ITZEL CARRANZA | M1: ITZEL CARRANZA
A2: ITZEL CARRANZA | B2: =COUNTIF(I:I,A2) -> 1 | I2: ANDRE | M2: ANDRE
A3: ANDRE | B3: =COUNTIF(I:I,A3) -> 2 | I3: MIRIAM | M3: MIRIAM
A4: MIRIAM | B4: =COUNTIF(I:I,A4) -> 1 | I4: KARINA | M4: KARINA
A5: KARINA | B5: =COUNTIF(I:I,A5) -> 1 | I5: MAYTE | M5: MAYTE
A6: MAYTE | B6: =COUNTIF(I:I,A6) -> 1 | I6: HECTOR | M6: HECTOR
A7: HECTOR | B7: =COUNTIF(I:I,A7) -> 1 | I7: ITZELH | M7: ITZELH
A8: ITZELH | B8: =COUNTIF(I:I,A8) -> 2 | I8: ITZELH | M8: DANIELLY
A9: DANIELLY | B9: =COUNTIF(I:I,A9) -> 2 | I9: ANDRE | M9: BEATRIZ DLC
A10: BEATRIZ DLC | B10: =COUNTIF(I:I,A10) -> 1 | I10: DANIELLY | M10: MARISOL
A11: MARISOL | B11: =COUNTIF(I:I,A11) -> 1 | I11: BEATRIZ DLC | M11: LIDIA
A12: LIDIA | B12: =COUNTIF(I:I,A12) -> 1 | I12: MARISOL
A13: TOTAL | B13: =SUM(B2:B12) -> 14 | I13: DANIELLY
I14: LIDIA

Sheet Hoja7
A1: COMPRA BIMESTRES
A2: COMPRA BIMESTRES
A3: COMPRA BIMESTRES
A4: COMPRA BIMESTRES
A5: COMPRA BIMESTRES
A6: SIN CAPACIDAD
A7: SIN CAPACIDAD
A8: COMPRA BIMESTRES
A9: LEY 97
A10: COMPRA BIMESTRES
A11: COMPRA BIMESTRES
A12: COMPRA BIMESTRES
... A813: COMPRA BIMESTRES

Sheet Hoja9
A1: ANDRE | B1: =COUNTIF(G:G,A1) -> 3 | G1: ANDRE
A2: HECTOR | B2: =COUNTIF(G:G,A2) -> 2 | G2: HECTOR
A3: MAYTE | B3: =COUNTIF(G:G,A3) -> 3 | G3: ANDRE
B4: =COUNTIF(G:G,A4) -> 0 | G4: MAYTE
G5: HECTOR
G6: MAYTE
G7: ANDRE
G8: MAYTE
