Workbook

Sheet Sheet1
A1: Id | B1: Hora de inicio | C1: Hora de finalización | D1: Correo electrónico | E1: Nombre | F1: FECHA | G1: FECHA KOMMO | H1: Asesor | I1: NOMBRE CLIENTE | J1: NSS | K1: CURP | L1: LEAD | M1: TELEFONO | N1: ESTATUS | O1: INFORMEDEPAGO | P1: DESCUENTOS | Q1: $0.30 | R1: CAPACIDAD | S1: VENCIMIENTO | T1: FINANCIERA | U1: Monto compra | V1: Asignado | W1: Fecha asignacion | X1: CUENTA PANTALLAS
B2: 46029.39 | C2: 46204.397 | D2: anónimo | F2: 46204 | G2: 28/06/2026 | H2: GLORIA ORTIZ C/C | I2: SILVESTRE VAZQUEZ PEREZ | J2: 71856308862 | L2: 22076120 | M2: 5219616687207 | N2: NUEVO MAYOR | O2: 7920.51 | Q2: 2376.15 | R2: 2376.15 | X2: 1
B3: 46029.403 | C3: 46204.404 | D3: anónimo | F3: 46204 | G3: 46270 | H3: KARLA GARCIA | I3: Santana Vazquez Martinez | K3: VAMS760419HTSZRN05 | L3: 20456384 | M3: 5218120225569 | N3: SIN CAPACIDAD | O3: 3404.17 | Q3: 1021.25 | R3: 0 | X3: 1
B4: 30/06/2026 17:26 | C4: 46204.406 | D4: anónimo | F4: 46204 | G4: 46029 | H4: VALERY RODRIGUEZ SUR | I4: MARTIN ESQUIVEL BASULTO | J4: 54805954010 | K4: EUBM590828HJCSSR02 | L4: 22155628 | M4: 5213221301995 | N4: COMPRA BIMESTRES | O4: 14368.93 | P4: 4307.82 | Q4: 4310.68 | R4: 2.86 | S4: 46393 | X4: 2
B5: 46029.419 | C5: 46204.425 | D5: anónimo | F5: 46204 | G5: 29/07/2026 | H5: IRAN CASTILLO SUR | I5: GUILLERMO GONZALEZ GUDIÑO | J5: 49866521245 | K5: GOGG650509HTSNDL06 | L5: 22099170 | M5: 22099170 | N5: NUEVO MAYOR | O5: 26776.92 | Q5: 8033.08 | R5: 8033.08 | X5: 1
B6: 46029.425 | C6: 46204.429 | D6: anónimo | F6: 46204 | G6: 46029 | H6: MIRIAM MONTELONGO SUR | I6: MAXIMINO SALUSTIANO ORTEGA VASQUEZ | J6: 78856505439 | K6: OEVM650608HOCRSX02 | L6: 22161070 | M6: 5219541288949 | N6: NUEVO MAYOR | O6: 9760.32 | Q6: 2928.1 | R6: 2928.1 | X6: 1
B7: 46029.403 | C7: 46204.43 | D7: anónimo | F7: 46204 | G7: 30/06/2026 | H7: GLORIA ORTIZ C/C | I7: JOSE PALACIOS ALVAREZ | J7: 31795905855 | L7: 22125836 | M7: 5216182035940 | N7: NUEVO MENOR | O7: 4568.18 | Q7: 1370.45 | R7: 395.2 | X7: 1
B8: 46029.44 | C8: 46204.442 | D8: anónimo | F8: 46204 | G8: 46029 | H8: DULCE ARTEAGA SUR | I8: ALBERTO RODRIGUEZ SALAS | J8: 43755642246 | K8: ROSA560606HNLDLL04 | L8: 22161170 | M8: 5218120653677 | N8: COMPRA BIMESTRES | O8: 7095.3 | P8: 2128.59 | Q8: 2128.59 | R8: 0 | S8: 46755 | X8: 2
B9: 46029.465 | C9: 46204.466 | D9: anónimo | F9: 46204 | G9: 46029 | H9: ROSA CASTRO SUR | I9: MARCOS CUEVAS PUGA | J9: 4866321724 | K9: CUPM630425HJCVGR00 | L9: 22152008 | M9: 22152008 | N9: SIN CAPACIDAD | O9: 4199.87 | P9: 848 | Q9: 1259.96 | R9: -821.11 | X9: 1
B10: 46029.421 | C10: 46204.472 | D10: anónimo | F10: 46204 | G10: 46029 | H10: ESMERALDA ESQUIVEL SUR | I10: Lorena Cedillo Saldivar | J10: 32796100967 | K10: CESL611222MCLDLR09 | L10: 22164328 | M10: 22164328 | N10: COMPRA BIMESTRES | O10: 6262.86 | P10: 1876.17 | Q10: 1878.86 | R10: 2.69 | S10: 46759 | X10: 2
B11: 46029.479 | C11: 46204.481 | D11: anónimo | F11: 46204 | G11: 46029 | H11: DULCE ARTEAGA SUR | I11: HUMBERTO MORAN ROCHIN | K11: MORH570325HSLRCM08 | L11: 22166130 | M11: 5216674133739 | N11: SIN CAPACIDAD | O11: 4199.87 | Q11: 1259.96 | R11: 26.89 | X11: 1
B12: 46029.466 | C12: 46204.484 | D12: anónimo | F12: 46204 | G12: 46029 | H12: ROSA CASTRO SUR | I12: JORGE RIVAS MURILLO | J12: 63806022404 | K12: RIMJ600326HDFVRR09 | L12: 22160456 | M12: 5219981553770 | N12: COMPRA BIMESTRES | O12: 34491.44 | P12: 10346 | Q12: 10347.43 | R12: 1.43 | S12: 46758 | X12: 2
B13: 46029.469 | C13: 46204.489 | D13: anónimo | F13: 46204 | G13: 30/06/2026 | H13: DULCE FRANCO | I13: JUANA ARACELI HERNANDEZ HERNANDEZ | K13: HEHJ650819MDGRRN07 | L13: 22120944 | M13: 8114757799 | N13: COMPRA BIMESTRES | O13: 9760.32 | P13: 2900 | Q13: 2928.1 | R13: 28.1 | S13: 46754 | X13: 2
B14: 30/06/2026 16:00 | C14: 46204.491 | D14: anónimo | F14: 46204 | G14: 28/06/2026 | H14: MARIA NIÑO | I14: IGNACIO MEDINA FERRETIZ | K14: MEFI550312HSPDRG00 | L14: 22072350 | M14: 19452607843 | N14: NUEVO MAYOR | O14: 5630.32 | Q14: 1689.1 | R14: 1457.34 | X14: 1
B15: 46029.493 | C15: 46204.494 | D15: anónimo | F15: 46204 | G15: 46029 | H15: MARA HERNANDEZ SUR | I15: Martha Isabel Santos Barrios | J15: 31805908899 | K15: SABM621029MDGNRR05 | L15: 22166586 | M15: 5216188396640 | N15: SIN CAPACIDAD | O15: 4172.79 | P15: 340.49 | Q15: 1251.84 | R15: -340.49 | X15: 1
B16: 46029.335 | C16: 46204.494 | D16: anónimo | F16: 46204 | G16: 28/06/2026 | H16: LITZY MARTINEZ C/C | I16: NORMA TERRONES | J16: 12988266677 | K16: LOPJ821011HGTPXN04 | L16: 22071972 | M16: 4111160847 | N16: LEY 97 | Q16: 0 | R16: 0 | X16: 1
B17: 46029.499 | C17: 46204.499 | D17: anónimo | F17: 46204 | G17: 46029 | H17: FERNANDA ROMERO SUR | I17: RICARDO REYES ZAMORA | K17: REZR630521HVZYMC00 | L17: 22166364 | M17: 5214461381127 | N17: COMPRA BIMESTRES | O17: 12125.36 | P17: 3637.57 | Q17: 3637.61 | R17: 0.04 | S17: 46399 | X17: 2
B18: 46029.499 | C18: 46204.501 | D18: anónimo | F18: 46204 | G18: 46029 | H18: LILIANA MARTINEZ SUR | I18: MARIA GUADALUPE TIZNADO DELGADILLO | K18: TIDG840223MBCZLD05 | L18: 22165772 | M18: 5216861876635 | N18: LEY 97 | Q18: 0 | R18: 0 | X18: 1
B19: 46029.509 | C19: 46204.512 | D19: anónimo | F19: 46204 | G19: 46029 | H19: XIMENA RIVERA SUR | I19: JESUS IMELDO OROZCO PEREZ | J19: 11905802002 | K19: OOPJ580513HDFRRS02 | L19: 22165722 | M19: 5215554990813 | N19: COMPRA BIMESTRES | O19: 9081.52 | P19: 2520 | Q19: 2724.46 | R19: 204.46 | S19: 46759 | T19: OPCIPRES | X19: 2
B20: 46029.518 | C20: 46204.519 | D20: anónimo | F20: 46204 | G20: 46029 | H20: MIRIAM MONTELONGO SUR | I20: CARLOS HERNANDEZ MALDONADO | K20: HEMC581103HTSRLR02 | L20: 22159260 | M20: 22159260 | N20: COMPRA BIMESTRES | O20: 6262.86 | P20: 1811.23 | Q20: 1878.86 | R20: 67.63 | S20: 46397 | X20: 2
B21: 46029.512 | C21: 46204.522 | D21: anónimo | F21: 46204 | G21: 30/06/2026 | H21: JORGE MEDINA EXT C/C | I21: MANUEL IZMAEL CAB UUH | J21: 84816307601 | K21: CAUM630617HYNBHN05 | L21: 22106562 | M21: 5219871019830 | N21: NUEVO MAYOR | O21: 7920.51 | P21: 848 | Q21: 2376.15 | R21: 1528.15 | X21: 1
B22: 46029.526 | C22: 46204.526 | D22: anónimo | F22: 46204 | G22: 46029 | H22: ALBERTO POZOS EXT | J22: 219473515530 | L22: 1 | N22: COMPRA BIMESTRES | O22: 8895.06 | P22: 2583.69 | Q22: 2668.52 | R22: 84.83 | S22: 46033 | X22: 2
B23: 46029.546 | C23: 46204.547 | D23: anónimo | F23: 46204 | G23: 46029 | H23: LILIANA MARTINEZ SUR | I23: JEUS AMARO FLORES | J23: 43816503825 | K23: AAFJ650316HNLMLS05 | L23: 22167414 | M23: 5218186939401 | N23: NUEVO MAYOR | O23: 9760.32 | Q23: 2928.1 | R23: 2928.1 | X23: 1
B24: 46029.544 | C24: 46204.55 | D24: anónimo | F24: 46204 | G24: 30/06/2026 | H24: HANIA GARCIA | I24: Ana Maria Barrera Lopez | J24: 10836512557 | K24: BALA650726MMCRPN01 | L24: 22120886 | M24: 5543518301 | N24: COMPRA BIMESTRES | O24: 5055.87 | P24: 1200.07 | Q24: 1516.76 | R24: -317.18 | S24: 46357 | X24: 2
B25: 46029.484 | C25: 46204.558 | D25: anónimo | F25: 46204 | G25: 46029 | H25: ROSA CASTRO SUR | I25: ROSIO BEATRIZ CHAN EK | J25: 84997407659 | K25: CAER740528MYNHKS10 | L25: 22153394 | M25: 22153394 | N25: NO DATO | Q25: 0 | R25: 0 | X25: 0
B26: 46029.552 | C26: 46204.558 | D26: anónimo | F26: 46204 | G26: 46029 | H26: IRAN CASTILLO SUR | I26: ANTONIO TORIJA MEJIA | J26: 63855700991 | K26: TOMA570127HDFRJN06 | L26: 22159482 | M26: 5215616196142 | N26: COMPRA BIMESTRES | O26: 9760.32 | P26: 2914.84 | Q26: 2928.1 | R26: 13.26 | S26: 46756 | X26: 2
B27: 46029.571 | C27: 46204.572 | D27: anónimo | F27: 46204 | G27: 28/06/2026 | H27: MARIA NIÑO | I27: RAMON LINO PARRA SABORI | K27: PASR600902HSRRBM00 | L27: 22073804 | M27: 5216624589761 | N27: COMPRA BIMESTRES | O27: 5617.63 | P27: 1392.55 | Q27: 1685.29 | R27: 52.1 | S27: 46390 | X27: 2
B28: 46029.527 | C28: 46204.574 | D28: anónimo | F28: 46204 | G28: 46029 | H28: ALAN ALTAMIRANO EXT | I28: ALFREDO ZAVALA TUDON | K28: ZATA620612HTSVDL03 | L28: 1 | M28: 8683945967 | N28: COMPRA MAYOR | O28: 7920.51 | P28: 2182.22 | Q28: 2376.15 | R28: 193.93 | S28: 46027 | X28: 2
B29: 46029.581 | C29: 46204.583 | D29: anónimo | F29: 46204 | G29: 30/06/2026 | H29: DEYANIRA CORDOVA C/C | I29: MARIO | K29: MEHM641116HCLNRR04 | L29: 22125834 | M29: 8445409780 | N29: NUEVO MAYOR | O29: 9081.52 | Q29: 2724.46 | R29: 2724.46 | X29: 1
B30: 46029.585 | C30: 46204.586 | D30: anónimo | F30: 46204 | G30: 30/06/2026 | H30: ANA VILLEGAS C/C | I30: LILIA | J30: 32907377710 | K30: PESL741120MCLRFL03 | L30: 22128748 | M30: 5218262641856 | N30: COMPRA BIMESTRES | O30: 7118.1 | P30: 2134.47 | Q30: 2135.43 | R30: 0.96 | S30: 46266 | X30: 2
B31: 46029.586 | C31: 46204.588 | D31: anónimo | F31: 46204 | G31: 30/06/2026 | H31: ANA VILLEGAS C/C | I31: Fernando madera | J31: 1735247338 | L31: 22125778 | M31: 5214931259332 | N31: NUEVO MAYOR | O31: 23893.01 | Q31: 7167.9 | R31: 7167.9 | X31: 1
B32: 46029.588 | C32: 46204.59 | D32: anónimo | F32: 46204 | G32: 30/06/2026 | H32: ANA VILLEGAS C/C | I32: JORGE PEREZ | K32: PEOJ600728HDFRLR01 | L32: 22129186 | M32: 5215619415489 | N32: SIN CAPACIDAD | O32: 4199.87 | P32: 848 | Q32: 1259.96 | R32: -821.11 | X32: 1
B33: 46029.59 | C33: 46204.591 | D33: anónimo | F33: 46204 | G33: 30/06/2026 | H33: ANA VILLEGAS C/C | I33: José Juan Félix | J33: 23846009217 | L33: 22128306 | M33: 5216871965719 | N33: NUEVO MENOR | O33: 26507.99 | P33: 6796.9 | Q33: 7952.4 | R33: 1155.5 | S33: 46398 | X33: 2
B34: 46029.59 | C34: 46204.597 | D34: anónimo | F34: 46204 | G34: 28/06/2026 | H34: MERARI PEREZ | I34: NEREO REYES LOPEZ | J34: 82805601448 | K34: RELN560907HVZYPR08 | L34: 22075284 | M34: 22075284 | N34: COMPRA BIMESTRES | O34: 4813.69 | P34: 617.9 | Q34: 1444.11 | R34: 22.81 | S34: 46398 | X34: 2
B35: 46029.569 | C35: 46204.597 | D35: anónimo | F35: 46204 | G35: 46029 | H35: IRAN CASTILLO SUR | I35: JOSE CRUZ LOPEZ CRUZ | J35: 32684816609 | K35: LOCC480503HCLPRR01 | L35: 22161372 | M35: 5218446085551 | N35: COMPRA BIMESTRES | O35: 10020.03 | P35: 3005.41 | Q35: 3006.01 | R35: 0.6 | S35: 46398 | X35: 2
B36: 46029.601 | C36: 46204.603 | D36: anónimo | F36: 46204 | G36: 46029 | H36: IRAN CASTILLO SUR | I36: JOSE ANGEL LOPEZ CASAS | K36: LXCA621017HNLPSN09 | L36: 22162412 | M36: 5214881170727 | N36: COMPRA MAYOR | O36: 9081.52 | P36: 2518.66 | Q36: 2724.46 | R36: 205.8 | S36: 46029 | X36: 2
B37: 46029.372 | C37: 46204.608 | D37: anónimo | F37: 46204 | G37: 46029 | H37: YAMILETH LÓPEZ HDEZ SUR | I37: ANICETO RODOLFO BELTRAN CORIA | J37: 42806382356 | K37: BECA630417HMSLRN02 | L37: 22172958 | M37: 5217351614271 | N37: COMPRA BIMESTRES | O37: 10750.17 | P37: 3224.13 | Q37: 3225.05 | R37: 0.92 | S37: 46389 | X37: 2
B38: 46029.607 | C38: 46204.61 | D38: anónimo | F38: 46204 | G38: 30/06/2026 | H38: DEYANIRA CORDOVA C/C | J38: 33806434180 | L38: 22126200 | M38: 6391558331 | N38: COMPRA MAYOR | O38: 18771.99 | P38: 5333.7 | Q38: 5631.6 | R38: 297.9 | S38: 46029 | X38: 2
B39: 46029.612 | C39: 46204.615 | D39: anónimo | F39: 46204 | G39: 30/06/2026 | H39: MARIA MARTINEZ SUR | I39: BEATRIZ HERNANDEZ RODRIGUEZ | J39: 60836000467 | K39: HERB600202MDFRDT00 | L39: 22151900 | M39: 5215578381289 | N39: COMPRA MENOR | O39: 5617.63 | P39: 1392.9 | Q39: 1685.29 | R39: 51.75 | S39: 46027 | X39: 2
B40: 46029.619 | C40: 46204.624 | D40: anónimo | F40: 46204 | G40: 30/06/2026 | H40: MERARI PEREZ | I40: CARLOS MARTINEZ CRUZ | J40: 14806007622 | K40: MACC601124HQTRRR08 | L40: 22120712 | M40: 5214142191750 | N40: COMPRA BIMESTRES | O40: 7116.73 | P40: 2057.73 | Q40: 2135.02 | R40: 77.29 | S40: 46394 | X40: 2
B41: 46029.635 | C41: 46204.637 | D41: anónimo | F41: 46204 | G41: 46362 | H41: MARIA MARTINEZ SUR | I41: JULIO BASULTO USCANGA | K41: BAUJ630925HVZSSL04 | L41: 21661676 | M41: 5212971061427 | N41: COMPRA MAYOR | O41: 9081.52 | P41: 2500 | Q41: 2724.46 | R41: 224.46 | S41: 46029 | X41: 2
B42: 46029.637 | C42: 46204.642 | D42: anónimo | F42: 46204 | G42: 46029 | H42: LUIS DAVILA C/C | I42: SALVADOR AGUADO | J42: 80996423875 | K42: AULS641225HGTGPL02 | L42: 22063076 | M42: 22063076 | N42: NO DATO | Q42: 0 | R42: 0 | X42: 0
B43: 46029.572 | C43: 46204.645 | D43: anónimo | F43: 46204 | G43: 30/06/2026 | H43: MARIA NIÑO | I43: LUCIA RAMIREZ MACIAS | K43: RAML650917MCHMCC02 | L43: 22125436 | M43: 5216566593045 | N43: COMPRA BIMESTRES | O43: 9760.32 | P43: 2823.89 | Q43: 2928.1 | R43: 104.21 | S43: 46399 | X43: 2
B44: 46029.519 | C44: 46204.647 | D44: anónimo | F44: 46204 | G44: 46029 | H44: MIRIAM MONTELONGO SUR | I44: JOSE DE JESUS MENDOZA GODINEZ | J44: 54795203865 | K44: MEGJ521109HJCNDS00 | L44: 22153278 | M44: 22153278 | N44: COMPRA MAYOR | O44: 9120.5 | P44: 2241 | Q44: 2736.15 | R44: 495.15 | S44: 45301 | X44: 2
B45: 46029.646 | C45: 46204.647 | D45: anónimo | F45: 46204 | G45: 46029 | H45: LUIS DAVILA C/C | J45: 54836503653 | K45: FOAD650805HJCLVV08 | L45: 22150440 | M45: 13344602961 | N45: NUEVO MENOR | O45: 9760.32 | P45: 2237.06 | Q45: 2928.1 | R45: 691.04 | S45: 46759 | X45: 2
B46: 46029.647 | C46: 46204.649 | D46: anónimo | F46: 46204 | G46: 46029 | H46: LUIS DAVILA C/C | I46: GUILLERMO | J46: 41906711639 | K46: POMG671205HSPNRL06 | L46: 22149548 | M46: 5218451039209 | N46: NO DATO | Q46: 0 | R46: 0 | X46: 0
B47: 46029.647 | C47: 46204.649 | D47: anónimo | F47: 46204 | G47: 46029 | H47: MAFER Z | I47: MARTIN VALIÑO CALZADA | J47: 64816357624 | K47: VACM630728HDFLLR00 | L47: 22175670 | M47: 521 5572809567 | N47: COMPRA BIMESTRES | O47: 7920.51 | P47: 2287.42 | Q47: 2376.15 | R47: 88.73 | S47: 46391 | X47: 2
B48: 46029.494 | C48: 46204.653 | D48: anónimo | F48: 46204 | G48: 24/06/2026 | H48: MARA HERNANDEZ SUR | I48: Marco Antonio Pacheco Castro | K48: PACM630406HMCCSR07 | L48: 21965960 | M48: 5215615423449 | N48: NUEVO MAYOR | O48: 9760.32 | P48: 879 | Q48: 2928.1 | R48: 2049.1 | X48: 1
B49: 46029.651 | C49: 46204.655 | D49: anónimo | F49: 46204 | G49: 46029 | H49: MARIA MARTINEZ SUR | I49: TRINIDAD RANGEL PADRON | K49: RAPT610528MSPNDR00 | L49: 22172964 | M49: 5214444576729 | N49: COMPRA BIMESTRES | O49: 6262.86 | P49: 1811.99 | Q49: 1878.86 | R49: 66.87 | S49: 46391 | X49: 2
B50: 46029.643 | C50: 46204.656 | D50: anónimo | F50: 46204 | G50: 46029 | H50: ROSA CASTRO SUR | I50: JOSE MARTIN GONZALEZ ORTIZ | J50: 84906105592 | K50: GOOM610505HJCNRR08 | L50: 22156292 | M50: 9931067421 | N50: COMPRA BIMESTRES | O50: 6262.86 | P50: 1811.99 | Q50: 1878.86 | R50: 66.87 | S50: 46391 | X50: 2
B51: 46029.512 | C51: 46204.658 | D51: anónimo | F51: 46204 | G51: 46029 | H51: XIMENA RIVERA SUR | I51: JOSE CAMPOS PAREDES | J51: 55776102554 | K51: CAPJ611220HTCMRS05 | L51: 22173486 | M51: 6645479435 | N51: COMPRA BIMESTRES | O51: 10171.24 | P51: 3051.37 | Q51: 3051.37 | R51: 0 | S51: 46390 | X51: 2
B52: 46029.661 | C52: 46204.663 | D52: anónimo | F52: 46204 | G52: 46029 | H52: DULCE ARTEAGA SUR | I52: RAFAELA HERNANDEZ GARCIA | K52: HEGR620805MNLRRF07 | L52: 22160340 | M52: 5219601353463 | N52: COMPRA MAYOR | O52: 7116.73 | P52: 1972.32 | Q52: 2135.02 | R52: 162.7 | S52: 46024 | X52: 2
B53: 46029.665 | C53: 46204.672 | D53: anónimo | F53: 46204 | G53: 46029 | H53: JENNIFER AVENDAÑO SUR | I53: MARIA JULIETA PUENTE DEGOLLADO | J53: 43715531471 | K53: PUDJ680730MNLNGL02 | L53: 22173260 | M53: 5218117824579 | N53: NUEVO MENOR | O53: 5242.94 | Q53: 1572.88 | R53: 1069.96 | X53: 1
B54: 46029.608 | C54: 46204.674 | D54: anónimo | F54: 46204 | G54: 46029 | H54: YAMILETH LÓPEZ HDEZ SUR | I54: RUBEN RAMIREZ SALAZAR | K54: RASR650713HCLMLB06 | L54: 22176030 | M54: 5218662124223 | N54: COMPRA BIMESTRES | O54: 9760.32 | P54: 2819.54 | Q54: 2928.1 | R54: 108.56 | S54: 46398 | X54: 2
B55: 46029.681 | C55: 46204.681 | D55: anónimo | F55: 46204 | G55: 29/06/2026 | H55: JENNIFER AVENDAÑO SUR | I55: JUANA LETICIA FLORES GALVAN | J55: 24927613372 | K55: FOGJ760807MSRLLN02 | L55: 22093922 | M55: 5216623542600 | N55: SIN CAPACIDAD | O55: 3551.65 | Q55: 1065.5 | R55: 0 | X55: 1
B56: 46029.674 | C56: 46204.701 | D56: anónimo | F56: 46204 | G56: 46029 | H56: YAMILETH LÓPEZ HDEZ SUR | I56: VICTOR RAMIREZ RUIZ | K56: RARV610217HTSMZC06 | L56: 22194508 | M56: 5218331472160 | N56: COMPRA BIMESTRES | O56: 14589.74 | P56: 4376.68 | Q56: 4376.92 | R56: 0.24 | S56: 46389 | T56: OPCIPRES | X56: 2
B57: 46029.699 | C57: 46204.703 | D57: anónimo | F57: 46204 | G57: 46118 | H57: YULIANA RODRIGUEZ C/C | I57: celso javier | J57: 24955504261 | L57: 21377256 | M57: 5216442332810 | N57: SIN CAPACIDAD | O57: 4063.93 | P57: 848 | Q57: 1219.18 | R57: -848 | X57: 1
B58: 46029.701 | C58: 46204.703 | D58: anónimo | F58: 46204 | G58: 46029 | H58: FERNANDA ROMERO SUR | I58: RAYMUNDO VALEN DOMINGUEZ | K58: VADR590511HVZLMY01 | L58: 22183116 | M58: 5212299195157 | N58: COMPRA BIMESTRES | O58: 4813.69 | P58: 592.94 | Q58: 1444.11 | R58: 47.77 | S58: 46235 | X58: 2
B59: 46029.654 | C59: 46204.706 | D59: anónimo | F59: 46204 | G59: 46029 | H59: MARA HERNANDEZ SUR | I59: María Josefina Salinas Resendiz | J59: 2663400899 | K59: SARJ460213MDFLSS07 | L59: 22177230 | M59: 5216612218325 | N59: COMPRA BIMESTRES | O59: 6254.33 | P59: 2529.97 | Q59: 1876.3 | R59: -653.67 | S59: 46753 | X59: 2
B60: 46029.714 | C60: 46204.717 | D60: anónimo | F60: 46204 | G60: 46029 | H60: MIRIAM MONTELONGO SUR | I60: CARLOS HERNANDEZ MALDONADO | K60: HEMC581103HTSRLR02 | L60: 22183018 | M60: 5218261152492 | N60: COMPRA BIMESTRES | O60: 6262.86 | P60: 1811.23 | Q60: 1878.86 | R60: 67.63 | S60: 46397 | X60: 2
B61: 46029.719 | C61: 46204.719 | D61: anónimo | F61: 46204 | G61: 46029 | H61: JENNIFER AVENDAÑO SUR | I61: TITO GODINEZ VILLANUEVA | J61: 72866605727 | K61: GOVT660206HGRDLT02 | L61: 22205998 | M61: 5217621149160 | N61: COMPRA BIMESTRES | O61: 10636.54 | P61: 3190.96 | Q61: 3190.96 | R61: 0 | S61: 46757 | T61: FISOFO | X61: 2
B62: 46029.72 | C62: 46204.722 | D62: anónimo | F62: 46204 | G62: 46029 | H62: IRAN CASTILLO SUR | I62: LUZ MIGDELIA ALVARADO RODRIGUEZ | J62: 24816016646 | K62: AARL640513MSRLDZ07 | L62: 22177160 | M62: 5216311114980 | N62: COMPRA BIMESTRES | O62: 29982.91 | P62: 8991.64 | Q62: 8994.87 | R62: 3.23 | S62: 46388 | X62: 2
B63: 46029.724 | C63: 46204.726 | D63: anónimo | F63: 46204 | G63: 46029 | H63: MIRIAM MONTELONGO SUR | I63: MARIA GUADALUPE CRUZ DIAZ | K63: CUDG631113MSLRZD08 | L63: 22206188 | M63: 5216863525035 | N63: NUEVO MAYOR | O63: 9081.52 | P63: 879 | Q63: 2724.46 | R63: 1845.46 | X63: 1
B64: 46029.541 | C64: 46204.735 | D64: anónimo | F64: 46204 | G64: 46029 | H64: ESMERALDA ESQUIVEL SUR | I64: Antonio Olguin Rodriguez | J64: 3279622476 | K64: OURA621211HCLLDN00 | L64: 22206374 | M64: 5218661509862 | N64: COMPRA MAYOR | O64: 8539.89 | P64: 2306.32 | Q64: 2561.97 | R64: 255.65 | S64: 46023 | X64: 2
B65: 46029.649 | C65: 46204.745 | D65: anónimo | F65: 46204 | G65: 46029 | H65: LUIS DAVILA C/C | I65: LUIS G. | J65: 4286514364 | K65: GACL651205HDFRSS07 | L65: 22206782 | M65: 5214425460012 | N65: NO DATO | Q65: 0 | R65: 0 | X65: 0
B66: 46029.825 | C66: 46204.826 | D66: anónimo | F66: 46204 | G66: 46029 | H66: LUIS DAVILA C/C | I66: JOSE PALLARES | J66: 33836813387 | K66: PASD681124HCHLLL02 | L66: 22208332 | M66: 5216143006071 | N66: COMPRA BIMESTRES | O66: 8793.09 | P66: 2533.13 | Q66: 2637.93 | R66: 104.8 | S66: 46397 | X66: 2
B67: 46029.826 | C67: 46204.853 | D67: anónimo | F67: 46204 | G67: 46029 | H67: LUIS DAVILA C/C | J67: 6776019389 | K67: VIPM600605HDFLNR09 | L67: 22206558 | M67: 5215567787910 | N67: COMPRA BIMESTRES | O67: 5617.63 | P67: 1444.57 | Q67: 1685.29 | R67: 0.08 | S67: 46391 | T67: OPCIPRES | X67: 2
B68: 46029.853 | C68: 46204.858 | D68: anónimo | F68: 46204 | G68: 46029 | H68: LUIS DAVILA C/C | I68: ERNESTO SANCHEZ | J68: 92907234089 | K68: SACE720312HDFNSR09 | L68: 22208060 | M68: 5219871124513 | N68: COMPRA BIMESTRES | O68: 10010.5 | P68: 2999.57 | Q68: 3003.15 | R68: 3.58 | S68: 46754 | T68: CONSUBANCO | X68: 2
B69: 46029.858 | C69: 46204.862 | D69: anónimo | F69: 46204 | G69: 46029 | H69: LUIS DAVILA C/C | I69: DOLORES MORENO | J69: 14906601373 | K69: MOGD720722MQTRNL09 | L69: 22206934 | M69: 22206934 | N69: COMPRA BIMESTRES | O69: 7128.48 | P69: 1840.4 | Q69: 2138.54 | R69: 298.14 | S69: 46390 | X69: 2
B70: 46029.874 | C70: 46204.876 | D70: anónimo | F70: 46204 | G70: 46029 | H70: LUIS DAVILA C/C | I70: MARIO AROYO ISLAS | J70: 1685231548 | K70: AOIM520206HDFRSR08 | L70: 22208586 | M70: 22208586 | N70: LEY 97 | Q70: 0 | R70: 0 | X70: 1
B71: 46060.141 | C71: 46205.323 | D71: anónimo | F71: 46204 | G71: 46029 | H71: LUIS DAVILA C/C | J71: 14897115888 | K71: OIRR740307HQTRBM05 | L71: 22207624 | M71: 5214428833737 | N71: NO DATO | Q71: 0 | R71: 0 | X71: 0
B72: 46060.361 | C72: 46205.362 | D72: anónimo | F72: 46205 | G72: 46029 | H72: YULIANA RODRIGUEZ C/C | I72: JUVENTINO RICO RODRIGUEZ | J72: 4907318432 | L72: 22212222 | M72: 5213314506744 | N72: SIN CAPACIDAD | O72: 1923.44 | Q72: 577.03 | R72: 0 | X72: 1
B73: 46060.399 | C73: 46205.4 | D73: anónimo | F73: 46205 | G73: 46060 | H73: GLORIA ORTIZ C/C | I73: MARTIN CAMACHO GONZALEZ | J73: 14886004648 | K73: CAGM601206HDFMNR03 | L73: 22214886 | M73: 5217753573661 | N73: SIN CAPACIDAD | O73: 1222.46 | Q73: 366.74 | R73: 0 | X73: 1
B74: 46060.382 | C74: 46205.403 | D74: anónimo | F74: 46205 | G74: 30/06/2026 | H74: XIMENA RIVERA SUR | I74: JESUS ANTONIO FLORES HERNANDEZ | J74: 33896165033 | K74: FOHJ610326HCHLRS08 | L74: 22151518 | M74: 5216252072748 | N74: COMPRA BIMESTRES | O74: 6262.86 | P74: 1736.11 | Q74: 1878.86 | R74: 142.75 | S74: 46235 | X74: 2
B75: 46060.387 | C75: 46205.405 | D75: anónimo | F75: 46205 | G75: 46029 | H75: IRAN CASTILLO SUR | I75: LUZ MIGDELIA ALVARADO RODRIGUEZ | J75: 24806404687 | K75: AARL640513MSRLDZ07 | L75: 22177160 | M75: 5216311114980 | N75: COMPRA BIMESTRES | O75: 9760.32 | P75: 2823.89 | Q75: 2928.1 | R75: 104.21 | S75: 46395 | X75: 2
B76: 46060.415 | C76: 46205.417 | D76: anónimo | F76: 46205 | G76: 46060 | H76: ALBERTO POZOS EXT | I76: ISIDRO GOMEZ CAMACHO | J76: 32644814850 | K76: GOCI480515HCLMMS04 | L76: 1 | M76: 8113934656 | N76: COMPRA BIMESTRES | O76: 10861.16 | P76: 3258.02 | Q76: 3258.35 | R76: 0.33 | S76: 46389 | X76: 2
B77: 46060.418 | C77: 46205.423 | D77: anónimo | F77: 46205 | G77: 46029 | H77: MARIA MARTINEZ SUR | I77: Maria Alicia Cantu Martinez | J77: 43765953609 | K77: CAMA590926MNLNRL09 | L77: 22166806 | M77: 5218132452839 | N77: COMPRA BIMESTRES | O77: 23473.62 | P77: 6790.93 | Q77: 7042.09 | R77: 251.16 | S77: 46398 | X77: 2
B78: 46060.42 | C78: 46205.424 | D78: anónimo | F78: 46205 | G78: 46029 | H78: JENNIFER AVENDAÑO SUR | I78: LUIS MANUEL CORTES SANCHEZ | J78: 54755612741 | K78: COSL560315HJCRNS04 | L78: 22175236 | M78: 5213411176544 | N78: NUEVO MAYOR | O78: 10636.54 | Q78: 3190.96 | R78: 3190.96 | X78: 1
B79: 46060.043 | C79: 46205.424 | D79: anónimo | F79: 46205 | G79: 30/06/2026 | H79: VALERY RODRIGUEZ SUR | I79: ROBERTO MIGUEL SILVA ORNELAS | J79: 54785710226 | K79: SIOR570606HJCLRB00 | L79: 22153308 | M79: 3314343616 | N79: COMPRA BIMESTRES | O79: 23323.47 | P79: 6996.38 | Q79: 6997.04 | R79: 0.66 | S79: 46388 | X79: 2
B80: 46060.43 | C80: 46205.433 | D80: anónimo | F80: 46205 | G80: 17/06/2026 | H80: LILIANA MARTINEZ SUR | I80: IGNACIA ARZOLA MORENO | J80: 33876640062 | K80: AOMI720731MCHRRG01 | L80: 21771632 | M80: 5216391889944 | N80: LEY 97 | Q80: 0 | R80: 0 | X80: 1
B81: 46060.425 | C81: 46205.436 | D81: anónimo | F81: 46205 | G81: 46060 | H81: MAFER Z | I81: JUANA ROSARIO ZÚÑIGA VALLE | J81: 49876015642 | K81: ZUVJ600726MTSXLN00 | L81: 22227740 | M81: 528334484233 | N81: COMPRA MENOR | O81: 24606.78 | P81: 7379.13 | Q81: 7382.03 | R81: 2.9 | S81: 46026 | X81: 2
B82: 46060.455 | C82: 46205.456 | D82: anónimo | F82: 46205 | G82: 46060 | H82: MARIA NIÑO | I82: REFUGIO HERRERA GUZMAN | J82: 33775811194 | K82: HEGR580731HCHRZF09 | L82: 22226414 | M82: 5216561631733 | N82: SIN CAPACIDAD | O82: 4342.43 | Q82: 1302.73 | R82: 169.45 | X82: 1
B83: 46060.469 | C83: 46205.469 | D83: anónimo | F83: 46205 | G83: 30/06/2026 | H83: ALAN ALTAMIRANO EXT | I83: FRANCISCA CORRALES TORRES | J83: 32694411284 | K83: NO PROPORCIONO | L83: 1 | M83: 8662342281 | N83: SIN CAPACIDAD | O83: 3520.89 | Q83: 1056.27 | R83: 0 | X83: 1
B84: 46060.472 | C84: 46205.472 | D84: anónimo | F84: 46205 | G84: 46060 | H84: GLORIA ORTIZ C/C | I84: JUANA JUAREZ ZUÑIGA | J84: 63897235899 | K84: JUZJ740316MGTRXN00 | L84: 22212556 | M84: 5214691428026 | N84: COMPRA BIMESTRES | O84: 7128.48 | P84: 2062.44 | Q84: 2138.54 | R84: 76.1 | S84: 46398 | X84: 2
B85: 46060.456 | C85: 46205.478 | D85: anónimo | F85: 46205 | G85: 46060 | H85: MARIA NIÑO | I85: ANA ZAIRA FLORES FLORES | J85: 67058906602 | K85: FOFA950914MVZLLN05 | L85: 22240476 | M85: 5219982582424 | N85: LEY 97 | Q85: 0 | R85: 0 | X85: 1
B86: 46060.481 | C86: 46205.481 | D86: anónimo | F86: 46205 | G86: 46060 | H86: YULIANA RODRIGUEZ C/C | I86: DANIEL CORREA ARCE | J86: 6785803617 | L86: 22241220 | M86: 5214421328128 | N86: NUEVO MAYOR | O86: 22109.54 | Q86: 6632.86 | R86: 6632.86 | X86: 1
B87: 46060.483 | C87: 46205.486 | D87: anónimo | F87: 46205 | G87: 46029 | H87: VALERY RODRIGUEZ SUR | I87: PEDRO ROJAS ALVAREZ | K87: ROAP620109HDFJLD04 | L87: 22176092 | M87: 5215629626816 | N87: NUEVO MAYOR | O87: 9081.52 | Q87: 2724.46 | R87: 2724.46 | X87: 1
B88: 46060.489 | C88: 46205.49 | D88: anónimo | F88: 46205 | G88: 46060 | H88: YULIANA RODRIGUEZ C/C | I88: GUILLERMO ALBERTO CAZARES VACA | J88: 33806157666 | L88: 22241428 | M88: 5216144645207 | N88: SIN CAPACIDAD | O88: 3667.44 | Q88: 1100.23 | R88: 0 | X88: 1
B89: 46060.493 | C89: 46205.494 | D89: anónimo | F89: 46205 | G89: 46060 | H89: ALAN ALTAMIRANO EXT | I89: FRANCISCO PADRON RAMIREZ | K89: PARF600401HTSDMR05 | L89: 1 | M89: 8332087799 | N89: COMPRA BIMESTRES | O89: 7245.75 | P89: 2090.3 | Q89: 2173.73 | R89: 83.42 | S89: 46391 | X89: 2
B90: 46060.496 | C90: 46205.497 | D90: anónimo | F90: 46205 | G90: 46029 | H90: MAFER Z | I90: JUAN FRANCISCO QUINTERO RODRIGUEZ | J90: 83836007357 | K90: QURJ620829HTCNDN01 | L90: 22209836 | M90: 5219931555921 | N90: COMPRA BIMESTRES | O90: 9081.52 | P90: 2627.5 | Q90: 2724.46 | R90: 96.96 | S90: 46395 | X90: 2
B91: 46060.415 | C91: 46205.499 | D91: anónimo | F91: 46205 | G91: 46060 | H91: ALBERTO POZOS EXT | I91: GUADALUPE GARCIA DEL ANGEL | J91: 65977972382 | L91: 1 | M91: 9371021535 | N91: LEY 97 | Q91: 0 | R91: 0 | X91: 1
B92: 46060.501 | C92: 46205.504 | D92: anónimo | F92: 46205 | G92: 46029 | H92: VALERY RODRIGUEZ SUR | I92: JOSE GUADALUPE RIOS CASTILLO | K92: RICG721118HVZSSD03 | L92: 22183020 | M92: 5216564836477 | N92: SIN NOMINA | O92: 1784.4 | Q92: 535.32 | R92: 0 | X92: 1
B93: 46060.517 | C93: 46205.519 | D93: anónimo | F93: 46205 | G93: 46301 | H93: DEYANIRA CORDOVA C/C | I93: BLANCA | K93: MOCB660326MCMNML05 | L93: 21581006 | M93: 17208778718 | N93: NUEVO MAYOR | O93: 10636.54 | Q93: 3190.96 | R93: 3190.96 | X93: 1
B94: 46060.521 | C94: 46205.524 | D94: anónimo | F94: 46205 | G94: 30/06/2026 | H94: JENNIFER AVENDAÑO SUR | I94: RAMIREZ ROBLES ANTIONIO JUAN | K94: RARA530519HOCMBN07 | L94: 22150762 | M94: 5218125815980 | N94: SIN CAPACIDAD | O94: 4035.69 | Q94: 1210.71 | R94: 0 | X94: 1
B95: 46060.543 | C95: 46205.544 | D95: anónimo | F95: 46205 | G95: 46088 | H95: DEYANIRA CORDOVA C/C | I95: Alfredo Zavala | K95: ZATA620612HTSVDL03 | L95: 22242964 | M95: 5218683945967 | N95: COMPRA MAYOR | O95: 7920.51 | P95: 2182.22 | Q95: 2376.15 | R95: 193.93 | S95: 46027 | X95: 2
B96: 46060.553 | C96: 46205.554 | D96: anónimo | F96: 46205 | G96: 46060 | H96: HANIA GARCIA | I96: Francisco Guadarrama Valdes | K96: GUVF610405HDFDLR02 | L96: 22222084 | M96: 2969617653 | N96: NUEVO MAYOR | O96: 11444.12 | P96: 848 | Q96: 3433.24 | R96: 2585.24 | X96: 1
B97: 46060.556 | C97: 46205.556 | D97: anónimo | F97: 46205 | G97: 46060 | H97: MAFER Z | I97: RUBEN VAZQUEZ BERRA | J97: 67786210152 | K97: VABR620312HVZZRB06 | L97: 22228336 | M97: 5215564970296 | N97: COMPRA BIMESTRES | O97: 7116.73 | P97: 2120.39 | Q97: 2135.02 | R97: 14.63 | S97: 46757 | T97: CONSUBANCO | X97: 2
B98: 46060.562 | C98: 46205.563 | D98: anónimo | F98: 46205 | G98: 46060 | H98: DEYANIRA CORDOVA C/C | I98: Hector | K98: CORH760520HPLYMC02 | L98: 22243126 | M98: 5214614210356 | N98: NUEVO MENOR | O98: 4851.55 | Q98: 1455.47 | R98: 678.57 | X98: 1
B99: 46060.554 | C99: 46205.569 | D99: anónimo | F99: 46205 | G99: 46060 | H99: HANIA GARCIA | I99: Javier Espinoza Neira | K99: EINJ650713HCLSRV07 | L99: 22242138 | M99: 8446653191 | N99: NUEVO MENOR | O99: 12245.79 | P99: 3223.55 | Q99: 3673.74 | R99: 450.19 | X99: 1
B100: 46060.569 | C100: 46205.574 | D100: anónimo | F100: 46205 | G100: 46029 | H100: DULCE ARTEAGA SUR | I100: MARIBEL ROMERO ESQUIVEL | K100: ROEM730424MSRMSR03 | L100: 22156034 | M100: 5216621022521 | N100: COMPRA BIMESTRES | O100: 8181.55 | P100: 2454.45 | Q100: 2454.47 | R100: 0.02 | S100: 46357 | X100: 2
...

Sheet REPOTEADOR
A1: FECHA | B1: 46289
A3: Recuento de ESTATUS | B3: ESTATUS
A4: Asesor | B4: NUEVO MAYOR | C4: NUEVO MENOR | D4: COMPRA MAYOR | E4: COMPRA MENOR | F4: RESTRINGIDA | G4: Total general
A5: CLAUDIA LAGUNES | B5: 2 | F5: 1 | G5: 3
A6: GIOVANNI MELGAR | B6: 3 | C6: 1 | G6: 4
A7: GUADALUPE CRUZ SUR | B7: 1 | D7: 1 | E7: 1 | G7: 3
A8: JAEL RUIZ | F8: 1 | G8: 1
A9: ROSA CASTRO SUR | B9: 1 | G9: 1
A10: RUTH MARTINEZ SUR | B10: 2 | G10: 2
A11: Total general | B11: 9 | C11: 1 | D11: 1 | E11: 1 | F11: 2 | G11: 14

Sheet Hoja1
A1: ALAN ALTAMIRANO EXT
A2: MAGALI MARTINEZ EXT 2
A3: YAMILETH CARDONA EXT 2
A4: PAOLA RODRIGUEZ C/C
A5: GLORIA ORTIZ C/C
A6: GIOVANNI MELGAR
A7: ROSA CASTRO SUR
A8: LILIANA MARTINEZ SUR
A9: BEATRIZ DE LA CRUZ C/C
A10: ANA VILLEGAS C/C
A11: DEYANIRA CORDOVA C/C
A12: GUADALUPE BECERRA C/C
... A15: DULCE FRANCO C/C

Sheet REPORTE GENERAL
B1: FECHA | C1: 46293
A3: ASESOR | B3: NUEVO MAYOR | C3: NUEVO MENOR | D3: COMPRA MAYOR | E3: COMPRA MENOR | F3: RESTRINGIDA | G3: COMPRA BIMESTRES | H3: SIN CAPACIDAD | I3: SIN NOMINA | J3: LEY 97 | K3: NO DATO | L3: NEGOCIO DUPLICADO | M3: Total general
A4: ANDRE TREVIÑO C/C | B4: =COUNTIFS(Sheet1!F:F,'REPORTE GENERAL'!C$1,Sheet1!N:N,'REPORTE GENERAL'!B$3,Sheet1!H:H,'REPORTE GENERAL'!A4) -> 0 | C4: =COUNTIFS(Sheet1!F:F,'REPORTE GENERAL'!C$1,Sheet1!N:N,'REPORTE GENERAL'!C$3,Sheet1!H:H,'REPORTE GENERAL'!A4) -> 0 | D4: =COUNTIFS(Sheet1!F:F,'REPORTE GENERAL'!C$1,Sheet1!N:N,'REPORTE GENERAL'!D$3,Sheet1!H:H,'REPORTE GENERAL'!A4) -> 0 | E4: =COUNTIFS(Sheet1!F:F,'REPORTE GENERAL'!C$1,Sheet1!N:N,'REPORTE GENERAL'!E$3,Sheet1!H:H,'REPORTE GENERAL'!A4) -> 0 | F4: =COUNTIFS(Sheet1!F:F,'REPORTE GENERAL'!C$1,Sheet1!N:N,'REPORTE GENERAL'!F$3,Sheet1!H:H,'REPORTE GENERAL'!A4) -> 0 | G4: =COUNTIFS(Sheet1!F:F,'REPORTE GENERAL'!C$1,Sheet1!N:N,'REPORTE GENERAL'!G$3,Sheet1!H:H,'REPORTE GENERAL'!A4) -> 0 | H4: =COUNTIFS(Sheet1!F:F,'REPORTE GENERAL'!C$1,Sheet1!N:N,'REPORTE GENERAL'!H$3,Sheet1!H:H,'REPORTE GENERAL'!A4) -> 0 | I4: =COUNTIFS(Sheet1!F:F,'REPORTE GENERAL'!C$1,Sheet1!N:N,'REPORTE GENERAL'!I$3,Sheet1!H:H,'REPORTE GENERAL'!A4) -> 0 | J4: =COUNTIFS(Sheet1!F:F,'REPORTE GENERAL'!C$1,Sheet1!N:N,'REPORTE GENERAL'!J$3,Sheet1!H:H,'REPORTE GENERAL'!A4) -> 0 | K4: =COUNTIFS(Sheet1!F:F,'REPORTE GENERAL'!C$1,Sheet1!N:N,'REPORTE GENERAL'!K$3,Sheet1!H:H,'REPORTE GENERAL'!A4) -> 0 | L4: =COUNTIFS(Sheet1!F:F,'REPORTE GENERAL'!C$1,Sheet1!N:N,'REPORTE GENERAL'!L$3,Sheet1!H:H,'REPORTE GENERAL'!A4) -> 0 | M4: =SUM(B4:L4) -> 0
A5: ANA VILLEGAS C/C | B5: =COUNTIFS(Sheet1!F:F,'REPORTE GENERAL'!C$1,Sheet1!N:N,'REPORTE GENERAL'!B$3,Sheet1!H:H,'REPORTE GENERAL'!A5) -> 0 | C5: =COUNTIFS(Sheet1!F:F,'REPORTE GENERAL'!C$1,Sheet1!N:N,'REPORTE GENERAL'!C$3,Sheet1!H:H,'REPORTE GENERAL'!A5) -> 0 | D5: =COUNTIFS(Sheet1!F:F,'REPORTE GENERAL'!C$1,Sheet1!N:N,'REPORTE GENERAL'!D$3,Sheet1!H:H,'REPORTE GENERAL'!A5) -> 0 | E5: =COUNTIFS(Sheet1!F:F,'REPORTE GENERAL'!C$1,Sheet1!N:N,'REPORTE GENERAL'!E$3,Sheet1!H:H,'REPORTE GENERAL'!A5) -> 0 | F5: =COUNTIFS(Sheet1!F:F,'REPORTE GENERAL'!C$1,Sheet1!N:N,'REPORTE GENERAL'!F$3,Sheet1!H:H,'REPORTE GENERAL'!A5) -> 0 | G5: =COUNTIFS(Sheet1!F:F,'REPORTE GENERAL'!C$1,Sheet1!N:N,'REPORTE GENERAL'!G$3,Sheet1!H:H,'REPORTE GENERAL'!A5) -> 0 | H5: =COUNTIFS(Sheet1!F:F,'REPORTE GENERAL'!C$1,Sheet1!N:N,'REPORTE GENERAL'!H$3,Sheet1!H:H,'REPORTE GENERAL'!A5) -> 0 | I5: =COUNTIFS(Sheet1!F:F,'REPORTE GENERAL'!C$1,Sheet1!N:N,'REPORTE GENERAL'!I$3,Sheet1!H:H,'REPORTE GENERAL'!A5) -> 0 | J5: =COUNTIFS(Sheet1!F:F,'REPORTE GENERAL'!C$1,Sheet1!N:N,'REPORTE GENERAL'!J$3,Sheet1!H:H,'REPORTE GENERAL'!A5) -> 0 | K5: =COUNTIFS(Sheet1!F:F,'REPORTE GENERAL'!C$1,Sheet1!N:N,'REPORTE GENERAL'!K$3,Sheet1!H:H,'REPORTE GENERAL'!A5) -> 0 | L5: =COUNTIFS(Sheet1!F:F,'REPORTE GENERAL'!C$1,Sheet1!N:N,'REPORTE GENERAL'!L$3,Sheet1!H:H,'REPORTE GENERAL'!A5) -> 0 | M5: =SUM(B5:L5) -> 0
A6: GLORIA ORTIZ C/C | B6: =COUNTIFS(Sheet1!F:F,'REPORTE GENERAL'!C$1,Sheet1!N:N,'REPORTE GENERAL'!B$3,Sheet1!H:H,'REPORTE GENERAL'!A6) -> 0 | C6: =COUNTIFS(Sheet1!F:F,'REPORTE GENERAL'!C$1,Sheet1!N:N,'REPORTE GENERAL'!C$3,Sheet1!H:H,'REPORTE GENERAL'!A6) -> 0 | D6: =COUNTIFS(Sheet1!F:F,'REPORTE GENERAL'!C$1,Sheet1!N:N,'REPORTE GENERAL'!D$3,Sheet1!H:H,'REPORTE GENERAL'!A6) -> 0 | E6: =COUNTIFS(Sheet1!F:F,'REPORTE GENERAL'!C$1,Sheet1!N:N,'REPORTE GENERAL'!E$3,Sheet1!H:H,'REPORTE GENERAL'!A6) -> 0 | F6: =COUNTIFS(Sheet1!F:F,'REPORTE GENERAL'!C$1,Sheet1!N:N,'REPORTE GENERAL'!F$3,Sheet1!H:H,'REPORTE GENERAL'!A6) -> 0 | G6: =COUNTIFS(Sheet1!F:F,'REPORTE GENERAL'!C$1,Sheet1!N:N,'REPORTE GENERAL'!G$3,Sheet1!H:H,'REPORTE GENERAL'!A6) -> 0 | H6: =COUNTIFS(Sheet1!F:F,'REPORTE GENERAL'!C$1,Sheet1!N:N,'REPORTE GENERAL'!H$3,Sheet1!H:H,'REPORTE GENERAL'!A6) -> 0 | I6: =COUNTIFS(Sheet1!F:F,'REPORTE GENERAL'!C$1,Sheet1!N:N,'REPORTE GENERAL'!I$3,Sheet1!H:H,'REPORTE GENERAL'!A6) -> 0 | J6: =COUNTIFS(Sheet1!F:F,'REPORTE GENERAL'!C$1,Sheet1!N:N,'REPORTE GENERAL'!J$3,Sheet1!H:H,'REPORTE GENERAL'!A6) -> 0 | K6: =COUNTIFS(Sheet1!F:F,'REPORTE GENERAL'!C$1,Sheet1!N:N,'REPORTE GENERAL'!K$3,Sheet1!H:H,'REPORTE GENERAL'!A6) -> 0 | L6: =COUNTIFS(Sheet1!F:F,'REPORTE GENERAL'!C$1,Sheet1!N:N,'REPORTE GENERAL'!L$3,Sheet1!H:H,'REPORTE GENERAL'!A6) -> 0 | M6: =SUM(B6:L6) -> 0
A7: CAROLINA RAMIREZ C/C | B7: =COUNTIFS(Sheet1!F:F,'REPORTE GENERAL'!C$1,Sheet1!N:N,'REPORTE GENERAL'!B$3,Sheet1!H:H,'REPORTE GENERAL'!A7) -> 0 | C7: =COUNTIFS(Sheet1!F:F,'REPORTE GENERAL'!C$1,Sheet1!N:N,'REPORTE GENERAL'!C$3,Sheet1!H:H,'REPORTE GENERAL'!A7) -> 0 | D7: =COUNTIFS(Sheet1!F:F,'REPORTE GENERAL'!C$1,Sheet1!N:N,'REPORTE GENERAL'!D$3,Sheet1!H:H,'REPORTE GENERAL'!A7) -> 0 | E7: =COUNTIFS(Sheet1!F:F,'REPORTE GENERAL'!C$1,Sheet1!N:N,'REPORTE GENERAL'!E$3,Sheet1!H:H,'REPORTE GENERAL'!A7) -> 0 | F7: =COUNTIFS(Sheet1!F:F,'REPORTE GENERAL'!C$1,Sheet1!N:N,'REPORTE GENERAL'!F$3,Sheet1!H:H,'REPORTE GENERAL'!A7) -> 0 | G7: =COUNTIFS(Sheet1!F:F,'REPORTE GENERAL'!C$1,Sheet1!N:N,'REPORTE GENERAL'!G$3,Sheet1!H:H,'REPORTE GENERAL'!A7) -> 0 | H7: =COUNTIFS(Sheet1!F:F,'REPORTE GENERAL'!C$1,Sheet1!N:N,'REPORTE GENERAL'!H$3,Sheet1!H:H,'REPORTE GENERAL'!A7) -> 0 | I7: =COUNTIFS(Sheet1!F:F,'REPORTE GENERAL'!C$1,Sheet1!N:N,'REPORTE GENERAL'!I$3,Sheet1!H:H,'REPORTE GENERAL'!A7) -> 0 | J7: =COUNTIFS(Sheet1!F:F,'REPORTE GENERAL'!C$1,Sheet1!N:N,'REPORTE GENERAL'!J$3,Sheet1!H:H,'REPORTE GENERAL'!A7) -> 0 | K7: =COUNTIFS(Sheet1!F:F,'REPORTE GENERAL'!C$1,Sheet1!N:N,'REPORTE GENERAL'!K$3,Sheet1!H:H,'REPORTE GENERAL'!A7) -> 0 | L7: =COUNTIFS(Sheet1!F:F,'REPORTE GENERAL'!C$1,Sheet1!N:N,'REPORTE GENERAL'!L$3,Sheet1!H:H,'REPORTE GENERAL'!A7) -> 0 | M7: =SUM(B7:L7) -> 0
A8: MARISOL HERNANDEZ C/C | B8: =COUNTIFS(Sheet1!F:F,'REPORTE GENERAL'!C$1,Sheet1!N:N,'REPORTE GENERAL'!B$3,Sheet1!H:H,'REPORTE GENERAL'!A8) -> 0 | C8: =COUNTIFS(Sheet1!F:F,'REPORTE GENERAL'!C$1,Sheet1!N:N,'REPORTE GENERAL'!C$3,Sheet1!H:H,'REPORTE GENERAL'!A8) -> 0 | D8: =COUNTIFS(Sheet1!F:F,'REPORTE GENERAL'!C$1,Sheet1!N:N,'REPORTE GENERAL'!D$3,Sheet1!H:H,'REPORTE GENERAL'!A8) -> 0 | E8: =COUNTIFS(Sheet1!F:F,'REPORTE GENERAL'!C$1,Sheet1!N:N,'REPORTE GENERAL'!E$3,Sheet1!H:H,'REPORTE GENERAL'!A8) -> 0 | F8: =COUNTIFS(Sheet1!F:F,'REPORTE GENERAL'!C$1,Sheet1!N:N,'REPORTE GENERAL'!F$3,Sheet1!H:H,'REPORTE GENERAL'!A8) -> 0 | G8: =COUNTIFS(Sheet1!F:F,'REPORTE GENERAL'!C$1,Sheet1!N:N,'REPORTE GENERAL'!G$3,Sheet1!H:H,'REPORTE GENERAL'!A8) -> 0 | H8: =COUNTIFS(Sheet1!F:F,'REPORTE GENERAL'!C$1,Sheet1!N:N,'REPORTE GENERAL'!H$3,Sheet1!H:H,'REPORTE GENERAL'!A8) -> 0 | I8: =COUNTIFS(Sheet1!F:F,'REPORTE GENERAL'!C$1,Sheet1!N:N,'REPORTE GENERAL'!I$3,Sheet1!H:H,'REPORTE GENERAL'!A8) -> 0 | J8: =COUNTIFS(Sheet1!F:F,'REPORTE GENERAL'!C$1,Sheet1!N:N,'REPORTE GENERAL'!J$3,Sheet1!H:H,'REPORTE GENERAL'!A8) -> 0 | K8: =COUNTIFS(Sheet1!F:F,'REPORTE GENERAL'!C$1,Sheet1!N:N,'REPORTE GENERAL'!K$3,Sheet1!H:H,'REPORTE GENERAL'!A8) -> 0 | L8: =COUNTIFS(Sheet1!F:F,'REPORTE GENERAL'!C$1,Sheet1!N:N,'REPORTE GENERAL'!L$3,Sheet1!H:H,'REPORTE GENERAL'!A8) -> 0 | M8: =SUM(B8:L8) -> 0
A9: MELANIE CIBRIAN C/C | B9: =COUNTIFS(Sheet1!F:F,'REPORTE GENERAL'!C$1,Sheet1!N:N,'REPORTE GENERAL'!B$3,Sheet1!H:H,'REPORTE GENERAL'!A9) -> 0 | C9: =COUNTIFS(Sheet1!F:F,'REPORTE GENERAL'!C$1,Sheet1!N:N,'REPORTE GENERAL'!C$3,Sheet1!H:H,'REPORTE GENERAL'!A9) -> 0 | D9: =COUNTIFS(Sheet1!F:F,'REPORTE GENERAL'!C$1,Sheet1!N:N,'REPORTE GENERAL'!D$3,Sheet1!H:H,'REPORTE GENERAL'!A9) -> 0 | E9: =COUNTIFS(Sheet1!F:F,'REPORTE GENERAL'!C$1,Sheet1!N:N,'REPORTE GENERAL'!E$3,Sheet1!H:H,'REPORTE GENERAL'!A9) -> 0 | F9: =COUNTIFS(Sheet1!F:F,'REPORTE GENERAL'!C$1,Sheet1!N:N,'REPORTE GENERAL'!F$3,Sheet1!H:H,'REPORTE GENERAL'!A9) -> 0 | G9: =COUNTIFS(Sheet1!F:F,'REPORTE GENERAL'!C$1,Sheet1!N:N,'REPORTE GENERAL'!G$3,Sheet1!H:H,'REPORTE GENERAL'!A9) -> 0 | H9: =COUNTIFS(Sheet1!F:F,'REPORTE GENERAL'!C$1,Sheet1!N:N,'REPORTE GENERAL'!H$3,Sheet1!H:H,'REPORTE GENERAL'!A9) -> 0 | I9: =COUNTIFS(Sheet1!F:F,'REPORTE GENERAL'!C$1,Sheet1!N:N,'REPORTE GENERAL'!I$3,Sheet1!H:H,'REPORTE GENERAL'!A9) -> 0 | J9: =COUNTIFS(Sheet1!F:F,'REPORTE GENERAL'!C$1,Sheet1!N:N,'REPORTE GENERAL'!J$3,Sheet1!H:H,'REPORTE GENERAL'!A9) -> 0 | K9: =COUNTIFS(Sheet1!F:F,'REPORTE GENERAL'!C$1,Sheet1!N:N,'REPORTE GENERAL'!K$3,Sheet1!H:H,'REPORTE GENERAL'!A9) -> 0 | L9: =COUNTIFS(Sheet1!F:F,'REPORTE GENERAL'!C$1,Sheet1!N:N,'REPORTE GENERAL'!L$3,Sheet1!H:H,'REPORTE GENERAL'!A9) -> 0 | M9: =SUM(B9:L9) -> 0
A10: FERNANDA CASTILLO C/C | B10: =COUNTIFS(Sheet1!F:F,'REPORTE GENERAL'!C$1,Sheet1!N:N,'REPORTE GENERAL'!B$3,Sheet1!H:H,'REPORTE GENERAL'!A10) -> 0 | C10: =COUNTIFS(Sheet1!F:F,'REPORTE GENERAL'!C$1,Sheet1!N:N,'REPORTE GENERAL'!C$3,Sheet1!H:H,'REPORTE GENERAL'!A10) -> 0 | D10: =COUNTIFS(Sheet1!F:F,'REPORTE GENERAL'!C$1,Sheet1!N:N,'REPORTE GENERAL'!D$3,Sheet1!H:H,'REPORTE GENERAL'!A10) -> 0 | E10: =COUNTIFS(Sheet1!F:F,'REPORTE GENERAL'!C$1,Sheet1!N:N,'REPORTE GENERAL'!E$3,Sheet1!H:H,'REPORTE GENERAL'!A10) -> 0 | F10: =COUNTIFS(Sheet1!F:F,'REPORTE GENERAL'!C$1,Sheet1!N:N,'REPORTE GENERAL'!F$3,Sheet1!H:H,'REPORTE GENERAL'!A10) -> 0 | G10: =COUNTIFS(Sheet1!F:F,'REPORTE GENERAL'!C$1,Sheet1!N:N,'REPORTE GENERAL'!G$3,Sheet1!H:H,'REPORTE GENERAL'!A10) -> 0 | H10: =COUNTIFS(Sheet1!F:F,'REPORTE GENERAL'!C$1,Sheet1!N:N,'REPORTE GENERAL'!H$3,Sheet1!H:H,'REPORTE GENERAL'!A10) -> 0 | I10: =COUNTIFS(Sheet1!F:F,'REPORTE GENERAL'!C$1,Sheet1!N:N,'REPORTE GENERAL'!I$3,Sheet1!H:H,'REPORTE GENERAL'!A10) -> 0 | J10: =COUNTIFS(Sheet1!F:F,'REPORTE GENERAL'!C$1,Sheet1!N:N,'REPORTE GENERAL'!J$3,Sheet1!H:H,'REPORTE GENERAL'!A10) -> 0 | K10: =COUNTIFS(Sheet1!F:F,'REPORTE GENERAL'!C$1,Sheet1!N:N,'REPORTE GENERAL'!K$3,Sheet1!H:H,'REPORTE GENERAL'!A10) -> 0 | L10: =COUNTIFS(Sheet1!F:F,'REPORTE GENERAL'!C$1,Sheet1!N:N,'REPORTE GENERAL'!L$3,Sheet1!H:H,'REPORTE GENERAL'!A10) -> 0 | M10: =SUM(B10:L10) -> 0
A11: PAOLA RODRIGUEZ C/C | B11: =COUNTIFS(Sheet1!F:F,'REPORTE GENERAL'!C$1,Sheet1!N:N,'REPORTE GENERAL'!B$3,Sheet1!H:H,'REPORTE GENERAL'!A11) -> 0 | C11: =COUNTIFS(Sheet1!F:F,'REPORTE GENERAL'!C$1,Sheet1!N:N,'REPORTE GENERAL'!C$3,Sheet1!H:H,'REPORTE GENERAL'!A11) -> 0 | D11: =COUNTIFS(Sheet1!F:F,'REPORTE GENERAL'!C$1,Sheet1!N:N,'REPORTE GENERAL'!D$3,Sheet1!H:H,'REPORTE GENERAL'!A11) -> 0 | E11: =COUNTIFS(Sheet1!F:F,'REPORTE GENERAL'!C$1,Sheet1!N:N,'REPORTE GENERAL'!E$3,Sheet1!H:H,'REPORTE GENERAL'!A11) -> 0 | F11: =COUNTIFS(Sheet1!F:F,'REPORTE GENERAL'!C$1,Sheet1!N:N,'REPORTE GENERAL'!F$3,Sheet1!H:H,'REPORTE GENERAL'!A11) -> 0 | G11: =COUNTIFS(Sheet1!F:F,'REPORTE GENERAL'!C$1,Sheet1!N:N,'REPORTE GENERAL'!G$3,Sheet1!H:H,'REPORTE GENERAL'!A11) -> 0 | H11: =COUNTIFS(Sheet1!F:F,'REPORTE GENERAL'!C$1,Sheet1!N:N,'REPORTE GENERAL'!H$3,Sheet1!H:H,'REPORTE GENERAL'!A11) -> 0 | I11: =COUNTIFS(Sheet1!F:F,'REPORTE GENERAL'!C$1,Sheet1!N:N,'REPORTE GENERAL'!I$3,Sheet1!H:H,'REPORTE GENERAL'!A11) -> 0 | J11: =COUNTIFS(Sheet1!F:F,'REPORTE GENERAL'!C$1,Sheet1!N:N,'REPORTE GENERAL'!J$3,Sheet1!H:H,'REPORTE GENERAL'!A11) -> 0 | K11: =COUNTIFS(Sheet1!F:F,'REPORTE GENERAL'!C$1,Sheet1!N:N,'REPORTE GENERAL'!K$3,Sheet1!H:H,'REPORTE GENERAL'!A11) -> 0 | L11: =COUNTIFS(Sheet1!F:F,'REPORTE GENERAL'!C$1,Sheet1!N:N,'REPORTE GENERAL'!L$3,Sheet1!H:H,'REPORTE GENERAL'!A11) -> 0 | M11: =SUM(B11:L11) -> 0
A12: MAGALI HERNANDEZ C/C | B12: =COUNTIFS(Sheet1!F:F,'REPORTE GENERAL'!C$1,Sheet1!N:N,'REPORTE GENERAL'!B$3,Sheet1!H:H,'REPORTE GENERAL'!A12) -> 0 | C12: =COUNTIFS(Sheet1!F:F,'REPORTE GENERAL'!C$1,Sheet1!N:N,'REPORTE GENERAL'!C$3,Sheet1!H:H,'REPORTE GENERAL'!A12) -> 0 | D12: =COUNTIFS(Sheet1!F:F,'REPORTE GENERAL'!C$1,Sheet1!N:N,'REPORTE GENERAL'!D$3,Sheet1!H:H,'REPORTE GENERAL'!A12) -> 0 | E12: =COUNTIFS(Sheet1!F:F,'REPORTE GENERAL'!C$1,Sheet1!N:N,'REPORTE GENERAL'!E$3,Sheet1!H:H,'REPORTE GENERAL'!A12) -> 0 | F12: =COUNTIFS(Sheet1!F:F,'REPORTE GENERAL'!C$1,Sheet1!N:N,'REPORTE GENERAL'!F$3,Sheet1!H:H,'REPORTE GENERAL'!A12) -> 0 | G12: =COUNTIFS(Sheet1!F:F,'REPORTE GENERAL'!C$1,Sheet1!N:N,'REPORTE GENERAL'!G$3,Sheet1!H:H,'REPORTE GENERAL'!A12) -> 0 | H12: =COUNTIFS(Sheet1!F:F,'REPORTE GENERAL'!C$1,Sheet1!N:N,'REPORTE GENERAL'!H$3,Sheet1!H:H,'REPORTE GENERAL'!A12) -> 0 | I12: =COUNTIFS(Sheet1!F:F,'REPORTE GENERAL'!C$1,Sheet1!N:N,'REPORTE GENERAL'!I$3,Sheet1!H:H,'REPORTE GENERAL'!A12) -> 0 | J12: =COUNTIFS(Sheet1!F:F,'REPORTE GENERAL'!C$1,Sheet1!N:N,'REPORTE GENERAL'!J$3,Sheet1!H:H,'REPORTE GENERAL'!A12) -> 0 | K12: =COUNTIFS(Sheet1!F:F,'REPORTE GENERAL'!C$1,Sheet1!N:N,'REPORTE GENERAL'!K$3,Sheet1!H:H,'REPORTE GENERAL'!A12) -> 0 | L12: =COUNTIFS(Sheet1!F:F,'REPORTE GENERAL'!C$1,Sheet1!N:N,'REPORTE GENERAL'!L$3,Sheet1!H:H,'REPORTE GENERAL'!A12) -> 0 | M12: =SUM(B12:L12) -> 0
A13: KARINA MATA C/C | B13: =COUNTIFS(Sheet1!F:F,'REPORTE GENERAL'!C$1,Sheet1!N:N,'REPORTE GENERAL'!B$3,Sheet1!H:H,'REPORTE GENERAL'!A13) -> 0 | C13: =COUNTIFS(Sheet1!F:F,'REPORTE GENERAL'!C$1,Sheet1!N:N,'REPORTE GENERAL'!C$3,Sheet1!H:H,'REPORTE GENERAL'!A13) -> 0 | D13: =COUNTIFS(Sheet1!F:F,'REPORTE GENERAL'!C$1,Sheet1!N:N,'REPORTE GENERAL'!D$3,Sheet1!H:H,'REPORTE GENERAL'!A13) -> 0 | E13: =COUNTIFS(Sheet1!F:F,'REPORTE GENERAL'!C$1,Sheet1!N:N,'REPORTE GENERAL'!E$3,Sheet1!H:H,'REPORTE GENERAL'!A13) -> 0 | F13: =COUNTIFS(Sheet1!F:F,'REPORTE GENERAL'!C$1,Sheet1!N:N,'REPORTE GENERAL'!F$3,Sheet1!H:H,'REPORTE GENERAL'!A13) -> 0 | G13: =COUNTIFS(Sheet1!F:F,'REPORTE GENERAL'!C$1,Sheet1!N:N,'REPORTE GENERAL'!G$3,Sheet1!H:H,'REPORTE GENERAL'!A13) -> 0 | H13: =COUNTIFS(Sheet1!F:F,'REPORTE GENERAL'!C$1,Sheet1!N:N,'REPORTE GENERAL'!H$3,Sheet1!H:H,'REPORTE GENERAL'!A13) -> 0 | I13: =COUNTIFS(Sheet1!F:F,'REPORTE GENERAL'!C$1,Sheet1!N:N,'REPORTE GENERAL'!I$3,Sheet1!H:H,'REPORTE GENERAL'!A13) -> 0 | J13: =COUNTIFS(Sheet1!F:F,'REPORTE GENERAL'!C$1,Sheet1!N:N,'REPORTE GENERAL'!J$3,Sheet1!H:H,'REPORTE GENERAL'!A13) -> 0 | K13: =COUNTIFS(Sheet1!F:F,'REPORTE GENERAL'!C$1,Sheet1!N:N,'REPORTE GENERAL'!K$3,Sheet1!H:H,'REPORTE GENERAL'!A13) -> 0 | L13: =COUNTIFS(Sheet1!F:F,'REPORTE GENERAL'!C$1,Sheet1!N:N,'REPORTE GENERAL'!L$3,Sheet1!H:H,'REPORTE GENERAL'!A13) -> 0 | M13: =SUM(B13:L13) -> 0
A14: CARRANZA SARDINA C/C | B14: =COUNTIFS(Sheet1!F:F,'REPORTE GENERAL'!C$1,Sheet1!N:N,'REPORTE GENERAL'!B$3,Sheet1!H:H,'REPORTE GENERAL'!A14) -> 0 | C14: =COUNTIFS(Sheet1!F:F,'REPORTE GENERAL'!C$1,Sheet1!N:N,'REPORTE GENERAL'!C$3,Sheet1!H:H,'REPORTE GENERAL'!A14) -> 0 | D14: =COUNTIFS(Sheet1!F:F,'REPORTE GENERAL'!C$1,Sheet1!N:N,'REPORTE GENERAL'!D$3,Sheet1!H:H,'REPORTE GENERAL'!A14) -> 0 | E14: =COUNTIFS(Sheet1!F:F,'REPORTE GENERAL'!C$1,Sheet1!N:N,'REPORTE GENERAL'!E$3,Sheet1!H:H,'REPORTE GENERAL'!A14) -> 0 | F14: =COUNTIFS(Sheet1!F:F,'REPORTE GENERAL'!C$1,Sheet1!N:N,'REPORTE GENERAL'!F$3,Sheet1!H:H,'REPORTE GENERAL'!A14) -> 0 | G14: =COUNTIFS(Sheet1!F:F,'REPORTE GENERAL'!C$1,Sheet1!N:N,'REPORTE GENERAL'!G$3,Sheet1!H:H,'REPORTE GENERAL'!A14) -> 0 | H14: =COUNTIFS(Sheet1!F:F,'REPORTE GENERAL'!C$1,Sheet1!N:N,'REPORTE GENERAL'!H$3,Sheet1!H:H,'REPORTE GENERAL'!A14) -> 0 | I14: =COUNTIFS(Sheet1!F:F,'REPORTE GENERAL'!C$1,Sheet1!N:N,'REPORTE GENERAL'!I$3,Sheet1!H:H,'REPORTE GENERAL'!A14) -> 0 | J14: =COUNTIFS(Sheet1!F:F,'REPORTE GENERAL'!C$1,Sheet1!N:N,'REPORTE GENERAL'!J$3,Sheet1!H:H,'REPORTE GENERAL'!A14) -> 0 | K14: =COUNTIFS(Sheet1!F:F,'REPORTE GENERAL'!C$1,Sheet1!N:N,'REPORTE GENERAL'!K$3,Sheet1!H:H,'REPORTE GENERAL'!A14) -> 0 | L14: =COUNTIFS(Sheet1!F:F,'REPORTE GENERAL'!C$1,Sheet1!N:N,'REPORTE GENERAL'!L$3,Sheet1!H:H,'REPORTE GENERAL'!A14) -> 0 | M14: =SUM(B14:L14) -> 0
A15: GIOVANNI MELGAR | B15: =COUNTIFS(Sheet1!F:F,'REPORTE GENERAL'!C$1,Sheet1!N:N,'REPORTE GENERAL'!B$3,Sheet1!H:H,'REPORTE GENERAL'!A15) -> 1 | C15: =COUNTIFS(Sheet1!F:F,'REPORTE GENERAL'!C$1,Sheet1!N:N,'REPORTE GENERAL'!C$3,Sheet1!H:H,'REPORTE GENERAL'!A15) -> 0 | D15: =COUNTIFS(Sheet1!F:F,'REPORTE GENERAL'!C$1,Sheet1!N:N,'REPORTE GENERAL'!D$3,Sheet1!H:H,'REPORTE GENERAL'!A15) -> 1 | E15: =COUNTIFS(Sheet1!F:F,'REPORTE GENERAL'!C$1,Sheet1!N:N,'REPORTE GENERAL'!E$3,Sheet1!H:H,'REPORTE GENERAL'!A15) -> 0 | F15: =COUNTIFS(Sheet1!F:F,'REPORTE GENERAL'!C$1,Sheet1!N:N,'REPORTE GENERAL'!F$3,Sheet1!H:H,'REPORTE GENERAL'!A15) -> 1 | G15: =COUNTIFS(Sheet1!F:F,'REPORTE GENERAL'!C$1,Sheet1!N:N,'REPORTE GENERAL'!G$3,Sheet1!H:H,'REPORTE GENERAL'!A15) -> 4 | H15: =COUNTIFS(Sheet1!F:F,'REPORTE GENERAL'!C$1,Sheet1!N:N,'REPORTE GENERAL'!H$3,Sheet1!H:H,'REPORTE GENERAL'!A15) -> 1 | I15: =COUNTIFS(Sheet1!F:F,'REPORTE GENERAL'!C$1,Sheet1!N:N,'REPORTE GENERAL'!I$3,Sheet1!H:H,'REPORTE GENERAL'!A15) -> 0 | J15: =COUNTIFS(Sheet1!F:F,'REPORTE GENERAL'!C$1,Sheet1!N:N,'REPORTE GENERAL'!J$3,Sheet1!H:H,'REPORTE GENERAL'!A15) -> 0 | K15: =COUNTIFS(Sheet1!F:F,'REPORTE GENERAL'!C$1,Sheet1!N:N,'REPORTE GENERAL'!K$3,Sheet1!H:H,'REPORTE GENERAL'!A15) -> 0 | L15: =COUNTIFS(Sheet1!F:F,'REPORTE GENERAL'!C$1,Sheet1!N:N,'REPORTE GENERAL'!L$3,Sheet1!H:H,'REPORTE GENERAL'!A15) -> 0 | M15: =SUM(B15:L15) -> 8
... A37: YAJAHIRA GONZALEZ EXT 2 | B37: =COUNTIFS(Sheet1!F:F,'REPORTE GENERAL'!C$1,Sheet1!N:N,'REPORTE GENERAL'!B$3,Sheet1!H:H,'REPORTE GENERAL'!A37) -> 0 | C37: =COUNTIFS(Sheet1!F:F,'REPORTE GENERAL'!C$1,Sheet1!N:N,'REPORTE GENERAL'!C$3,Sheet1!H:H,'REPORTE GENERAL'!A37) -> 0 | D37: =COUNTIFS(Sheet1!F:F,'REPORTE GENERAL'!C$1,Sheet1!N:N,'REPORTE GENERAL'!D$3,Sheet1!H:H,'REPORTE GENERAL'!A37) -> 0 | E37: =COUNTIFS(Sheet1!F:F,'REPORTE GENERAL'!C$1,Sheet1!N:N,'REPORTE GENERAL'!E$3,Sheet1!H:H,'REPORTE GENERAL'!A37) -> 0 | F37: =COUNTIFS(Sheet1!F:F,'REPORTE GENERAL'!C$1,Sheet1!N:N,'REPORTE GENERAL'!F$3,Sheet1!H:H,'REPORTE GENERAL'!A37) -> 0 | G37: =COUNTIFS(Sheet1!F:F,'REPORTE GENERAL'!C$1,Sheet1!N:N,'REPORTE GENERAL'!G$3,Sheet1!H:H,'REPORTE GENERAL'!A37) -> 0 | H37: =COUNTIFS(Sheet1!F:F,'REPORTE GENERAL'!C$1,Sheet1!N:N,'REPORTE GENERAL'!H$3,Sheet1!H:H,'REPORTE GENERAL'!A37) -> 0 | I37: =COUNTIFS(Sheet1!F:F,'REPORTE GENERAL'!C$1,Sheet1!N:N,'REPORTE GENERAL'!I$3,Sheet1!H:H,'REPORTE GENERAL'!A37) -> 0 | J37: =COUNTIFS(Sheet1!F:F,'REPORTE GENERAL'!C$1,Sheet1!N:N,'REPORTE GENERAL'!J$3,Sheet1!H:H,'REPORTE GENERAL'!A37) -> 0 | K37: =COUNTIFS(Sheet1!F:F,'REPORTE GENERAL'!C$1,Sheet1!N:N,'REPORTE GENERAL'!K$3,Sheet1!H:H,'REPORTE GENERAL'!A37) -> 0 | L37: =COUNTIFS(Sheet1!F:F,'REPORTE GENERAL'!C$1,Sheet1!N:N,'REPORTE GENERAL'!L$3,Sheet1!H:H,'REPORTE GENERAL'!A37) -> 0 | M37: =SUM(B37:L37) -> 0
A38: TOTAL | B38: =SUM(B5:B37) -> 6 | C38: =SUM(C5:C37) -> 4 | D38: =SUM(D5:D37) -> 3 | E38: =SUM(E5:E37) -> 0 | F38: =SUM(F5:F37) -> 1 | G38: =SUM(G5:G37) -> 16 | H38: =SUM(H5:H37) -> 7 | I38: =SUM(I5:I37) -> 0 | ... L38: =SUM(L5:L37) -> 0 | M38: =SUM(M4:M37) -> 39

Sheet Pant. Ext.
B2: ASESOR | C2: NSS | D2: CURP | E2: LEAD | F2: FECHA | G2: N PANTALLAS | H2: Columna1
B3: YESENIA | C3: 14846100163 | F3: 46227 | G3: 1
B4: YESENIA | D4: MOZM640320HDFYRR06 | F4: 46228 | G4: 2
B5: HECTOR | C5: 21806040461 | F5: 46230 | G5: 2
B6: HECTOR | C6: 32866405098 | F6: 46230 | G6: 2
B7: YESENIA | C7: 04826480438 | F7: 46233 | G7: 1
B8: HECTOR | C8: 32866405098 | F8: 46231 | G8: 2
B9: DEYANIRA | E9: 22584580 | F9: 46231 | G9: 1
B10: DEYANIRA | E10: 22756598 | F10: 46231 | G10: 1
B11: HECTOR | C11: 31796206113 | F11: 46234 | G11: 1
B12: YESENIA | C12: 3380640347-4 | F12: 46234 | G12: 3
B13: HECTOR | C13: 72937253150 | F13: 46234 | G13: 1
B15: YESENIA | C15: 3380624572 | F15: 46237 | G15: 1
B16: HECTOR | C16: 49784901016 | E16: 22895720 | F16: 46238 | G16: 2
B17: YESENIA | C17: 5380623599-9 | F17: 46238 | G17: 1
B18: HECTOR | C18: 24806243515 | F18: 46238 | G18: 2
B19: YESENIA | C19: 82876111590 | F19: 46239 | G19: 1
B20: YESENIA | C20: 7187640051-7 | F20: 46239 | G20: 1
B21: ANDRE | D21: CUPG640509HHGRRR02 | F21: 46239 | G21: 1
B22: HECTOR | C22: 10806273792 | F22: 46239 | G22: 1
B23: HECTOR | C23: 88805300253 | F23: 46240 | G23: 1
B24: HECTOR | C24: 32836570880 | F24: 46241 | G24: 1
B25: YESENIA | C25: 1287630124-8 | F25: 46242 | G25: 1
B26: HECTOR | C26: 14796320704 | F26: 46242 | G26: 1
B27: YESENIA | C27: 37886300013 | F27: 46244 | G27: 1
B28: YESENIA | C28: 1634756199 | F28: 46244 | G28: 1
B29: YESENIA | C29: 45917429859 | F29: 46244 | G29: 1
B30: YESENIA | C30: 06786036241 | F30: 46244 | G30: 1
B31: YESENIA | C31: 34816103914 | F31: 46244 | G31: 1
B32: HECTOR | C32: 49906546160 | F32: 46245 | G32: 1
B33: HECTOR | D33: LEAD650526MVZLRN09 | F33: 46245 | G33: 1
B34: YESENIA | C34: 67806335203 | F34: 46245 | G34: 1
B35: YESENIA | C35: 14765709317 | F35: 46245 | G35: 1
B36: YESENIA | C36: 33815731535 | F36: 46245 | G36: 1
B37: YESENIA | C37: 42906101359 | F37: 46246 | G37: 1
B38: HECTOR | C38: 01785985936 | F38: 46247 | G38: 1
B39: HECTOR | C39: 01685281030 | F39: 46247 | G39: 1
B40: LUIS DAVILA | C40: 32896525816 | D40: SOAM650728HCLLRR08 | F40: 46248 | G40: 2
B41: LUIS DAVILA | C41: 90897166659 | D41: Oilc710225hdfnps07 | F41: 46249 | G41: 1
B42: YESENIA | C42: 3397780162-1 | F42: 46252 | G42: 1
B43: YESENIA | C43: 4392550158-7 | F43: 46251 | G43: 1
B44: HECTOR | C44: 01806230858 | F44: 46253 | G44: 2
B45: GLORIA | C45: 32796317850 | F45: 46254 | G45: 2
B46: PAOLA | C46: 24755704939 | F46: 46254 | G46: 1
B47: YESENIA | C47: 3488641084-3 | F47: 46255 | G47: 1
B48: HECTOR | C48: 03604403190 | F48: 46259 | G48: 1
B49: PAOLA | C49: 0-3694725668 | F49: 46261 | G49: 1
B50: KARINA MATA | D50: IACS700218MCHBBN07 | F50: 46262 | G50: 1
B52: HECTOR | C52: 53008418229 | F52: 46266 | G52: 1
B53: HECTOR | C53: 03806321901 | F53: 46267 | G53: 2
B54: HECTOR | C54: 52815900056 | F54: 46267 | G54: 1
B55: HECTOR | C55: 83866303742 | F55: 46267 | G55: 1
B56: YESENIA | C56: 64816325365 | F56: 46268 | G56: 1
B57: YESENIA | C57: 11765968240 | F57: 46268 | G57: 1
B58: HECTOR | C58: 81816201776 | F58: 46268 | G58: 2
B59: HECTOR | C59: 23806416162 | F59: 46269 | G59: 1
B60: YESENIA | C60: 04886005604 | F60: 46273 | G60: 1
B61: KARINA MATA | C61: 10765880892 | F61: 46274 | G61: 1
B62: YESENIA | C62: 43816450332 | F62: 46274 | G62: 1
B63: YESENIA | C63: 21866317791 | F63: 46274 | G63: 1
... B65: GUADALUPE | C65: 67795400869 | F65: 46274 | G65: 1
B66: ANDRE | D66: HEMJ550912HCSRRR07 | F66: 46275 | G66: 1
B67: YESENIA | C67: 30947303365 | F67: 46275 | G67: 1
B68: YESENIA | C68: 43906108188 | F68: 46275 | G68: 1
B69: ANA | C69: 62816350912 | F69: 46276 | G69: 1
B70: YESENIA | C70: 65806407758 | F70: 46276 | G70: 1
B71: YESENIA | C71: 34755904462 | F71: 46276 | G71: 1
B72: YESENIA | C72: 06785200871 | F72: 46277 | G72: 1
B73: ANA | C73: 13957824405 | F73: 46279 | G73: 1
B74: YESENIA | C74: 4280601926-3 | F74: 46279 | G74: 1
B75: LIDIA | C75: 03624700450 | D75: EAGR470901HNLSRG17 | F75: 46279 | G75: 1
B76: ANDRE | C76: 11674736936 | F76: 46282 | G76: 1
B77: YESENIA | C77: 1979602832-2 | F77: 46282 | G77: 1
B78: ANA | C78: 13957824405 | F78: 46282 | G78: 1
B79: YESENIA | C79: 6779623608-0 | F79: 46282 | G79: 1
B80: HECTOR | C80: 4981632721-4 | F80: 46282 | G80: 2
B81: PAOLA | C81: 53906510408 | D81: MOGM650815HMNRLR05 | F81: 46282 | G81: 1
B82: HECTOR | C82: 52765701298 | F82: 46282 | G82: 1
B83: HECTOR | C83: 52765501755 | F83: 46283 | G83: 2
B84: YESENIA | C84: 67796236080 | F84: 46286 | G84: 1
B85: YESENIA | C85: 43806213104 | F85: 46286 | G85: 1
B86: YESENIA | C86: 01786051613 | F86: 46286 | G86: 1
B87: YESENIA | C87: 43836123216 | F87: 46286 | G87: 1
B88: YESENIA | C88: 71806205242 | F88: 46286 | G88: 1
B89: ANDRE | C89: 11674736936 | F89: 46286 | G89: 1
B90: LIDIA | C90: 55937524704 | D90: RAVA740425MGTMZL00 | F90: 46287 | G90: 0
B91: HECTOR | C91: 52765501755 | F91: 46288 | G91: 2
B92: HECTOR | D92: MIPG671212HPLGRD00 | F92: 46288 | G92: 1
B93: GLORIA | C93: 32887195462 | D93: ROGR730312MCLDRS07 | F93: 46288 | G93: 1
B94: ANDRE | D94: CUNJ550412HVZRRQ08 | F94: 46288 | G94: 1
B95: LIDIA | D95: HEJG600526HNLRRR00 | F95: 46288 | G95: 2
B96: HECTOR | C96: 37897231702 | F96: 46288 | G96: 1
B97: HECTOR | C97: 16826315158 | F97: 46290 | G97: 1
B98: YESENIA | C98: 01714332291 | F98: 46290 | G98: 2
B99: LIDIA | C99: 23865205209 | F99: 46290 | G99: 1
B100: LIDIA | C100: 49816459934 | F100: 46290 | G100: 1
B101: LIDIA | C101: 19846103299 | F101: 46290 | G101: 1
B102: LIDIA | C102: 33856641312 | F102: 46290 | G102: 1
B103: LIDIA | C103: 07896612368 | F103: 46290 | G103: 1
B104: LIDIA | C104: 54877083318 | F104: 46290 | G104: 1
...

Sheet FILTRADO
A1: =Sheet1!A$1 -> Id | B1: =Sheet1!B$1 -> Hora de inicio | C1: =Sheet1!C$1 -> Hora de finalización | D1: =Sheet1!D$1 -> Correo electrónico | E1: =Sheet1!E$1 -> Nombre | F1: =Sheet1!F$1 -> FECHA | G1: =Sheet1!G$1 -> FECHA KOMMO | H1: =Sheet1!H$1 -> Asesor | ... T1: =Sheet1!T$1 -> FINANCIERA | U1: =Sheet1!V$1 -> Asignado | V1: =Sheet1!X$1 -> CUENTA PANTALLAS | AA1: ESTATUS INCLUIDOS
A2: {=_xlfn.LET(_xlpm.r,_xlfn._xlws.FILTER(OfficeForms.Table[],ISNUMBER(MATCH(OfficeForms.Table[ESTATUS],$AA$2:$AA$6,0)),"Sin resultados"),IF(_xlpm.r="","",_xlpm.r))} | B2: 46029.39 | C2: 46204.397 | D2: anónimo | F2: 46204 | G2: 28/06/2026 | H2: GLORIA ORTIZ C/C | I2: SILVESTRE VAZQUEZ PEREZ | J2: 71856308862 | L2: 22076120 | M2: 5219616687207 | N2: NUEVO MAYOR | O2: 7920.51 | Q2: 2376.15 | R2: 2376.15 | X2: 1 | AA2: NUEVO MAYOR
B3: 46029.419 | C3: 46204.425 | D3: anónimo | F3: 46204 | G3: 29/07/2026 | H3: IRAN CASTILLO SUR | I3: GUILLERMO GONZALEZ GUDIÑO | J3: 49866521245 | K3: GOGG650509HTSNDL06 | L3: 22099170 | M3: 22099170 | N3: NUEVO MAYOR | O3: 26776.92 | Q3: 8033.08 | R3: 8033.08 | X3: 1 | AA3: COMPRA MAYOR
B4: 46029.425 | C4: 46204.429 | D4: anónimo | F4: 46204 | G4: 46029 | H4: MIRIAM MONTELONGO SUR | I4: MAXIMINO SALUSTIANO ORTEGA VASQUEZ | J4: 78856505439 | K4: OEVM650608HOCRSX02 | L4: 22161070 | M4: 5219541288949 | N4: NUEVO MAYOR | O4: 9760.32 | Q4: 2928.1 | R4: 2928.1 | X4: 1 | AA4: NUEVO MENOR
B5: 46029.403 | C5: 46204.43 | D5: anónimo | F5: 46204 | G5: 30/06/2026 | H5: GLORIA ORTIZ C/C | I5: JOSE PALACIOS ALVAREZ | J5: 31795905855 | L5: 22125836 | M5: 5216182035940 | N5: NUEVO MENOR | O5: 4568.18 | Q5: 1370.45 | R5: 395.2 | X5: 1 | AA5: RESTRINGIDA
B6: 30/06/2026 16:00 | C6: 46204.491 | D6: anónimo | F6: 46204 | G6: 28/06/2026 | H6: MARIA NIÑO | I6: IGNACIO MEDINA FERRETIZ | K6: MEFI550312HSPDRG00 | L6: 22072350 | M6: 19452607843 | N6: NUEVO MAYOR | O6: 5630.32 | Q6: 1689.1 | R6: 1457.34 | X6: 1 | AA6: COMPRA MENOR
B7: 46029.512 | C7: 46204.522 | D7: anónimo | F7: 46204 | G7: 30/06/2026 | H7: JORGE MEDINA EXT C/C | I7: MANUEL IZMAEL CAB UUH | J7: 84816307601 | K7: CAUM630617HYNBHN05 | L7: 22106562 | M7: 5219871019830 | N7: NUEVO MAYOR | O7: 7920.51 | P7: 848 | Q7: 2376.15 | R7: 1528.15 | X7: 1 | AA7: Registros: | AB7: =COUNTA(A2:A100000) -> 1732
B8: 46029.546 | C8: 46204.547 | D8: anónimo | F8: 46204 | G8: 46029 | H8: LILIANA MARTINEZ SUR | I8: JEUS AMARO FLORES | J8: 43816503825 | K8: AAFJ650316HNLMLS05 | L8: 22167414 | M8: 5218186939401 | N8: NUEVO MAYOR | O8: 9760.32 | Q8: 2928.1 | R8: 2928.1 | X8: 1
B9: 46029.527 | C9: 46204.574 | D9: anónimo | F9: 46204 | G9: 46029 | H9: ALAN ALTAMIRANO EXT | I9: ALFREDO ZAVALA TUDON | K9: ZATA620612HTSVDL03 | L9: 1 | M9: 8683945967 | N9: COMPRA MAYOR | O9: 7920.51 | P9: 2182.22 | Q9: 2376.15 | R9: 193.93 | S9: 46027 | X9: 2
B10: 46029.581 | C10: 46204.583 | D10: anónimo | F10: 46204 | G10: 30/06/2026 | H10: DEYANIRA CORDOVA C/C | I10: MARIO | K10: MEHM641116HCLNRR04 | L10: 22125834 | M10: 8445409780 | N10: NUEVO MAYOR | O10: 9081.52 | Q10: 2724.46 | R10: 2724.46 | X10: 1
B11: 46029.586 | C11: 46204.588 | D11: anónimo | F11: 46204 | G11: 30/06/2026 | H11: ANA VILLEGAS C/C | I11: Fernando madera | J11: 1735247338 | L11: 22125778 | M11: 5214931259332 | N11: NUEVO MAYOR | O11: 23893.01 | Q11: 7167.9 | R11: 7167.9 | X11: 1
B12: 46029.59 | C12: 46204.591 | D12: anónimo | F12: 46204 | G12: 30/06/2026 | H12: ANA VILLEGAS C/C | I12: José Juan Félix | J12: 23846009217 | L12: 22128306 | M12: 5216871965719 | N12: NUEVO MENOR | O12: 26507.99 | P12: 6796.9 | Q12: 7952.4 | R12: 1155.5 | S12: 46398 | X12: 2
B13: 46029.601 | C13: 46204.603 | D13: anónimo | F13: 46204 | G13: 46029 | H13: IRAN CASTILLO SUR | I13: JOSE ANGEL LOPEZ CASAS | K13: LXCA621017HNLPSN09 | L13: 22162412 | M13: 5214881170727 | N13: COMPRA MAYOR | O13: 9081.52 | P13: 2518.66 | Q13: 2724.46 | R13: 205.8 | S13: 46029 | X13: 2
B14: 46029.607 | C14: 46204.61 | D14: anónimo | F14: 46204 | G14: 30/06/2026 | H14: DEYANIRA CORDOVA C/C | J14: 33806434180 | L14: 22126200 | M14: 6391558331 | N14: COMPRA MAYOR | O14: 18771.99 | P14: 5333.7 | Q14: 5631.6 | R14: 297.9 | S14: 46029 | X14: 2
B15: 46029.612 | C15: 46204.615 | D15: anónimo | F15: 46204 | G15: 30/06/2026 | H15: MARIA MARTINEZ SUR | I15: BEATRIZ HERNANDEZ RODRIGUEZ | J15: 60836000467 | K15: HERB600202MDFRDT00 | L15: 22151900 | M15: 5215578381289 | N15: COMPRA MENOR | O15: 5617.63 | P15: 1392.9 | Q15: 1685.29 | R15: 51.75 | S15: 46027 | X15: 2
B16: 46029.635 | C16: 46204.637 | D16: anónimo | F16: 46204 | G16: 46362 | H16: MARIA MARTINEZ SUR | I16: JULIO BASULTO USCANGA | K16: BAUJ630925HVZSSL04 | L16: 21661676 | M16: 5212971061427 | N16: COMPRA MAYOR | O16: 9081.52 | P16: 2500 | Q16: 2724.46 | R16: 224.46 | S16: 46029 | X16: 2
B17: 46029.519 | C17: 46204.647 | D17: anónimo | F17: 46204 | G17: 46029 | H17: MIRIAM MONTELONGO SUR | I17: JOSE DE JESUS MENDOZA GODINEZ | J17: 54795203865 | K17: MEGJ521109HJCNDS00 | L17: 22153278 | M17: 22153278 | N17: COMPRA MAYOR | O17: 9120.5 | P17: 2241 | Q17: 2736.15 | R17: 495.15 | S17: 45301 | X17: 2
B18: 46029.646 | C18: 46204.647 | D18: anónimo | F18: 46204 | G18: 46029 | H18: LUIS DAVILA C/C | J18: 54836503653 | K18: FOAD650805HJCLVV08 | L18: 22150440 | M18: 13344602961 | N18: NUEVO MENOR | O18: 9760.32 | P18: 2237.06 | Q18: 2928.1 | R18: 691.04 | S18: 46759 | X18: 2
B19: 46029.494 | C19: 46204.653 | D19: anónimo | F19: 46204 | G19: 24/06/2026 | H19: MARA HERNANDEZ SUR | I19: Marco Antonio Pacheco Castro | K19: PACM630406HMCCSR07 | L19: 21965960 | M19: 5215615423449 | N19: NUEVO MAYOR | O19: 9760.32 | P19: 879 | Q19: 2928.1 | R19: 2049.1 | X19: 1
B20: 46029.661 | C20: 46204.663 | D20: anónimo | F20: 46204 | G20: 46029 | H20: DULCE ARTEAGA SUR | I20: RAFAELA HERNANDEZ GARCIA | K20: HEGR620805MNLRRF07 | L20: 22160340 | M20: 5219601353463 | N20: COMPRA MAYOR | O20: 7116.73 | P20: 1972.32 | Q20: 2135.02 | R20: 162.7 | S20: 46024 | X20: 2
B21: 46029.665 | C21: 46204.672 | D21: anónimo | F21: 46204 | G21: 46029 | H21: JENNIFER AVENDAÑO SUR | I21: MARIA JULIETA PUENTE DEGOLLADO | J21: 43715531471 | K21: PUDJ680730MNLNGL02 | L21: 22173260 | M21: 5218117824579 | N21: NUEVO MENOR | O21: 5242.94 | Q21: 1572.88 | R21: 1069.96 | X21: 1
B22: 46029.724 | C22: 46204.726 | D22: anónimo | F22: 46204 | G22: 46029 | H22: MIRIAM MONTELONGO SUR | I22: MARIA GUADALUPE CRUZ DIAZ | K22: CUDG631113MSLRZD08 | L22: 22206188 | M22: 5216863525035 | N22: NUEVO MAYOR | O22: 9081.52 | P22: 879 | Q22: 2724.46 | R22: 1845.46 | X22: 1
B23: 46029.541 | C23: 46204.735 | D23: anónimo | F23: 46204 | G23: 46029 | H23: ESMERALDA ESQUIVEL SUR | I23: Antonio Olguin Rodriguez | J23: 3279622476 | K23: OURA621211HCLLDN00 | L23: 22206374 | M23: 5218661509862 | N23: COMPRA MAYOR | O23: 8539.89 | P23: 2306.32 | Q23: 2561.97 | R23: 255.65 | S23: 46023 | X23: 2
B24: 46060.42 | C24: 46205.424 | D24: anónimo | F24: 46205 | G24: 46029 | H24: JENNIFER AVENDAÑO SUR | I24: LUIS MANUEL CORTES SANCHEZ | J24: 54755612741 | K24: COSL560315HJCRNS04 | L24: 22175236 | M24: 5213411176544 | N24: NUEVO MAYOR | O24: 10636.54 | Q24: 3190.96 | R24: 3190.96 | X24: 1
B25: 46060.425 | C25: 46205.436 | D25: anónimo | F25: 46205 | G25: 46060 | H25: MAFER Z | I25: JUANA ROSARIO ZÚÑIGA VALLE | J25: 49876015642 | K25: ZUVJ600726MTSXLN00 | L25: 22227740 | M25: 528334484233 | N25: COMPRA MENOR | O25: 24606.78 | P25: 7379.13 | Q25: 7382.03 | R25: 2.9 | S25: 46026 | X25: 2
B26: 46060.481 | C26: 46205.481 | D26: anónimo | F26: 46205 | G26: 46060 | H26: YULIANA RODRIGUEZ C/C | I26: DANIEL CORREA ARCE | J26: 6785803617 | L26: 22241220 | M26: 5214421328128 | N26: NUEVO MAYOR | O26: 22109.54 | Q26: 6632.86 | R26: 6632.86 | X26: 1
B27: 46060.483 | C27: 46205.486 | D27: anónimo | F27: 46205 | G27: 46029 | H27: VALERY RODRIGUEZ SUR | I27: PEDRO ROJAS ALVAREZ | K27: ROAP620109HDFJLD04 | L27: 22176092 | M27: 5215629626816 | N27: NUEVO MAYOR | O27: 9081.52 | Q27: 2724.46 | R27: 2724.46 | X27: 1
B28: 46060.517 | C28: 46205.519 | D28: anónimo | F28: 46205 | G28: 46301 | H28: DEYANIRA CORDOVA C/C | I28: BLANCA | K28: MOCB660326MCMNML05 | L28: 21581006 | M28: 17208778718 | N28: NUEVO MAYOR | O28: 10636.54 | Q28: 3190.96 | R28: 3190.96 | X28: 1
B29: 46060.543 | C29: 46205.544 | D29: anónimo | F29: 46205 | G29: 46088 | H29: DEYANIRA CORDOVA C/C | I29: Alfredo Zavala | K29: ZATA620612HTSVDL03 | L29: 22242964 | M29: 5218683945967 | N29: COMPRA MAYOR | O29: 7920.51 | P29: 2182.22 | Q29: 2376.15 | R29: 193.93 | S29: 46027 | X29: 2
B30: 46060.553 | C30: 46205.554 | D30: anónimo | F30: 46205 | G30: 46060 | H30: HANIA GARCIA | I30: Francisco Guadarrama Valdes | K30: GUVF610405HDFDLR02 | L30: 22222084 | M30: 2969617653 | N30: NUEVO MAYOR | O30: 11444.12 | P30: 848 | Q30: 3433.24 | R30: 2585.24 | X30: 1
B31: 46060.562 | C31: 46205.563 | D31: anónimo | F31: 46205 | G31: 46060 | H31: DEYANIRA CORDOVA C/C | I31: Hector | K31: CORH760520HPLYMC02 | L31: 22243126 | M31: 5214614210356 | N31: NUEVO MENOR | O31: 4851.55 | Q31: 1455.47 | R31: 678.57 | X31: 1
B32: 46060.554 | C32: 46205.569 | D32: anónimo | F32: 46205 | G32: 46060 | H32: HANIA GARCIA | I32: Javier Espinoza Neira | K32: EINJ650713HCLSRV07 | L32: 22242138 | M32: 8446653191 | N32: NUEVO MENOR | O32: 12245.79 | P32: 3223.55 | Q32: 3673.74 | R32: 450.19 | X32: 1
B33: 46060.495 | C33: 46205.578 | D33: anónimo | F33: 46205 | G33: 46060 | H33: YULIANA RODRIGUEZ C/C | I33: martin gonzalez capitan | K33: GOCM591015HOCNPR05 | L33: 22242258 | M33: 5212871460110 | N33: NUEVO MAYOR | O33: 6099.07 | Q33: 1829.72 | R33: 1829.72 | X33: 1
B34: 46060.592 | C34: 46205.594 | D34: anónimo | F34: 46205 | G34: 46060 | H34: ALBERTO POZOS EXT | I34: JUAN CARLOS | J34: 60897104687 | L34: 1 | M34: 8715683390 | N34: RESTRINGIDA | O34: 8527.41 | P34: 1540.38 | Q34: 2558.22 | R34: 1017.84 | S34: 46029 | T34: FISOFO | X34: 2
B35: 46060.593 | C35: 46205.617 | D35: anónimo | F35: 46205 | G35: 46060 | H35: YAMILETH LÓPEZ HDEZ SUR | I35: ISMAEL PEREZ MORA | K35: PEMI631217HTSRRS03 | L35: 22245584 | M35: 5218125912554 | N35: NUEVO MAYOR | O35: 9504.7 | Q35: 2851.41 | R35: 2851.41 | X35: 1
B36: 46060.647 | C36: 46205.649 | D36: anónimo | F36: 46205 | G36: 46060 | H36: MARA HERNANDEZ SUR | I36: JUAN VARGAS MAYORGA | J36: 54886423372 | K36: VAMJ640821HNTRYN16 | L36: 22245440 | M36: 5213228889443 | N36: NUEVO MAYOR | O36: 10636.54 | Q36: 3190.96 | R36: 3190.96 | X36: 1
B37: 46060.63 | C37: 46205.683 | D37: anónimo | F37: 46205 | G37: 46060 | H37: HANIA GARCIA | I37: Juventino Martinez Silva | K37: MASJ530125HDFRLV03 | L37: 22245776 | M37: 5510173067 | N37: NUEVO MENOR | O37: 15842.31 | P37: 4342.05 | Q37: 4752.69 | R37: 410.64 | S37: 46032 | X37: 2
B38: 46060.7 | C38: 46205.701 | D38: anónimo | F38: 46205 | G38: 29/06/2026 | H38: FERNANDA ROMERO SUR | I38: GLORIA RUIZ SOTO | K38: RUSG650417MDFZTL09 | L38: 22099872 | M38: 5215534890206 | N38: COMPRA MENOR | O38: 5617.63 | P38: 1392.57 | Q38: 1685.29 | R38: 52.08 | S38: 45668 | X38: 2
B39: 46060.592 | C39: 46205.712 | D39: anónimo | F39: 46205 | G39: 46060 | H39: ROSA CASTRO SUR | I39: SONIA ZARATE PAZ | J39: 31907036086 | K39: ZAPS721109MMCRZN08 | L39: 22249500 | M39: 5216181582484 | N39: NUEVO MAYOR | O39: 8784.29 | Q39: 2635.29 | R39: 2635.29 | X39: 1
B40: 46060.737 | C40: 46205.738 | D40: anónimo | F40: 46205 | G40: 46060 | H40: ALBERTO POZOS EXT | J40: 31816321702 | L40: 1 | M40: NO PROMOCIONO | N40: NUEVO MENOR | O40: 7920.51 | P40: 1228.47 | Q40: 2376.15 | R40: 1147.68 | S40: 46394 | X40: 2
B41: 46060.626 | C41: 46205.753 | D41: anónimo | F41: 46205 | G41: 46060 | H41: LUIS DAVILA C/C | I41: ENRIQUE RAMIREZ | J41: 1725287898 | K41: RADE520715HDFMLN00 | L41: 22207964 | M41: 5215569151192 | N41: NUEVO MENOR | O41: 4813.69 | Q41: 1444.11 | R41: 640.71 | X41: 1
B42: 46060.753 | C42: 46205.755 | D42: anónimo | F42: 46205 | G42: 46060 | H42: DEYANIRA CORDOVA C/C | I42: rosa maria | J42: 43775958044 | L42: 22212628 | M42: 8116002549 | N42: NUEVO MENOR | O42: 4813.69 | Q42: 1444.11 | R42: 640.71 | X42: 1
B43: 46088.381 | C43: 46206.384 | D43: anónimo | F43: 46206 | G43: 30/06/2026 | H43: YULIANA RODRIGUEZ C/C | I43: LUCIO JUAN RUBIO ANACORETA | K43: RUAL430127HMCBNC00 | L43: 22145074 | M43: 5215618817424 | N43: NUEVO MAYOR | O43: 6153.16 | Q43: 1845.95 | R43: 1845.95 | X43: 1
B44: 46088.413 | C44: 46206.415 | D44: anónimo | F44: 46206 | G44: 46060 | H44: YULIANA RODRIGUEZ C/C | I44: Abelina tinas nicanor | K44: TINA480828MGRNCB04 | L44: 22247348 | M44: 5212204891623 | N44: NUEVO MENOR | O44: 6257.23 | P44: 848 | Q44: 1877.17 | R44: 1029.17 | X44: 1
B45: 46088.415 | C45: 46206.416 | D45: anónimo | F45: 46206 | G45: 46060 | H45: DEYANIRA CORDOVA C/C | I45: RAYMUNDO | K45: MOVR630501HPLGZY07 | L45: 22228666 | M45: 5212311216916 | N45: COMPRA MAYOR | O45: 6404.45 | P45: 1778 | Q45: 1921.34 | R45: 143.34 | S45: 46029 | X45: 2
B46: 46088.415 | C46: 46206.416 | D46: anónimo | F46: 46206 | G46: 46060 | H46: LILIANA MARTINEZ SUR | I46: LIDIA GUADALUPE VILLANUEVA CAMPOS | J46: 49876201242 | K46: VICL700518MTSLMD04 | L46: 22249824 | M46: 5218341226737 | N46: COMPRA MAYOR | O46: 7128.48 | P46: 2045.18 | Q46: 2138.54 | R46: 93.36 | S46: 46029 | X46: 2
B47: 46088.421 | C47: 46206.423 | D47: anónimo | F47: 46206 | G47: 46060 | H47: MARA HERNANDEZ SUR | I47: GUSTAVO ADOLFO VILLASEÑOR BORBOLLA | J47: 24775809635 | K47: VIBG581021HSLLRS08 | L47: 22251940 | M47: 5216145373538 | N47: COMPRA MAYOR | O47: 9504.7 | P47: 2482.13 | Q47: 2851.41 | R47: 369.28 | S47: 46028 | X47: 2
B48: 46088.423 | C48: 46206.428 | D48: anónimo | F48: 46206 | G48: 22/06/2026 | H48: MAFER Z | I48: SANDRA GAUNA HERNANDEZ | J48: 43826586166 | K48: GAHS650810MNLNRN09 | L48: 21908108 | M48: 8135766668 | N48: NUEVO MAYOR | O48: 9760.32 | P48: 879 | Q48: 2928.1 | R48: 2049.1 | X48: 1
B49: 46088.429 | C49: 46206.458 | D49: anónimo | F49: 46206 | G49: 46088 | H49: JENNIFER AVENDAÑO SUR | I49: MARTIN AGUILAR ALEMAN | J49: 32816384310 | K49: AUAM631225HCLGLR07 | L49: 22267094 | M49: 5218182104800 | N49: RESTRINGIDA | O49: 7920.51 | P49: 2183.66 | Q49: 2376.15 | R49: 192.49 | S49: 46027 | T49: CONSUBANCO | X49: 2
B50: 46088.448 | C50: 46206.487 | D50: anónimo | F50: 46206 | G50: 46088 | H50: YAMILETH LÓPEZ HDEZ SUR | I50: EDUARDO FLORES HERNANDEZ | J50: 92887056593 | K50: FOHE701217HDFLRD05 | L50: 22268572 | M50: 5216243151388 | N50: RESTRINGIDA | O50: 5950.2 | P50: 1644.73 | Q50: 1785.06 | R50: 132.49 | S50: 46028 | X50: 2
B51: 46088.488 | C51: 46206.49 | D51: anónimo | F51: 46206 | G51: 46088 | H51: ALBERTO POZOS EXT | I51: GUILLERMO PÉREZ MARTÍNEZ | J51: 11886409967 | K51: PEMG640903HDFRRL16 | L51: 1 | M51: 5520414265 | N51: NUEVO MAYOR | O51: 9081.52 | Q51: 2724.46 | R51: 2724.46 | X51: 1
B52: 46088.487 | C52: 46206.49 | D52: anónimo | F52: 46206 | G52: 46088 | H52: YAMILETH LÓPEZ HDEZ SUR | I52: JUAN ESTUDILLO RIOS | K52: EURJ591224HPLSSN07 | L52: 22269098 | M52: 5212224735440 | N52: NUEVO MENOR | O52: 35696.7 | P52: 9905.56 | Q52: 10709.01 | R52: 803.45 | S52: 46031 | X52: 2
B53: 46088.488 | C53: 46206.495 | D53: anónimo | F53: 46206 | G53: 25/06/2026 | H53: MAFER Z | I53: JORGE LOPEZ SALINAS | K53: LOSJ600727HCLPLR00 | L53: 22009942 | M53: 5218717354065 | N53: RESTRINGIDA | O53: 5617.63 | P53: 1237.42 | Q53: 1685.29 | R53: 207.23 | S53: 45661 | X53: 2
B54: 46088.556 | C54: 46206.557 | D54: anónimo | F54: 46206 | G54: 29/06/2026 | H54: DULCE FRANCO | I54: EFRAIN TERAN GARCIA | K54: TEGE590604HTSRRF00 | L54: 22109534 | M54: 5218341495264 | N54: RESTRINGIDA | O54: 4813.69 | P54: 592.91 | Q54: 1444.11 | R54: 47.8 | S54: 46028 | T54: CONSUBANCO | X54: 2
B55: 46088.558 | C55: 46206.559 | D55: anónimo | F55: 46206 | G55: 46088 | H55: LILIANA MARTINEZ SUR | I55: MERCEDES CONCEPCION TABORA RIVERA | J55: 42815505732 | K55: TARM520718MNEBVR09 | L55: 22269054 | M55: 5219858521961 | N55: NUEVO MAYOR | O55: 9256.42 | P55: 848 | Q55: 2776.93 | R55: 1928.93 | X55: 1
B56: 46088.49 | C56: 46206.574 | D56: anónimo | F56: 46206 | G56: 46060 | H56: YAMILETH LÓPEZ HDEZ SUR | I56: VIDAL MARTIN YESCAS | J56: 24856332978 | L56: 22255792 | M56: 22255792 | N56: NUEVO MAYOR | O56: 30959.32 | Q56: 9287.8 | R56: 9287.8 | X56: 1
B57: 46088.574 | C57: 46206.59 | D57: anónimo | F57: 46206 | G57: 46088 | H57: YAMILETH LÓPEZ HDEZ SUR | I57: JOSE ESCAMILLA HERNANDEZ | K57: EAHJ650105HCLSRS06 | L57: 22271542 | M57: 5218714168335 | N57: NUEVO MAYOR | O57: 10171.24 | Q57: 3051.37 | R57: 3051.37 | X57: 1
B58: 46088.599 | C58: 46206.599 | D58: anónimo | F58: 46206 | G58: 30/06/2026 | H58: GLORIA ORTIZ C/C | I58: RAUL ESPINOZO VILLASANA | J58: 10866111973 | L58: 22131510 | M58: 5215524424496 | N58: NUEVO MAYOR | O58: 24586.97 | Q58: 7376.09 | R58: 7376.09 | X58: 1
B59: 46088.608 | C59: 46206.613 | D59: anónimo | F59: 46206 | G59: 46088 | H59: LILIANA MARTINEZ SUR | I59: ADRIAN MORENO CAMPOS | J59: 12755703275 | K59: MOCA570908HDFRMD01 | L59: 22273572 | M59: 5214621894855 | N59: RESTRINGIDA | O59: 5617.63 | P59: 1379.63 | Q59: 1685.29 | R59: 65.02 | S59: 44938 | T59: FISOFO | X59: 2
B60: 46088.539 | C60: 46206.631 | D60: anónimo | F60: 46206 | G60: 46088 | H60: ESMERALDA ESQUIVEL SUR | I60: Fatima del Rosario Heredia Sanchez | K60: HESF610514MCCRNT05 | L60: 22273146 | M60: 5219841060471 | N60: NUEVO MENOR | O60: 48339.4 | P60: 13985.72 | Q60: 14501.82 | R60: 516.1 | S60: 46391 | X60: 2
B61: 46088.651 | C61: 46206.654 | D61: anónimo | F61: 46206 | G61: 46088 | H61: MAFER Z | I61: JOSE LUIS TORRES LUNA | J61: 43806064283 | K61: TOLL600917HNLRNS06 | L61: 22275404 | M61: 5218122205052 | N61: NUEVO MENOR | O61: 5617.63 | P61: 879 | Q61: 1685.29 | R61: 565.65 | X61: 1
B62: 46088.598 | C62: 46206.661 | D62: anónimo | F62: 46206 | G62: 46088 | H62: HANIA GARCIA | I62: Cesar Lopez Rojo | K62: LORC601129HSLPJS03 | L62: 22275604 | M62: 4531468232 | N62: NUEVO MAYOR | O62: 5670.94 | Q62: 1701.28 | R62: 1497.96 | X62: 1
B63: 46088.669 | C63: 46206.669 | D63: anónimo | F63: 46206 | G63: 46088 | H63: JENNIFER AVENDAÑO SUR | I63: JAIME OVALLES PALACIOS | J63: 71856003711 | K63: OAPJ600925HCSVLM07 | L63: 22273350 | M63: 5219661131043 | N63: NUEVO MAYOR | O63: 11029.03 | Q63: 3308.71 | R63: 3308.71 | X63: 1
B64: 46088.679 | C64: 46206.68 | D64: anónimo | F64: 46206 | G64: 46088 | H64: GLORIA ORTIZ C/C | I64: ROSA GUADALUPE ROMERO RAMIREZ | J64: 23836119117 | L64: 22276590 | M64: 5219903041236 | N64: COMPRA MAYOR | O64: 5055.87 | P64: 1202.26 | Q64: 1516.76 | R64: -319.37 | S64: 46029 | X64: 2
B65: 46088.683 | C65: 46206.685 | D65: anónimo | F65: 46206 | G65: 25/06/2026 | H65: ANA VILLEGAS C/C | I65: Jesus Manuel Perez Peraza | J65: 54805720395 | L65: 22014576 | M65: 5216691294225 | N65: NUEVO MENOR | O65: 33036.52 | P65: 9392.11 | Q65: 9910.96 | R65: 518.85 | S65: 46393 | X65: 2
B66: 46088.686 | C66: 46206.687 | D66: anónimo | F66: 46206 | G66: 46088 | H66: YULIANA RODRIGUEZ C/C | I66: ABELARDO CORTES ROSAS | K66: CORA640205HDFRSB02 | L66: 22276362 | M66: 5215647471721 | N66: NUEVO MAYOR | O66: 36067.29 | Q66: 10820.19 | R66: 10820.19 | X66: 1
B67: 46088.661 | C67: 46206.695 | D67: anónimo | F67: 46206 | G67: 46088 | H67: HANIA GARCIA | I67: Jose Garcia Rangel | K67: GARJ630421HGTRNS06 | L67: 22275378 | M67: 3314245619 | N67: NUEVO MAYOR | O67: 9760.32 | Q67: 2928.1 | R67: 2928.1 | X67: 1
B68: 46088.692 | C68: 46206.696 | D68: anónimo | F68: 46206 | G68: 46088 | H68: VALERY RODRIGUEZ SUR | I68: BENIGNO ARMANDO AVALOS QUINTERO | K68: AAQB540405HTSVNN01 | L68: 22266388 | M68: 5218331211701 | N68: RESTRINGIDA | O68: 4813.69 | P68: 748.85 | Q68: 1444.11 | R68: -108.14 | S68: 45294 | X68: 2
B69: 46088.708 | C69: 46206.71 | D69: anónimo | F69: 46206 | G69: 28/06/2026 | H69: GLORIA ORTIZ C/C | I69: JAVIER REYES RAMIREZ | J69: 10816427842 | L69: 22069066 | M69: 5215573846520 | N69: NUEVO MAYOR | O69: 9760.32 | Q69: 2928.1 | R69: 2928.1 | X69: 1
B70: 46119.348 | C70: 46207.39 | D70: anónimo | F70: 46207 | G70: 46119 | H70: DULCE FRANCO | I70: JOAQUIN SANTIAGO HERNANDEZ | K70: SAHJ640320HVZNRQ08 | L70: 22287828 | M70: 5218445947253 | N70: COMPRA MAYOR | O70: 9081.52 | P70: 2521.35 | Q70: 2724.46 | R70: 203.11 | S70: 46029 | X70: 2
B71: 46119.434 | C71: 46207.435 | D71: anónimo | F71: 46207 | G71: 28/06/2026 | H71: DULCE FRANCO | I71: ARTURO CHAVEZ ALVARADO | K71: CAAA610910HNLHLR02 | L71: 22068448 | M71: 5218132440996 | N71: NUEVO MAYOR | O71: 9504.7 | Q71: 2851.41 | R71: 2851.41 | X71: 1
B72: 46060.537 | C72: 46207.446 | D72: anónimo | F72: 46207 | G72: 46119 | H72: LUIS DAVILA C/C | I72: JULIO CESAR JIMENEZ GOVEA | J72: 83775502525 | K72: JIGJ550901HTCMLV09 | L72: 22279618 | M72: 5219343447799 | N72: RESTRINGIDA | O72: 6589.24 | P72: 1976.77 | Q72: 1976.77 | R72: 0 | S72: 45302 | T72: FISOFO | X72: 2
B73: 46119.603 | C73: 46207.605 | D73: anónimo | F73: 46207 | G73: 21/06/2026 | H73: LITZY MARTINEZ C/C | I73: JOSE ANGEL MARTINEZ MORALES | J73: 32846605098 | K73: MAMA670110HDGRRN02 | L73: 21883668 | M73: 5218771369038 | N73: COMPRA MAYOR | O73: 5642.22 | P73: 1354.16 | Q73: 1692.67 | R73: 115.08 | S73: 46028 | X73: 2
B74: 46119.652 | C74: 46207.657 | D74: anónimo | F74: 46207 | G74: 46119 | H74: MARA HERNANDEZ SUR | I74: Oscar García polendo | J74: 33836425828 | K74: GAPO631204HCHRLS05 | L74: 22294378 | M74: 5216565935140 | N74: COMPRA MAYOR | O74: 9081.52 | P74: 2518.73 | Q74: 2724.46 | R74: 205.73 | S74: 46028 | X74: 2
B75: 46119.658 | C75: 46207.736 | D75: anónimo | F75: 46207 | G75: 46119 | H75: ROSA CASTRO SUR | I75: GUADALUPE SANCHEZ CARRILLO | J75: 56733000352 | K75: SACG670211MNTNRD07 | L75: 22297682 | M75: 5213231126686 | N75: NUEVO MAYOR | O75: 5639.59 | Q75: 1691.88 | R75: 1466.61 | X75: 1
B76: 46149.344 | C76: 46208.376 | D76: anónimo | F76: 46208 | G76: 46149 | H76: DULCE FRANCO | I76: CARLOS ARTURO YAÑEZ PEREZ | K76: YAPC700810HDFXRR05 | L76: 22304412 | M76: 5215580125655 | N76: NUEVO MAYOR | O76: 8793.09 | Q76: 2637.93 | R76: 2637.93 | X76: 1
B77: 46149.549 | C77: 46208.551 | D77: anónimo | F77: 46208 | G77: 46149 | H77: GLORIA ORTIZ C/C | I77: JOSE JUAN SARAO MATEO | J77: 83977817856 | K77: SAMJ780710HCCRTN01 | L77: 22311476 | M77: 5219993631098 | N77: NUEVO MAYOR | O77: 5431.73 | Q77: 1629.52 | R77: 1258.75 | X77: 1
B78: 46149.605 | C78: 46208.606 | D78: anónimo | F78: 46208 | G78: 46149 | H78: YULIANA RODRIGUEZ C/C | I78: MARIA ELIZABETH MALDONADO LANDA | J78: 53816316755 | K78: MALE861013MMNLNL01 | L78: 22313002 | M78: 5214522035247 | N78: COMPRA MAYOR | O78: 7128.48 | P78: 1890.26 | Q78: 2138.54 | R78: 248.28 | S78: 45668 | X78: 2
B79: 46149.624 | C79: 46208.625 | D79: anónimo | F79: 46208 | G79: 46149 | H79: ANA VILLEGAS C/C | I79: Felipe Gonzalez | J79: 13735701644 | K79: GOIF570526HHGNSL09 | L79: 22311640 | M79: 5217713460540 | N79: NUEVO MAYOR | O79: 16644.53 | Q79: 4993.36 | R79: 4993.36 | X79: 1
B80: 46180.483 | C80: 46209.483 | D80: anónimo | F80: 46209 | G80: 46119 | H80: DULCE FRANCO | I80: ALBERTO ARCE CALDERON | K80: AECA590921HBCRLL03 | L80: 22292842 | M80: 624 129 6518 | N80: NUEVO MAYOR | O80: 15407.69 | Q80: 4622.31 | R80: 4622.31 | X80: 1
B81: 46180.485 | C81: 46209.486 | D81: anónimo | F81: 46209 | G81: 46180 | H81: ALAN ALTAMIRANO EXT | I81: JUAN GOMEZ GONZALEZ | K81: GORJ560222HPLMSN07 | L81: 1 | M81: 5525679814 | N81: RESTRINGIDA | O81: 6262.86 | P81: 1532.08 | Q81: 1878.86 | R81: 346.78 | S81: 45302 | X81: 2
B82: 46180.483 | C82: 46209.489 | D82: anónimo | F82: 46209 | G82: 46088 | H82: XIMENA RIVERA SUR | I82: BERNARDINO ORLANDO FLORES ANGELES | J82: 6745819216 | K82: FOAB590520HMCLNR05 | L82: 22267188 | M82: 22267188 | N82: COMPRA MENOR | O82: 5617.63 | P82: 1181.3 | Q82: 1685.29 | R82: 263.35 | S82: 45295 | X82: 2
B83: 46180.528 | C83: 46209.529 | D83: anónimo | F83: 46209 | G83: 30/05/2026 | H83: HANIA GARCIA | I83: FANNY CRISTINA RODRIGUEZ FRANCO | J83: 53855900113 | K83: ROFF650104MJCDRN03 | L83: 21189560 | M83: 5213313529165 | N83: COMPRA MAYOR | O83: 16627.44 | P83: 4800.52 | Q83: 4988.23 | R83: 187.71 | S83: 45662 | X83: 2
B84: 46180.569 | C84: 46209.572 | D84: anónimo | F84: 46209 | G84: 46180 | H84: ALBERTO POZOS EXT | I84: JUAN LUIS | J84: 65906555282 | L84: 1 | M84: 5631871819 | N84: NUEVO MAYOR | O84: 9760.32 | P84: 879 | Q84: 2928.1 | R84: 2049.1 | X84: 1
B85: 46180.578 | C85: 46209.581 | D85: anónimo | F85: 46209 | G85: 46088 | H85: MAFER Z | I85: ISELDA VALENZUELA MARTINEZ | J85: 23927577413 | K85: VAMI750213MSLLRS19 | L85: 22277248 | M85: 5216627444478 | N85: NUEVO MAYOR | O85: 8562.8 | P85: 848 | Q85: 2568.84 | R85: 1720.84 | X85: 1
B86: 46180.584 | C86: 46209.588 | D86: anónimo | F86: 46209 | G86: 21/04/2026 | H86: GIOVANNI MELGAR | J86: 12765818781 | L86: 19888642 | M86: 5214611225139 | N86: NUEVO MAYOR | O86: 14954.45 | Q86: 4486.34 | R86: 4486.34 | X86: 1
B87: 46180.592 | C87: 46209.6 | D87: anónimo | F87: 46209 | G87: 46088 | H87: LILIANA MARTINEZ SUR | I87: NORMA ALICIA TAPIA GUZMAN | J87: 52846809102 | K87: TAGN691121MCMPZR06 | L87: 22266828 | M87: 5213141606702 | N87: NUEVO MAYOR | O87: 8173.37 | Q87: 2452.01 | R87: 2452.01 | X87: 1
B88: 46180.626 | C88: 46209.632 | D88: anónimo | F88: 46209 | G88: 46119 | H88: MARIA MARTINEZ SUR | I88: JUANA MARIA CASTILLO GONZALEZ | K88: CAGJ591016MTSSNN04 | L88: 22293730 | M88: 5218118477244 | N88: NUEVO MENOR | O88: 4813.69 | Q88: 1444.11 | R88: 640.71 | X88: 1
B89: 46180.708 | C89: 46209.709 | D89: anónimo | F89: 46209 | G89: 46119 | H89: GIOVANNI MELGAR | I89: ESMERALDA PINEDA LOPEZ | J89: 82765703804 | K89: PILE591228MMNNPS03 | L89: 22296620 | M89: 5214361088138 | N89: RESTRINGIDA | O89: 5533.43 | P89: 1594.54 | Q89: 1660.03 | R89: -234.09 | S89: 46023 | T89: CONSUBANCO | X89: 2
B90: 46180.713 | C90: 46209.713 | D90: anónimo | F90: 46209 | G90: 46180 | H90: ALAN ALTAMIRANO EXT | I90: NO PROPORCIONO | J90: 23978200246 | L90: 1 | M90: 6311431371 | N90: NUEVO MENOR | O90: 5642.22 | P90: 1145 | Q90: 1692.67 | R90: 324.24 | S90: 46390 | X90: 2
B91: 46210.359 | C91: 46210.363 | D91: anónimo | F91: 46210 | G91: 46088 | H91: GLORIA ORTIZ C/C | I91: OCTAVIO NUÑEZ CASTRO | J91: 23806337632 | L91: 22277902 | M91: 15206583756 | N91: NUEVO MAYOR | O91: 7920.51 | Q91: 2376.15 | R91: 2376.15 | X91: 1
B92: 46210.376 | C92: 46210.379 | D92: anónimo | F92: 46210 | G92: 46119 | H92: GIOVANNI MELGAR | I92: CARMEN GOMEZ | J92: 32806314269 | L92: 22293866 | M92: 22293866 | N92: COMPRA MAYOR | O92: 7358.36 | P92: 2042.9 | Q92: 2207.51 | R92: 164.61 | S92: 46029 | X92: 2
B93: 46210.379 | C93: 46210.397 | D93: anónimo | F93: 46210 | G93: 46060 | H93: YAMILETH LÓPEZ HDEZ SUR | I93: ALFREDO SILVA GONZALEZ | K93: SIGA620910HNLLNL04 | L93: 22255088 | M93: 5218125924532 | N93: NUEVO MAYOR | O93: 7920.51 | Q93: 2376.15 | R93: 2376.15 | X93: 1
B94: 46210.399 | C94: 46210.406 | D94: anónimo | F94: 46210 | G94: 46210 | H94: LILIANA MARTINEZ SUR | I94: ROGELIO SEGURA QUEZADA | J94: 43796089241 | K94: SEQR601231HNLGZG06 | L94: 22422002 | M94: 5218281486452 | N94: COMPRA MENOR | O94: 6262.86 | P94: 1738.79 | Q94: 1878.86 | R94: 140.07 | S94: 46023 | X94: 2
B95: 46210.41 | C95: 46210.412 | D95: anónimo | F95: 46210 | G95: 46119 | H95: YAMILETH LÓPEZ HDEZ SUR | I95: DONATO PEREZ BELLO | J95: 17846513418 | K95: PEBD651114HDFRLN05 | L95: 22296236 | M95: 5215540014081 | N95: NUEVO MAYOR | O95: 11029.03 | Q95: 3308.71 | R95: 3308.71 | X95: 1
B96: 46210.438 | C96: 46210.439 | D96: anónimo | F96: 46210 | G96: 28/06/2026 | H96: ANA VILLEGAS C/C | I96: Leocadio | J96: 13806102599 | L96: 22081136 | M96: 5217751994952 | N96: NUEVO MAYOR | O96: 10636.54 | Q96: 3190.96 | R96: 3190.96 | X96: 1
B97: 46210.444 | C97: 46210.457 | D97: anónimo | F97: 46210 | G97: 46180 | H97: XIMENA RIVERA SUR | I97: MA. DEL SOCORRO GUERRERO RAMIREZ | J97: 41916203700 | L97: 22368426 | M97: 22368426 | N97: NUEVO MAYOR | O97: 7116.73 | P97: 848 | Q97: 2135.02 | R97: 1287.02 | X97: 1
B98: 46210.493 | C98: 46210.502 | D98: anónimo | F98: 46210 | G98: 46210 | H98: IRAN CASTILLO SUR | I98: JOSE FERNANDO GARCIA PEREZ | J98: 62786210021 | K98: GAPF621108HPLRRR06 | L98: 22427004 | M98: 5212211144286 | N98: NUEVO MAYOR | O98: 11029.03 | Q98: 3308.71 | R98: 3308.71 | X98: 1
B99: 46210.513 | C99: 46210.548 | D99: anónimo | F99: 46210 | G99: 46210 | H99: ESMERALDA ESQUIVEL SUR | I99: Feliciano Alfonso López León | J99: 23735514673 | K99: LOLF560609HSLPNL01 | L99: 22429302 | M99: 5216692558001 | N99: NUEVO MAYOR | O99: 9956.98 | P99: 640 | Q99: 2987.09 | R99: 2347.09 | X99: 1
B100: 46210.548 | C100: 46210.551 | D100: anónimo | F100: 46210 | G100: 46029 | H100: ESMERALDA ESQUIVEL SUR | I100: Felipe Leon Guzman | J100: 6856600421 | K100: LEGF660307HPLNZL09 | L100: 22162024 | M100: 5217641300945 | N100: NUEVO MENOR | O100: 13808.57 | P100: 3172.03 | Q100: 4142.57 | R100: 970.54 | S100: 46759 | X100: 2
...

Sheet LISTA
A1: NUEVO MAYOR
A2: NO DATO
A3: COMPRA BIMESTRES
A4: COMPRA MAYOR
A5: NUEVO MENOR
A6: SIN CAPACIDAD
A7: RESTRINGIDA
A8: COMPRA MENOR
A9: LEY 97
A10: SIN NOMINA
A11: NEGOCIO DUPLICADO
A12: P.V.

Sheet REPORT YAMI
A1: PAGO POR SOLICITUD — CONTEO DE ESTATUS POR ASESORA
A2: Los filtros (periodo, tarifa y asesoras) se definen en la hoja SELECCIÓN. Esta hoja solo muestra resultados.
A3: ="Periodo: "&TEXT('SELECCIÓN YAMI'!$B$4,"dd/mm/yyyy")&" al "&TEXT('SELECCIÓN YAMI'!$B$6,"dd/mm/yyyy")&" — Tarifa: "&TEXT('SELECCIÓN YAMI'!$B$7,"$#,##0.00")&" — Asesoras: "&IF(COUNTIF('SELECCIÓN YAMI'!$B$14:$B$81,"X")=0,"TODAS las del periodo",COUNTIF('SELECCIÓN YAMI'!$B$14:$B$81,"X")&" marcadas en SELECCIÓN") -> Periodo: 30/07/2026 al 05/08/2026 — Tarifa: $10.00 — Asesoras: 3 marcadas en SELECCIÓN
A4: ASESORA | B4: NUEVO MAYOR | C4: COMPRA BIMESTRES | D4: COMPRA MAYOR | E4: NUEVO MENOR | F4: SIN CAPACIDAD | G4: RESTRINGIDA | H4: COMPRA MENOR | I4: SIN NOMINA | J4: TOTAL PAGABLE | K4: PAGO ($) | L4: NEGOCIO DUPLICADO | M4: NO DATO | N4: LEY 97 | O4: TOTAL SOLICITUDES
A5: TOTALES | B5: =SUM(B6:B72) -> 33 | C5: =SUM(C6:C72) -> 64 | D5: =SUM(D6:D72) -> 5 | E5: =SUM(E6:E72) -> 12 | F5: =SUM(F6:F72) -> 22 | G5: =SUM(G6:G72) -> 5 | H5: =SUM(H6:H72) -> 9 | I5: =SUM(I6:I72) -> 0 | ... O5: =SUM(O6:O72) -> 159
A6: {=IFERROR(_xlfn._xlws.FILTER('SELECCIÓN YAMI'!$A$14:$A$81,('SELECCIÓN YAMI'!$A$14:$A$81<>"")*((COUNTIF('SELECCIÓN YAMI'!$B$14:$B$81,"X")=0)+('SELECCIÓN YAMI'!$B$14:$B$81="X"))),"Sin resultados")} -> GIOVANNI MELGAR | B6: =IF($A6="","",COUNTIFS(Sheet1!$H$2:$H$5214,$A6,Sheet1!$N$2:$N$5214,B$4,Sheet1!$F$2:$F$5214,">="&'SELECCIÓN YAMI'!$B$4,Sheet1!$F$2:$F$5214,"<="&'SELECCIÓN YAMI'!$B$6)) -> 10 | C6: =IF($A6="","",COUNTIFS(Sheet1!$H$2:$H$5214,$A6,Sheet1!$N$2:$N$5214,C$4,Sheet1!$F$2:$F$5214,">="&'SELECCIÓN YAMI'!$B$4,Sheet1!$F$2:$F$5214,"<="&'SELECCIÓN YAMI'!$B$6)) -> 27 | D6: =IF($A6="","",COUNTIFS(Sheet1!$H$2:$H$5214,$A6,Sheet1!$N$2:$N$5214,D$4,Sheet1!$F$2:$F$5214,">="&'SELECCIÓN YAMI'!$B$4,Sheet1!$F$2:$F$5214,"<="&'SELECCIÓN YAMI'!$B$6)) -> 3 | E6: =IF($A6="","",COUNTIFS(Sheet1!$H$2:$H$5214,$A6,Sheet1!$N$2:$N$5214,E$4,Sheet1!$F$2:$F$5214,">="&'SELECCIÓN YAMI'!$B$4,Sheet1!$F$2:$F$5214,"<="&'SELECCIÓN YAMI'!$B$6)) -> 5 | F6: =IF($A6="","",COUNTIFS(Sheet1!$H$2:$H$5214,$A6,Sheet1!$N$2:$N$5214,F$4,Sheet1!$F$2:$F$5214,">="&'SELECCIÓN YAMI'!$B$4,Sheet1!$F$2:$F$5214,"<="&'SELECCIÓN YAMI'!$B$6)) -> 5 | G6: =IF($A6="","",COUNTIFS(Sheet1!$H$2:$H$5214,$A6,Sheet1!$N$2:$N$5214,G$4,Sheet1!$F$2:$F$5214,">="&'SELECCIÓN YAMI'!$B$4,Sheet1!$F$2:$F$5214,"<="&'SELECCIÓN YAMI'!$B$6)) -> 1 | H6: =IF($A6="","",COUNTIFS(Sheet1!$H$2:$H$5214,$A6,Sheet1!$N$2:$N$5214,H$4,Sheet1!$F$2:$F$5214,">="&'SELECCIÓN YAMI'!$B$4,Sheet1!$F$2:$F$5214,"<="&'SELECCIÓN YAMI'!$B$6)) -> 3 | I6: =IF($A6="","",COUNTIFS(Sheet1!$H$2:$H$5214,$A6,Sheet1!$N$2:$N$5214,I$4,Sheet1!$F$2:$F$5214,">="&'SELECCIÓN YAMI'!$B$4,Sheet1!$F$2:$F$5214,"<="&'SELECCIÓN YAMI'!$B$6)) -> 0 | J6: =IF($A6="","",SUM(B6:I6)) -> 54 | K6: =IF($A6="","",J6*'SELECCIÓN YAMI'!$B$7) -> 540 | L6: =IF($A6="","",COUNTIFS(Sheet1!$H$2:$H$5214,$A6,Sheet1!$N$2:$N$5214,L$4,Sheet1!$F$2:$F$5214,">="&'SELECCIÓN YAMI'!$B$4,Sheet1!$F$2:$F$5214,"<="&'SELECCIÓN YAMI'!$B$6)) -> 0 | M6: =IF($A6="","",COUNTIFS(Sheet1!$H$2:$H$5214,$A6,Sheet1!$N$2:$N$5214,M$4,Sheet1!$F$2:$F$5214,">="&'SELECCIÓN YAMI'!$B$4,Sheet1!$F$2:$F$5214,"<="&'SELECCIÓN YAMI'!$B$6)) -> 5 | N6: =IF($A6="","",COUNTIFS(Sheet1!$H$2:$H$5214,$A6,Sheet1!$N$2:$N$5214,N$4,Sheet1!$F$2:$F$5214,">="&'SELECCIÓN YAMI'!$B$4,Sheet1!$F$2:$F$5214,"<="&'SELECCIÓN YAMI'!$B$6)) -> 1 | O6: =IF($A6="","",COUNTIFS(Sheet1!$H$2:$H$5214,$A6,Sheet1!$F$2:$F$5214,">="&'SELECCIÓN YAMI'!$B$4,Sheet1!$F$2:$F$5214,"<="&'SELECCIÓN YAMI'!$B$6)) -> 60
A7: LILIANA MARTINEZ SUR | B7: =IF($A7="","",COUNTIFS(Sheet1!$H$2:$H$5214,$A7,Sheet1!$N$2:$N$5214,B$4,Sheet1!$F$2:$F$5214,">="&'SELECCIÓN YAMI'!$B$4,Sheet1!$F$2:$F$5214,"<="&'SELECCIÓN YAMI'!$B$6)) -> 7 | C7: =IF($A7="","",COUNTIFS(Sheet1!$H$2:$H$5214,$A7,Sheet1!$N$2:$N$5214,C$4,Sheet1!$F$2:$F$5214,">="&'SELECCIÓN YAMI'!$B$4,Sheet1!$F$2:$F$5214,"<="&'SELECCIÓN YAMI'!$B$6)) -> 8 | D7: =IF($A7="","",COUNTIFS(Sheet1!$H$2:$H$5214,$A7,Sheet1!$N$2:$N$5214,D$4,Sheet1!$F$2:$F$5214,">="&'SELECCIÓN YAMI'!$B$4,Sheet1!$F$2:$F$5214,"<="&'SELECCIÓN YAMI'!$B$6)) -> 1 | E7: =IF($A7="","",COUNTIFS(Sheet1!$H$2:$H$5214,$A7,Sheet1!$N$2:$N$5214,E$4,Sheet1!$F$2:$F$5214,">="&'SELECCIÓN YAMI'!$B$4,Sheet1!$F$2:$F$5214,"<="&'SELECCIÓN YAMI'!$B$6)) -> 1 | F7: =IF($A7="","",COUNTIFS(Sheet1!$H$2:$H$5214,$A7,Sheet1!$N$2:$N$5214,F$4,Sheet1!$F$2:$F$5214,">="&'SELECCIÓN YAMI'!$B$4,Sheet1!$F$2:$F$5214,"<="&'SELECCIÓN YAMI'!$B$6)) -> 10 | G7: =IF($A7="","",COUNTIFS(Sheet1!$H$2:$H$5214,$A7,Sheet1!$N$2:$N$5214,G$4,Sheet1!$F$2:$F$5214,">="&'SELECCIÓN YAMI'!$B$4,Sheet1!$F$2:$F$5214,"<="&'SELECCIÓN YAMI'!$B$6)) -> 2 | H7: =IF($A7="","",COUNTIFS(Sheet1!$H$2:$H$5214,$A7,Sheet1!$N$2:$N$5214,H$4,Sheet1!$F$2:$F$5214,">="&'SELECCIÓN YAMI'!$B$4,Sheet1!$F$2:$F$5214,"<="&'SELECCIÓN YAMI'!$B$6)) -> 0 | I7: =IF($A7="","",COUNTIFS(Sheet1!$H$2:$H$5214,$A7,Sheet1!$N$2:$N$5214,I$4,Sheet1!$F$2:$F$5214,">="&'SELECCIÓN YAMI'!$B$4,Sheet1!$F$2:$F$5214,"<="&'SELECCIÓN YAMI'!$B$6)) -> 0 | J7: =IF($A7="","",SUM(B7:I7)) -> 29 | K7: =IF($A7="","",J7*'SELECCIÓN YAMI'!$B$7) -> 290 | L7: =IF($A7="","",COUNTIFS(Sheet1!$H$2:$H$5214,$A7,Sheet1!$N$2:$N$5214,L$4,Sheet1!$F$2:$F$5214,">="&'SELECCIÓN YAMI'!$B$4,Sheet1!$F$2:$F$5214,"<="&'SELECCIÓN YAMI'!$B$6)) -> 0 | M7: =IF($A7="","",COUNTIFS(Sheet1!$H$2:$H$5214,$A7,Sheet1!$N$2:$N$5214,M$4,Sheet1!$F$2:$F$5214,">="&'SELECCIÓN YAMI'!$B$4,Sheet1!$F$2:$F$5214,"<="&'SELECCIÓN YAMI'!$B$6)) -> 1 | N7: =IF($A7="","",COUNTIFS(Sheet1!$H$2:$H$5214,$A7,Sheet1!$N$2:$N$5214,N$4,Sheet1!$F$2:$F$5214,">="&'SELECCIÓN YAMI'!$B$4,Sheet1!$F$2:$F$5214,"<="&'SELECCIÓN YAMI'!$B$6)) -> 0 | O7: =IF($A7="","",COUNTIFS(Sheet1!$H$2:$H$5214,$A7,Sheet1!$F$2:$F$5214,">="&'SELECCIÓN YAMI'!$B$4,Sheet1!$F$2:$F$5214,"<="&'SELECCIÓN YAMI'!$B$6)) -> 30
A8: ROSA CASTRO SUR | B8: =IF($A8="","",COUNTIFS(Sheet1!$H$2:$H$5214,$A8,Sheet1!$N$2:$N$5214,B$4,Sheet1!$F$2:$F$5214,">="&'SELECCIÓN YAMI'!$B$4,Sheet1!$F$2:$F$5214,"<="&'SELECCIÓN YAMI'!$B$6)) -> 16 | C8: =IF($A8="","",COUNTIFS(Sheet1!$H$2:$H$5214,$A8,Sheet1!$N$2:$N$5214,C$4,Sheet1!$F$2:$F$5214,">="&'SELECCIÓN YAMI'!$B$4,Sheet1!$F$2:$F$5214,"<="&'SELECCIÓN YAMI'!$B$6)) -> 29 | D8: =IF($A8="","",COUNTIFS(Sheet1!$H$2:$H$5214,$A8,Sheet1!$N$2:$N$5214,D$4,Sheet1!$F$2:$F$5214,">="&'SELECCIÓN YAMI'!$B$4,Sheet1!$F$2:$F$5214,"<="&'SELECCIÓN YAMI'!$B$6)) -> 1 | E8: =IF($A8="","",COUNTIFS(Sheet1!$H$2:$H$5214,$A8,Sheet1!$N$2:$N$5214,E$4,Sheet1!$F$2:$F$5214,">="&'SELECCIÓN YAMI'!$B$4,Sheet1!$F$2:$F$5214,"<="&'SELECCIÓN YAMI'!$B$6)) -> 6 | F8: =IF($A8="","",COUNTIFS(Sheet1!$H$2:$H$5214,$A8,Sheet1!$N$2:$N$5214,F$4,Sheet1!$F$2:$F$5214,">="&'SELECCIÓN YAMI'!$B$4,Sheet1!$F$2:$F$5214,"<="&'SELECCIÓN YAMI'!$B$6)) -> 7 | G8: =IF($A8="","",COUNTIFS(Sheet1!$H$2:$H$5214,$A8,Sheet1!$N$2:$N$5214,G$4,Sheet1!$F$2:$F$5214,">="&'SELECCIÓN YAMI'!$B$4,Sheet1!$F$2:$F$5214,"<="&'SELECCIÓN YAMI'!$B$6)) -> 2 | H8: =IF($A8="","",COUNTIFS(Sheet1!$H$2:$H$5214,$A8,Sheet1!$N$2:$N$5214,H$4,Sheet1!$F$2:$F$5214,">="&'SELECCIÓN YAMI'!$B$4,Sheet1!$F$2:$F$5214,"<="&'SELECCIÓN YAMI'!$B$6)) -> 6 | I8: =IF($A8="","",COUNTIFS(Sheet1!$H$2:$H$5214,$A8,Sheet1!$N$2:$N$5214,I$4,Sheet1!$F$2:$F$5214,">="&'SELECCIÓN YAMI'!$B$4,Sheet1!$F$2:$F$5214,"<="&'SELECCIÓN YAMI'!$B$6)) -> 0 | J8: =IF($A8="","",SUM(B8:I8)) -> 67 | K8: =IF($A8="","",J8*'SELECCIÓN YAMI'!$B$7) -> 670 | L8: =IF($A8="","",COUNTIFS(Sheet1!$H$2:$H$5214,$A8,Sheet1!$N$2:$N$5214,L$4,Sheet1!$F$2:$F$5214,">="&'SELECCIÓN YAMI'!$B$4,Sheet1!$F$2:$F$5214,"<="&'SELECCIÓN YAMI'!$B$6)) -> 0 | M8: =IF($A8="","",COUNTIFS(Sheet1!$H$2:$H$5214,$A8,Sheet1!$N$2:$N$5214,M$4,Sheet1!$F$2:$F$5214,">="&'SELECCIÓN YAMI'!$B$4,Sheet1!$F$2:$F$5214,"<="&'SELECCIÓN YAMI'!$B$6)) -> 2 | N8: =IF($A8="","",COUNTIFS(Sheet1!$H$2:$H$5214,$A8,Sheet1!$N$2:$N$5214,N$4,Sheet1!$F$2:$F$5214,">="&'SELECCIÓN YAMI'!$B$4,Sheet1!$F$2:$F$5214,"<="&'SELECCIÓN YAMI'!$B$6)) -> 0 | O8: =IF($A8="","",COUNTIFS(Sheet1!$H$2:$H$5214,$A8,Sheet1!$F$2:$F$5214,">="&'SELECCIÓN YAMI'!$B$4,Sheet1!$F$2:$F$5214,"<="&'SELECCIÓN YAMI'!$B$6)) -> 69
B9: =IF($A9="","",COUNTIFS(Sheet1!$H$2:$H$5214,$A9,Sheet1!$N$2:$N$5214,B$4,Sheet1!$F$2:$F$5214,">="&'SELECCIÓN YAMI'!$B$4,Sheet1!$F$2:$F$5214,"<="&'SELECCIÓN YAMI'!$B$6)) | C9: =IF($A9="","",COUNTIFS(Sheet1!$H$2:$H$5214,$A9,Sheet1!$N$2:$N$5214,C$4,Sheet1!$F$2:$F$5214,">="&'SELECCIÓN YAMI'!$B$4,Sheet1!$F$2:$F$5214,"<="&'SELECCIÓN YAMI'!$B$6)) | D9: =IF($A9="","",COUNTIFS(Sheet1!$H$2:$H$5214,$A9,Sheet1!$N$2:$N$5214,D$4,Sheet1!$F$2:$F$5214,">="&'SELECCIÓN YAMI'!$B$4,Sheet1!$F$2:$F$5214,"<="&'SELECCIÓN YAMI'!$B$6)) | E9: =IF($A9="","",COUNTIFS(Sheet1!$H$2:$H$5214,$A9,Sheet1!$N$2:$N$5214,E$4,Sheet1!$F$2:$F$5214,">="&'SELECCIÓN YAMI'!$B$4,Sheet1!$F$2:$F$5214,"<="&'SELECCIÓN YAMI'!$B$6)) | F9: =IF($A9="","",COUNTIFS(Sheet1!$H$2:$H$5214,$A9,Sheet1!$N$2:$N$5214,F$4,Sheet1!$F$2:$F$5214,">="&'SELECCIÓN YAMI'!$B$4,Sheet1!$F$2:$F$5214,"<="&'SELECCIÓN YAMI'!$B$6)) | G9: =IF($A9="","",COUNTIFS(Sheet1!$H$2:$H$5214,$A9,Sheet1!$N$2:$N$5214,G$4,Sheet1!$F$2:$F$5214,">="&'SELECCIÓN YAMI'!$B$4,Sheet1!$F$2:$F$5214,"<="&'SELECCIÓN YAMI'!$B$6)) | H9: =IF($A9="","",COUNTIFS(Sheet1!$H$2:$H$5214,$A9,Sheet1!$N$2:$N$5214,H$4,Sheet1!$F$2:$F$5214,">="&'SELECCIÓN YAMI'!$B$4,Sheet1!$F$2:$F$5214,"<="&'SELECCIÓN YAMI'!$B$6)) | I9: =IF($A9="","",COUNTIFS(Sheet1!$H$2:$H$5214,$A9,Sheet1!$N$2:$N$5214,I$4,Sheet1!$F$2:$F$5214,">="&'SELECCIÓN YAMI'!$B$4,Sheet1!$F$2:$F$5214,"<="&'SELECCIÓN YAMI'!$B$6)) | J9: =IF($A9="","",SUM(B9:I9)) | K9: =IF($A9="","",J9*'SELECCIÓN YAMI'!$B$7) | L9: =IF($A9="","",COUNTIFS(Sheet1!$H$2:$H$5214,$A9,Sheet1!$N$2:$N$5214,L$4,Sheet1!$F$2:$F$5214,">="&'SELECCIÓN YAMI'!$B$4,Sheet1!$F$2:$F$5214,"<="&'SELECCIÓN YAMI'!$B$6)) | M9: =IF($A9="","",COUNTIFS(Sheet1!$H$2:$H$5214,$A9,Sheet1!$N$2:$N$5214,M$4,Sheet1!$F$2:$F$5214,">="&'SELECCIÓN YAMI'!$B$4,Sheet1!$F$2:$F$5214,"<="&'SELECCIÓN YAMI'!$B$6)) | N9: =IF($A9="","",COUNTIFS(Sheet1!$H$2:$H$5214,$A9,Sheet1!$N$2:$N$5214,N$4,Sheet1!$F$2:$F$5214,">="&'SELECCIÓN YAMI'!$B$4,Sheet1!$F$2:$F$5214,"<="&'SELECCIÓN YAMI'!$B$6)) | O9: =IF($A9="","",COUNTIFS(Sheet1!$H$2:$H$5214,$A9,Sheet1!$F$2:$F$5214,">="&'SELECCIÓN YAMI'!$B$4,Sheet1!$F$2:$F$5214,"<="&'SELECCIÓN YAMI'!$B$6))
B10: =IF($A10="","",COUNTIFS(Sheet1!$H$2:$H$5214,$A10,Sheet1!$N$2:$N$5214,B$4,Sheet1!$F$2:$F$5214,">="&'SELECCIÓN YAMI'!$B$4,Sheet1!$F$2:$F$5214,"<="&'SELECCIÓN YAMI'!$B$6)) | C10: =IF($A10="","",COUNTIFS(Sheet1!$H$2:$H$5214,$A10,Sheet1!$N$2:$N$5214,C$4,Sheet1!$F$2:$F$5214,">="&'SELECCIÓN YAMI'!$B$4,Sheet1!$F$2:$F$5214,"<="&'SELECCIÓN YAMI'!$B$6)) | D10: =IF($A10="","",COUNTIFS(Sheet1!$H$2:$H$5214,$A10,Sheet1!$N$2:$N$5214,D$4,Sheet1!$F$2:$F$5214,">="&'SELECCIÓN YAMI'!$B$4,Sheet1!$F$2:$F$5214,"<="&'SELECCIÓN YAMI'!$B$6)) | E10: =IF($A10="","",COUNTIFS(Sheet1!$H$2:$H$5214,$A10,Sheet1!$N$2:$N$5214,E$4,Sheet1!$F$2:$F$5214,">="&'SELECCIÓN YAMI'!$B$4,Sheet1!$F$2:$F$5214,"<="&'SELECCIÓN YAMI'!$B$6)) | F10: =IF($A10="","",COUNTIFS(Sheet1!$H$2:$H$5214,$A10,Sheet1!$N$2:$N$5214,F$4,Sheet1!$F$2:$F$5214,">="&'SELECCIÓN YAMI'!$B$4,Sheet1!$F$2:$F$5214,"<="&'SELECCIÓN YAMI'!$B$6)) | G10: =IF($A10="","",COUNTIFS(Sheet1!$H$2:$H$5214,$A10,Sheet1!$N$2:$N$5214,G$4,Sheet1!$F$2:$F$5214,">="&'SELECCIÓN YAMI'!$B$4,Sheet1!$F$2:$F$5214,"<="&'SELECCIÓN YAMI'!$B$6)) | H10: =IF($A10="","",COUNTIFS(Sheet1!$H$2:$H$5214,$A10,Sheet1!$N$2:$N$5214,H$4,Sheet1!$F$2:$F$5214,">="&'SELECCIÓN YAMI'!$B$4,Sheet1!$F$2:$F$5214,"<="&'SELECCIÓN YAMI'!$B$6)) | I10: =IF($A10="","",COUNTIFS(Sheet1!$H$2:$H$5214,$A10,Sheet1!$N$2:$N$5214,I$4,Sheet1!$F$2:$F$5214,">="&'SELECCIÓN YAMI'!$B$4,Sheet1!$F$2:$F$5214,"<="&'SELECCIÓN YAMI'!$B$6)) | J10: =IF($A10="","",SUM(B10:I10)) | K10: =IF($A10="","",J10*'SELECCIÓN YAMI'!$B$7) | L10: =IF($A10="","",COUNTIFS(Sheet1!$H$2:$H$5214,$A10,Sheet1!$N$2:$N$5214,L$4,Sheet1!$F$2:$F$5214,">="&'SELECCIÓN YAMI'!$B$4,Sheet1!$F$2:$F$5214,"<="&'SELECCIÓN YAMI'!$B$6)) | M10: =IF($A10="","",COUNTIFS(Sheet1!$H$2:$H$5214,$A10,Sheet1!$N$2:$N$5214,M$4,Sheet1!$F$2:$F$5214,">="&'SELECCIÓN YAMI'!$B$4,Sheet1!$F$2:$F$5214,"<="&'SELECCIÓN YAMI'!$B$6)) | N10: =IF($A10="","",COUNTIFS(Sheet1!$H$2:$H$5214,$A10,Sheet1!$N$2:$N$5214,N$4,Sheet1!$F$2:$F$5214,">="&'SELECCIÓN YAMI'!$B$4,Sheet1!$F$2:$F$5214,"<="&'SELECCIÓN YAMI'!$B$6)) | O10: =IF($A10="","",COUNTIFS(Sheet1!$H$2:$H$5214,$A10,Sheet1!$F$2:$F$5214,">="&'SELECCIÓN YAMI'!$B$4,Sheet1!$F$2:$F$5214,"<="&'SELECCIÓN YAMI'!$B$6))
B11: =IF($A11="","",COUNTIFS(Sheet1!$H$2:$H$5214,$A11,Sheet1!$N$2:$N$5214,B$4,Sheet1!$F$2:$F$5214,">="&'SELECCIÓN YAMI'!$B$4,Sheet1!$F$2:$F$5214,"<="&'SELECCIÓN YAMI'!$B$6)) | C11: =IF($A11="","",COUNTIFS(Sheet1!$H$2:$H$5214,$A11,Sheet1!$N$2:$N$5214,C$4,Sheet1!$F$2:$F$5214,">="&'SELECCIÓN YAMI'!$B$4,Sheet1!$F$2:$F$5214,"<="&'SELECCIÓN YAMI'!$B$6)) | D11: =IF($A11="","",COUNTIFS(Sheet1!$H$2:$H$5214,$A11,Sheet1!$N$2:$N$5214,D$4,Sheet1!$F$2:$F$5214,">="&'SELECCIÓN YAMI'!$B$4,Sheet1!$F$2:$F$5214,"<="&'SELECCIÓN YAMI'!$B$6)) | E11: =IF($A11="","",COUNTIFS(Sheet1!$H$2:$H$5214,$A11,Sheet1!$N$2:$N$5214,E$4,Sheet1!$F$2:$F$5214,">="&'SELECCIÓN YAMI'!$B$4,Sheet1!$F$2:$F$5214,"<="&'SELECCIÓN YAMI'!$B$6)) | F11: =IF($A11="","",COUNTIFS(Sheet1!$H$2:$H$5214,$A11,Sheet1!$N$2:$N$5214,F$4,Sheet1!$F$2:$F$5214,">="&'SELECCIÓN YAMI'!$B$4,Sheet1!$F$2:$F$5214,"<="&'SELECCIÓN YAMI'!$B$6)) | G11: =IF($A11="","",COUNTIFS(Sheet1!$H$2:$H$5214,$A11,Sheet1!$N$2:$N$5214,G$4,Sheet1!$F$2:$F$5214,">="&'SELECCIÓN YAMI'!$B$4,Sheet1!$F$2:$F$5214,"<="&'SELECCIÓN YAMI'!$B$6)) | H11: =IF($A11="","",COUNTIFS(Sheet1!$H$2:$H$5214,$A11,Sheet1!$N$2:$N$5214,H$4,Sheet1!$F$2:$F$5214,">="&'SELECCIÓN YAMI'!$B$4,Sheet1!$F$2:$F$5214,"<="&'SELECCIÓN YAMI'!$B$6)) | I11: =IF($A11="","",COUNTIFS(Sheet1!$H$2:$H$5214,$A11,Sheet1!$N$2:$N$5214,I$4,Sheet1!$F$2:$F$5214,">="&'SELECCIÓN YAMI'!$B$4,Sheet1!$F$2:$F$5214,"<="&'SELECCIÓN YAMI'!$B$6)) | J11: =IF($A11="","",SUM(B11:I11)) | K11: =IF($A11="","",J11*'SELECCIÓN YAMI'!$B$7) | L11: =IF($A11="","",COUNTIFS(Sheet1!$H$2:$H$5214,$A11,Sheet1!$N$2:$N$5214,L$4,Sheet1!$F$2:$F$5214,">="&'SELECCIÓN YAMI'!$B$4,Sheet1!$F$2:$F$5214,"<="&'SELECCIÓN YAMI'!$B$6)) | M11: =IF($A11="","",COUNTIFS(Sheet1!$H$2:$H$5214,$A11,Sheet1!$N$2:$N$5214,M$4,Sheet1!$F$2:$F$5214,">="&'SELECCIÓN YAMI'!$B$4,Sheet1!$F$2:$F$5214,"<="&'SELECCIÓN YAMI'!$B$6)) | N11: =IF($A11="","",COUNTIFS(Sheet1!$H$2:$H$5214,$A11,Sheet1!$N$2:$N$5214,N$4,Sheet1!$F$2:$F$5214,">="&'SELECCIÓN YAMI'!$B$4,Sheet1!$F$2:$F$5214,"<="&'SELECCIÓN YAMI'!$B$6)) | O11: =IF($A11="","",COUNTIFS(Sheet1!$H$2:$H$5214,$A11,Sheet1!$F$2:$F$5214,">="&'SELECCIÓN YAMI'!$B$4,Sheet1!$F$2:$F$5214,"<="&'SELECCIÓN YAMI'!$B$6))
B12: =IF($A12="","",COUNTIFS(Sheet1!$H$2:$H$5214,$A12,Sheet1!$N$2:$N$5214,B$4,Sheet1!$F$2:$F$5214,">="&'SELECCIÓN YAMI'!$B$4,Sheet1!$F$2:$F$5214,"<="&'SELECCIÓN YAMI'!$B$6)) | C12: =IF($A12="","",COUNTIFS(Sheet1!$H$2:$H$5214,$A12,Sheet1!$N$2:$N$5214,C$4,Sheet1!$F$2:$F$5214,">="&'SELECCIÓN YAMI'!$B$4,Sheet1!$F$2:$F$5214,"<="&'SELECCIÓN YAMI'!$B$6)) | D12: =IF($A12="","",COUNTIFS(Sheet1!$H$2:$H$5214,$A12,Sheet1!$N$2:$N$5214,D$4,Sheet1!$F$2:$F$5214,">="&'SELECCIÓN YAMI'!$B$4,Sheet1!$F$2:$F$5214,"<="&'SELECCIÓN YAMI'!$B$6)) | E12: =IF($A12="","",COUNTIFS(Sheet1!$H$2:$H$5214,$A12,Sheet1!$N$2:$N$5214,E$4,Sheet1!$F$2:$F$5214,">="&'SELECCIÓN YAMI'!$B$4,Sheet1!$F$2:$F$5214,"<="&'SELECCIÓN YAMI'!$B$6)) | F12: =IF($A12="","",COUNTIFS(Sheet1!$H$2:$H$5214,$A12,Sheet1!$N$2:$N$5214,F$4,Sheet1!$F$2:$F$5214,">="&'SELECCIÓN YAMI'!$B$4,Sheet1!$F$2:$F$5214,"<="&'SELECCIÓN YAMI'!$B$6)) | G12: =IF($A12="","",COUNTIFS(Sheet1!$H$2:$H$5214,$A12,Sheet1!$N$2:$N$5214,G$4,Sheet1!$F$2:$F$5214,">="&'SELECCIÓN YAMI'!$B$4,Sheet1!$F$2:$F$5214,"<="&'SELECCIÓN YAMI'!$B$6)) | H12: =IF($A12="","",COUNTIFS(Sheet1!$H$2:$H$5214,$A12,Sheet1!$N$2:$N$5214,H$4,Sheet1!$F$2:$F$5214,">="&'SELECCIÓN YAMI'!$B$4,Sheet1!$F$2:$F$5214,"<="&'SELECCIÓN YAMI'!$B$6)) | I12: =IF($A12="","",COUNTIFS(Sheet1!$H$2:$H$5214,$A12,Sheet1!$N$2:$N$5214,I$4,Sheet1!$F$2:$F$5214,">="&'SELECCIÓN YAMI'!$B$4,Sheet1!$F$2:$F$5214,"<="&'SELECCIÓN YAMI'!$B$6)) | J12: =IF($A12="","",SUM(B12:I12)) | K12: =IF($A12="","",J12*'SELECCIÓN YAMI'!$B$7) | L12: =IF($A12="","",COUNTIFS(Sheet1!$H$2:$H$5214,$A12,Sheet1!$N$2:$N$5214,L$4,Sheet1!$F$2:$F$5214,">="&'SELECCIÓN YAMI'!$B$4,Sheet1!$F$2:$F$5214,"<="&'SELECCIÓN YAMI'!$B$6)) | M12: =IF($A12="","",COUNTIFS(Sheet1!$H$2:$H$5214,$A12,Sheet1!$N$2:$N$5214,M$4,Sheet1!$F$2:$F$5214,">="&'SELECCIÓN YAMI'!$B$4,Sheet1!$F$2:$F$5214,"<="&'SELECCIÓN YAMI'!$B$6)) | N12: =IF($A12="","",COUNTIFS(Sheet1!$H$2:$H$5214,$A12,Sheet1!$N$2:$N$5214,N$4,Sheet1!$F$2:$F$5214,">="&'SELECCIÓN YAMI'!$B$4,Sheet1!$F$2:$F$5214,"<="&'SELECCIÓN YAMI'!$B$6)) | O12: =IF($A12="","",COUNTIFS(Sheet1!$H$2:$H$5214,$A12,Sheet1!$F$2:$F$5214,">="&'SELECCIÓN YAMI'!$B$4,Sheet1!$F$2:$F$5214,"<="&'SELECCIÓN YAMI'!$B$6))
B13: =IF($A13="","",COUNTIFS(Sheet1!$H$2:$H$5214,$A13,Sheet1!$N$2:$N$5214,B$4,Sheet1!$F$2:$F$5214,">="&'SELECCIÓN YAMI'!$B$4,Sheet1!$F$2:$F$5214,"<="&'SELECCIÓN YAMI'!$B$6)) | C13: =IF($A13="","",COUNTIFS(Sheet1!$H$2:$H$5214,$A13,Sheet1!$N$2:$N$5214,C$4,Sheet1!$F$2:$F$5214,">="&'SELECCIÓN YAMI'!$B$4,Sheet1!$F$2:$F$5214,"<="&'SELECCIÓN YAMI'!$B$6)) | D13: =IF($A13="","",COUNTIFS(Sheet1!$H$2:$H$5214,$A13,Sheet1!$N$2:$N$5214,D$4,Sheet1!$F$2:$F$5214,">="&'SELECCIÓN YAMI'!$B$4,Sheet1!$F$2:$F$5214,"<="&'SELECCIÓN YAMI'!$B$6)) | E13: =IF($A13="","",COUNTIFS(Sheet1!$H$2:$H$5214,$A13,Sheet1!$N$2:$N$5214,E$4,Sheet1!$F$2:$F$5214,">="&'SELECCIÓN YAMI'!$B$4,Sheet1!$F$2:$F$5214,"<="&'SELECCIÓN YAMI'!$B$6)) | F13: =IF($A13="","",COUNTIFS(Sheet1!$H$2:$H$5214,$A13,Sheet1!$N$2:$N$5214,F$4,Sheet1!$F$2:$F$5214,">="&'SELECCIÓN YAMI'!$B$4,Sheet1!$F$2:$F$5214,"<="&'SELECCIÓN YAMI'!$B$6)) | G13: =IF($A13="","",COUNTIFS(Sheet1!$H$2:$H$5214,$A13,Sheet1!$N$2:$N$5214,G$4,Sheet1!$F$2:$F$5214,">="&'SELECCIÓN YAMI'!$B$4,Sheet1!$F$2:$F$5214,"<="&'SELECCIÓN YAMI'!$B$6)) | H13: =IF($A13="","",COUNTIFS(Sheet1!$H$2:$H$5214,$A13,Sheet1!$N$2:$N$5214,H$4,Sheet1!$F$2:$F$5214,">="&'SELECCIÓN YAMI'!$B$4,Sheet1!$F$2:$F$5214,"<="&'SELECCIÓN YAMI'!$B$6)) | I13: =IF($A13="","",COUNTIFS(Sheet1!$H$2:$H$5214,$A13,Sheet1!$N$2:$N$5214,I$4,Sheet1!$F$2:$F$5214,">="&'SELECCIÓN YAMI'!$B$4,Sheet1!$F$2:$F$5214,"<="&'SELECCIÓN YAMI'!$B$6)) | J13: =IF($A13="","",SUM(B13:I13)) | K13: =IF($A13="","",J13*'SELECCIÓN YAMI'!$B$7) | L13: =IF($A13="","",COUNTIFS(Sheet1!$H$2:$H$5214,$A13,Sheet1!$N$2:$N$5214,L$4,Sheet1!$F$2:$F$5214,">="&'SELECCIÓN YAMI'!$B$4,Sheet1!$F$2:$F$5214,"<="&'SELECCIÓN YAMI'!$B$6)) | M13: =IF($A13="","",COUNTIFS(Sheet1!$H$2:$H$5214,$A13,Sheet1!$N$2:$N$5214,M$4,Sheet1!$F$2:$F$5214,">="&'SELECCIÓN YAMI'!$B$4,Sheet1!$F$2:$F$5214,"<="&'SELECCIÓN YAMI'!$B$6)) | N13: =IF($A13="","",COUNTIFS(Sheet1!$H$2:$H$5214,$A13,Sheet1!$N$2:$N$5214,N$4,Sheet1!$F$2:$F$5214,">="&'SELECCIÓN YAMI'!$B$4,Sheet1!$F$2:$F$5214,"<="&'SELECCIÓN YAMI'!$B$6)) | O13: =IF($A13="","",COUNTIFS(Sheet1!$H$2:$H$5214,$A13,Sheet1!$F$2:$F$5214,">="&'SELECCIÓN YAMI'!$B$4,Sheet1!$F$2:$F$5214,"<="&'SELECCIÓN YAMI'!$B$6))
B14: =IF($A14="","",COUNTIFS(Sheet1!$H$2:$H$5214,$A14,Sheet1!$N$2:$N$5214,B$4,Sheet1!$F$2:$F$5214,">="&'SELECCIÓN YAMI'!$B$4,Sheet1!$F$2:$F$5214,"<="&'SELECCIÓN YAMI'!$B$6)) | C14: =IF($A14="","",COUNTIFS(Sheet1!$H$2:$H$5214,$A14,Sheet1!$N$2:$N$5214,C$4,Sheet1!$F$2:$F$5214,">="&'SELECCIÓN YAMI'!$B$4,Sheet1!$F$2:$F$5214,"<="&'SELECCIÓN YAMI'!$B$6)) | D14: =IF($A14="","",COUNTIFS(Sheet1!$H$2:$H$5214,$A14,Sheet1!$N$2:$N$5214,D$4,Sheet1!$F$2:$F$5214,">="&'SELECCIÓN YAMI'!$B$4,Sheet1!$F$2:$F$5214,"<="&'SELECCIÓN YAMI'!$B$6)) | E14: =IF($A14="","",COUNTIFS(Sheet1!$H$2:$H$5214,$A14,Sheet1!$N$2:$N$5214,E$4,Sheet1!$F$2:$F$5214,">="&'SELECCIÓN YAMI'!$B$4,Sheet1!$F$2:$F$5214,"<="&'SELECCIÓN YAMI'!$B$6)) | F14: =IF($A14="","",COUNTIFS(Sheet1!$H$2:$H$5214,$A14,Sheet1!$N$2:$N$5214,F$4,Sheet1!$F$2:$F$5214,">="&'SELECCIÓN YAMI'!$B$4,Sheet1!$F$2:$F$5214,"<="&'SELECCIÓN YAMI'!$B$6)) | G14: =IF($A14="","",COUNTIFS(Sheet1!$H$2:$H$5214,$A14,Sheet1!$N$2:$N$5214,G$4,Sheet1!$F$2:$F$5214,">="&'SELECCIÓN YAMI'!$B$4,Sheet1!$F$2:$F$5214,"<="&'SELECCIÓN YAMI'!$B$6)) | H14: =IF($A14="","",COUNTIFS(Sheet1!$H$2:$H$5214,$A14,Sheet1!$N$2:$N$5214,H$4,Sheet1!$F$2:$F$5214,">="&'SELECCIÓN YAMI'!$B$4,Sheet1!$F$2:$F$5214,"<="&'SELECCIÓN YAMI'!$B$6)) | I14: =IF($A14="","",COUNTIFS(Sheet1!$H$2:$H$5214,$A14,Sheet1!$N$2:$N$5214,I$4,Sheet1!$F$2:$F$5214,">="&'SELECCIÓN YAMI'!$B$4,Sheet1!$F$2:$F$5214,"<="&'SELECCIÓN YAMI'!$B$6)) | J14: =IF($A14="","",SUM(B14:I14)) | K14: =IF($A14="","",J14*'SELECCIÓN YAMI'!$B$7) | L14: =IF($A14="","",COUNTIFS(Sheet1!$H$2:$H$5214,$A14,Sheet1!$N$2:$N$5214,L$4,Sheet1!$F$2:$F$5214,">="&'SELECCIÓN YAMI'!$B$4,Sheet1!$F$2:$F$5214,"<="&'SELECCIÓN YAMI'!$B$6)) | M14: =IF($A14="","",COUNTIFS(Sheet1!$H$2:$H$5214,$A14,Sheet1!$N$2:$N$5214,M$4,Sheet1!$F$2:$F$5214,">="&'SELECCIÓN YAMI'!$B$4,Sheet1!$F$2:$F$5214,"<="&'SELECCIÓN YAMI'!$B$6)) | N14: =IF($A14="","",COUNTIFS(Sheet1!$H$2:$H$5214,$A14,Sheet1!$N$2:$N$5214,N$4,Sheet1!$F$2:$F$5214,">="&'SELECCIÓN YAMI'!$B$4,Sheet1!$F$2:$F$5214,"<="&'SELECCIÓN YAMI'!$B$6)) | O14: =IF($A14="","",COUNTIFS(Sheet1!$H$2:$H$5214,$A14,Sheet1!$F$2:$F$5214,">="&'SELECCIÓN YAMI'!$B$4,Sheet1!$F$2:$F$5214,"<="&'SELECCIÓN YAMI'!$B$6))
B15: =IF($A15="","",COUNTIFS(Sheet1!$H$2:$H$5214,$A15,Sheet1!$N$2:$N$5214,B$4,Sheet1!$F$2:$F$5214,">="&'SELECCIÓN YAMI'!$B$4,Sheet1!$F$2:$F$5214,"<="&'SELECCIÓN YAMI'!$B$6)) | C15: =IF($A15="","",COUNTIFS(Sheet1!$H$2:$H$5214,$A15,Sheet1!$N$2:$N$5214,C$4,Sheet1!$F$2:$F$5214,">="&'SELECCIÓN YAMI'!$B$4,Sheet1!$F$2:$F$5214,"<="&'SELECCIÓN YAMI'!$B$6)) | D15: =IF($A15="","",COUNTIFS(Sheet1!$H$2:$H$5214,$A15,Sheet1!$N$2:$N$5214,D$4,Sheet1!$F$2:$F$5214,">="&'SELECCIÓN YAMI'!$B$4,Sheet1!$F$2:$F$5214,"<="&'SELECCIÓN YAMI'!$B$6)) | E15: =IF($A15="","",COUNTIFS(Sheet1!$H$2:$H$5214,$A15,Sheet1!$N$2:$N$5214,E$4,Sheet1!$F$2:$F$5214,">="&'SELECCIÓN YAMI'!$B$4,Sheet1!$F$2:$F$5214,"<="&'SELECCIÓN YAMI'!$B$6)) | F15: =IF($A15="","",COUNTIFS(Sheet1!$H$2:$H$5214,$A15,Sheet1!$N$2:$N$5214,F$4,Sheet1!$F$2:$F$5214,">="&'SELECCIÓN YAMI'!$B$4,Sheet1!$F$2:$F$5214,"<="&'SELECCIÓN YAMI'!$B$6)) | G15: =IF($A15="","",COUNTIFS(Sheet1!$H$2:$H$5214,$A15,Sheet1!$N$2:$N$5214,G$4,Sheet1!$F$2:$F$5214,">="&'SELECCIÓN YAMI'!$B$4,Sheet1!$F$2:$F$5214,"<="&'SELECCIÓN YAMI'!$B$6)) | H15: =IF($A15="","",COUNTIFS(Sheet1!$H$2:$H$5214,$A15,Sheet1!$N$2:$N$5214,H$4,Sheet1!$F$2:$F$5214,">="&'SELECCIÓN YAMI'!$B$4,Sheet1!$F$2:$F$5214,"<="&'SELECCIÓN YAMI'!$B$6)) | I15: =IF($A15="","",COUNTIFS(Sheet1!$H$2:$H$5214,$A15,Sheet1!$N$2:$N$5214,I$4,Sheet1!$F$2:$F$5214,">="&'SELECCIÓN YAMI'!$B$4,Sheet1!$F$2:$F$5214,"<="&'SELECCIÓN YAMI'!$B$6)) | J15: =IF($A15="","",SUM(B15:I15)) | K15: =IF($A15="","",J15*'SELECCIÓN YAMI'!$B$7) | L15: =IF($A15="","",COUNTIFS(Sheet1!$H$2:$H$5214,$A15,Sheet1!$N$2:$N$5214,L$4,Sheet1!$F$2:$F$5214,">="&'SELECCIÓN YAMI'!$B$4,Sheet1!$F$2:$F$5214,"<="&'SELECCIÓN YAMI'!$B$6)) | M15: =IF($A15="","",COUNTIFS(Sheet1!$H$2:$H$5214,$A15,Sheet1!$N$2:$N$5214,M$4,Sheet1!$F$2:$F$5214,">="&'SELECCIÓN YAMI'!$B$4,Sheet1!$F$2:$F$5214,"<="&'SELECCIÓN YAMI'!$B$6)) | N15: =IF($A15="","",COUNTIFS(Sheet1!$H$2:$H$5214,$A15,Sheet1!$N$2:$N$5214,N$4,Sheet1!$F$2:$F$5214,">="&'SELECCIÓN YAMI'!$B$4,Sheet1!$F$2:$F$5214,"<="&'SELECCIÓN YAMI'!$B$6)) | O15: =IF($A15="","",COUNTIFS(Sheet1!$H$2:$H$5214,$A15,Sheet1!$F$2:$F$5214,">="&'SELECCIÓN YAMI'!$B$4,Sheet1!$F$2:$F$5214,"<="&'SELECCIÓN YAMI'!$B$6))
B16: =IF($A16="","",COUNTIFS(Sheet1!$H$2:$H$5214,$A16,Sheet1!$N$2:$N$5214,B$4,Sheet1!$F$2:$F$5214,">="&'SELECCIÓN YAMI'!$B$4,Sheet1!$F$2:$F$5214,"<="&'SELECCIÓN YAMI'!$B$6)) | C16: =IF($A16="","",COUNTIFS(Sheet1!$H$2:$H$5214,$A16,Sheet1!$N$2:$N$5214,C$4,Sheet1!$F$2:$F$5214,">="&'SELECCIÓN YAMI'!$B$4,Sheet1!$F$2:$F$5214,"<="&'SELECCIÓN YAMI'!$B$6)) | D16: =IF($A16="","",COUNTIFS(Sheet1!$H$2:$H$5214,$A16,Sheet1!$N$2:$N$5214,D$4,Sheet1!$F$2:$F$5214,">="&'SELECCIÓN YAMI'!$B$4,Sheet1!$F$2:$F$5214,"<="&'SELECCIÓN YAMI'!$B$6)) | E16: =IF($A16="","",COUNTIFS(Sheet1!$H$2:$H$5214,$A16,Sheet1!$N$2:$N$5214,E$4,Sheet1!$F$2:$F$5214,">="&'SELECCIÓN YAMI'!$B$4,Sheet1!$F$2:$F$5214,"<="&'SELECCIÓN YAMI'!$B$6)) | F16: =IF($A16="","",COUNTIFS(Sheet1!$H$2:$H$5214,$A16,Sheet1!$N$2:$N$5214,F$4,Sheet1!$F$2:$F$5214,">="&'SELECCIÓN YAMI'!$B$4,Sheet1!$F$2:$F$5214,"<="&'SELECCIÓN YAMI'!$B$6)) | G16: =IF($A16="","",COUNTIFS(Sheet1!$H$2:$H$5214,$A16,Sheet1!$N$2:$N$5214,G$4,Sheet1!$F$2:$F$5214,">="&'SELECCIÓN YAMI'!$B$4,Sheet1!$F$2:$F$5214,"<="&'SELECCIÓN YAMI'!$B$6)) | H16: =IF($A16="","",COUNTIFS(Sheet1!$H$2:$H$5214,$A16,Sheet1!$N$2:$N$5214,H$4,Sheet1!$F$2:$F$5214,">="&'SELECCIÓN YAMI'!$B$4,Sheet1!$F$2:$F$5214,"<="&'SELECCIÓN YAMI'!$B$6)) | I16: =IF($A16="","",COUNTIFS(Sheet1!$H$2:$H$5214,$A16,Sheet1!$N$2:$N$5214,I$4,Sheet1!$F$2:$F$5214,">="&'SELECCIÓN YAMI'!$B$4,Sheet1!$F$2:$F$5214,"<="&'SELECCIÓN YAMI'!$B$6)) | J16: =IF($A16="","",SUM(B16:I16)) | K16: =IF($A16="","",J16*'SELECCIÓN YAMI'!$B$7) | L16: =IF($A16="","",COUNTIFS(Sheet1!$H$2:$H$5214,$A16,Sheet1!$N$2:$N$5214,L$4,Sheet1!$F$2:$F$5214,">="&'SELECCIÓN YAMI'!$B$4,Sheet1!$F$2:$F$5214,"<="&'SELECCIÓN YAMI'!$B$6)) | M16: =IF($A16="","",COUNTIFS(Sheet1!$H$2:$H$5214,$A16,Sheet1!$N$2:$N$5214,M$4,Sheet1!$F$2:$F$5214,">="&'SELECCIÓN YAMI'!$B$4,Sheet1!$F$2:$F$5214,"<="&'SELECCIÓN YAMI'!$B$6)) | N16: =IF($A16="","",COUNTIFS(Sheet1!$H$2:$H$5214,$A16,Sheet1!$N$2:$N$5214,N$4,Sheet1!$F$2:$F$5214,">="&'SELECCIÓN YAMI'!$B$4,Sheet1!$F$2:$F$5214,"<="&'SELECCIÓN YAMI'!$B$6)) | O16: =IF($A16="","",COUNTIFS(Sheet1!$H$2:$H$5214,$A16,Sheet1!$F$2:$F$5214,">="&'SELECCIÓN YAMI'!$B$4,Sheet1!$F$2:$F$5214,"<="&'SELECCIÓN YAMI'!$B$6))
B17: =IF($A17="","",COUNTIFS(Sheet1!$H$2:$H$5214,$A17,Sheet1!$N$2:$N$5214,B$4,Sheet1!$F$2:$F$5214,">="&'SELECCIÓN YAMI'!$B$4,Sheet1!$F$2:$F$5214,"<="&'SELECCIÓN YAMI'!$B$6)) | C17: =IF($A17="","",COUNTIFS(Sheet1!$H$2:$H$5214,$A17,Sheet1!$N$2:$N$5214,C$4,Sheet1!$F$2:$F$5214,">="&'SELECCIÓN YAMI'!$B$4,Sheet1!$F$2:$F$5214,"<="&'SELECCIÓN YAMI'!$B$6)) | D17: =IF($A17="","",COUNTIFS(Sheet1!$H$2:$H$5214,$A17,Sheet1!$N$2:$N$5214,D$4,Sheet1!$F$2:$F$5214,">="&'SELECCIÓN YAMI'!$B$4,Sheet1!$F$2:$F$5214,"<="&'SELECCIÓN YAMI'!$B$6)) | E17: =IF($A17="","",COUNTIFS(Sheet1!$H$2:$H$5214,$A17,Sheet1!$N$2:$N$5214,E$4,Sheet1!$F$2:$F$5214,">="&'SELECCIÓN YAMI'!$B$4,Sheet1!$F$2:$F$5214,"<="&'SELECCIÓN YAMI'!$B$6)) | F17: =IF($A17="","",COUNTIFS(Sheet1!$H$2:$H$5214,$A17,Sheet1!$N$2:$N$5214,F$4,Sheet1!$F$2:$F$5214,">="&'SELECCIÓN YAMI'!$B$4,Sheet1!$F$2:$F$5214,"<="&'SELECCIÓN YAMI'!$B$6)) | G17: =IF($A17="","",COUNTIFS(Sheet1!$H$2:$H$5214,$A17,Sheet1!$N$2:$N$5214,G$4,Sheet1!$F$2:$F$5214,">="&'SELECCIÓN YAMI'!$B$4,Sheet1!$F$2:$F$5214,"<="&'SELECCIÓN YAMI'!$B$6)) | H17: =IF($A17="","",COUNTIFS(Sheet1!$H$2:$H$5214,$A17,Sheet1!$N$2:$N$5214,H$4,Sheet1!$F$2:$F$5214,">="&'SELECCIÓN YAMI'!$B$4,Sheet1!$F$2:$F$5214,"<="&'SELECCIÓN YAMI'!$B$6)) | I17: =IF($A17="","",COUNTIFS(Sheet1!$H$2:$H$5214,$A17,Sheet1!$N$2:$N$5214,I$4,Sheet1!$F$2:$F$5214,">="&'SELECCIÓN YAMI'!$B$4,Sheet1!$F$2:$F$5214,"<="&'SELECCIÓN YAMI'!$B$6)) | J17: =IF($A17="","",SUM(B17:I17)) | K17: =IF($A17="","",J17*'SELECCIÓN YAMI'!$B$7) | L17: =IF($A17="","",COUNTIFS(Sheet1!$H$2:$H$5214,$A17,Sheet1!$N$2:$N$5214,L$4,Sheet1!$F$2:$F$5214,">="&'SELECCIÓN YAMI'!$B$4,Sheet1!$F$2:$F$5214,"<="&'SELECCIÓN YAMI'!$B$6)) | M17: =IF($A17="","",COUNTIFS(Sheet1!$H$2:$H$5214,$A17,Sheet1!$N$2:$N$5214,M$4,Sheet1!$F$2:$F$5214,">="&'SELECCIÓN YAMI'!$B$4,Sheet1!$F$2:$F$5214,"<="&'SELECCIÓN YAMI'!$B$6)) | N17: =IF($A17="","",COUNTIFS(Sheet1!$H$2:$H$5214,$A17,Sheet1!$N$2:$N$5214,N$4,Sheet1!$F$2:$F$5214,">="&'SELECCIÓN YAMI'!$B$4,Sheet1!$F$2:$F$5214,"<="&'SELECCIÓN YAMI'!$B$6)) | O17: =IF($A17="","",COUNTIFS(Sheet1!$H$2:$H$5214,$A17,Sheet1!$F$2:$F$5214,">="&'SELECCIÓN YAMI'!$B$4,Sheet1!$F$2:$F$5214,"<="&'SELECCIÓN YAMI'!$B$6))
B18: =IF($A18="","",COUNTIFS(Sheet1!$H$2:$H$5214,$A18,Sheet1!$N$2:$N$5214,B$4,Sheet1!$F$2:$F$5214,">="&'SELECCIÓN YAMI'!$B$4,Sheet1!$F$2:$F$5214,"<="&'SELECCIÓN YAMI'!$B$6)) | C18: =IF($A18="","",COUNTIFS(Sheet1!$H$2:$H$5214,$A18,Sheet1!$N$2:$N$5214,C$4,Sheet1!$F$2:$F$5214,">="&'SELECCIÓN YAMI'!$B$4,Sheet1!$F$2:$F$5214,"<="&'SELECCIÓN YAMI'!$B$6)) | D18: =IF($A18="","",COUNTIFS(Sheet1!$H$2:$H$5214,$A18,Sheet1!$N$2:$N$5214,D$4,Sheet1!$F$2:$F$5214,">="&'SELECCIÓN YAMI'!$B$4,Sheet1!$F$2:$F$5214,"<="&'SELECCIÓN YAMI'!$B$6)) | E18: =IF($A18="","",COUNTIFS(Sheet1!$H$2:$H$5214,$A18,Sheet1!$N$2:$N$5214,E$4,Sheet1!$F$2:$F$5214,">="&'SELECCIÓN YAMI'!$B$4,Sheet1!$F$2:$F$5214,"<="&'SELECCIÓN YAMI'!$B$6)) | F18: =IF($A18="","",COUNTIFS(Sheet1!$H$2:$H$5214,$A18,Sheet1!$N$2:$N$5214,F$4,Sheet1!$F$2:$F$5214,">="&'SELECCIÓN YAMI'!$B$4,Sheet1!$F$2:$F$5214,"<="&'SELECCIÓN YAMI'!$B$6)) | G18: =IF($A18="","",COUNTIFS(Sheet1!$H$2:$H$5214,$A18,Sheet1!$N$2:$N$5214,G$4,Sheet1!$F$2:$F$5214,">="&'SELECCIÓN YAMI'!$B$4,Sheet1!$F$2:$F$5214,"<="&'SELECCIÓN YAMI'!$B$6)) | H18: =IF($A18="","",COUNTIFS(Sheet1!$H$2:$H$5214,$A18,Sheet1!$N$2:$N$5214,H$4,Sheet1!$F$2:$F$5214,">="&'SELECCIÓN YAMI'!$B$4,Sheet1!$F$2:$F$5214,"<="&'SELECCIÓN YAMI'!$B$6)) | I18: =IF($A18="","",COUNTIFS(Sheet1!$H$2:$H$5214,$A18,Sheet1!$N$2:$N$5214,I$4,Sheet1!$F$2:$F$5214,">="&'SELECCIÓN YAMI'!$B$4,Sheet1!$F$2:$F$5214,"<="&'SELECCIÓN YAMI'!$B$6)) | J18: =IF($A18="","",SUM(B18:I18)) | K18: =IF($A18="","",J18*'SELECCIÓN YAMI'!$B$7) | L18: =IF($A18="","",COUNTIFS(Sheet1!$H$2:$H$5214,$A18,Sheet1!$N$2:$N$5214,L$4,Sheet1!$F$2:$F$5214,">="&'SELECCIÓN YAMI'!$B$4,Sheet1!$F$2:$F$5214,"<="&'SELECCIÓN YAMI'!$B$6)) | M18: =IF($A18="","",COUNTIFS(Sheet1!$H$2:$H$5214,$A18,Sheet1!$N$2:$N$5214,M$4,Sheet1!$F$2:$F$5214,">="&'SELECCIÓN YAMI'!$B$4,Sheet1!$F$2:$F$5214,"<="&'SELECCIÓN YAMI'!$B$6)) | N18: =IF($A18="","",COUNTIFS(Sheet1!$H$2:$H$5214,$A18,Sheet1!$N$2:$N$5214,N$4,Sheet1!$F$2:$F$5214,">="&'SELECCIÓN YAMI'!$B$4,Sheet1!$F$2:$F$5214,"<="&'SELECCIÓN YAMI'!$B$6)) | O18: =IF($A18="","",COUNTIFS(Sheet1!$H$2:$H$5214,$A18,Sheet1!$F$2:$F$5214,">="&'SELECCIÓN YAMI'!$B$4,Sheet1!$F$2:$F$5214,"<="&'SELECCIÓN YAMI'!$B$6))
B19: =IF($A19="","",COUNTIFS(Sheet1!$H$2:$H$5214,$A19,Sheet1!$N$2:$N$5214,B$4,Sheet1!$F$2:$F$5214,">="&'SELECCIÓN YAMI'!$B$4,Sheet1!$F$2:$F$5214,"<="&'SELECCIÓN YAMI'!$B$6)) | C19: =IF($A19="","",COUNTIFS(Sheet1!$H$2:$H$5214,$A19,Sheet1!$N$2:$N$5214,C$4,Sheet1!$F$2:$F$5214,">="&'SELECCIÓN YAMI'!$B$4,Sheet1!$F$2:$F$5214,"<="&'SELECCIÓN YAMI'!$B$6)) | D19: =IF($A19="","",COUNTIFS(Sheet1!$H$2:$H$5214,$A19,Sheet1!$N$2:$N$5214,D$4,Sheet1!$F$2:$F$5214,">="&'SELECCIÓN YAMI'!$B$4,Sheet1!$F$2:$F$5214,"<="&'SELECCIÓN YAMI'!$B$6)) | E19: =IF($A19="","",COUNTIFS(Sheet1!$H$2:$H$5214,$A19,Sheet1!$N$2:$N$5214,E$4,Sheet1!$F$2:$F$5214,">="&'SELECCIÓN YAMI'!$B$4,Sheet1!$F$2:$F$5214,"<="&'SELECCIÓN YAMI'!$B$6)) | F19: =IF($A19="","",COUNTIFS(Sheet1!$H$2:$H$5214,$A19,Sheet1!$N$2:$N$5214,F$4,Sheet1!$F$2:$F$5214,">="&'SELECCIÓN YAMI'!$B$4,Sheet1!$F$2:$F$5214,"<="&'SELECCIÓN YAMI'!$B$6)) | G19: =IF($A19="","",COUNTIFS(Sheet1!$H$2:$H$5214,$A19,Sheet1!$N$2:$N$5214,G$4,Sheet1!$F$2:$F$5214,">="&'SELECCIÓN YAMI'!$B$4,Sheet1!$F$2:$F$5214,"<="&'SELECCIÓN YAMI'!$B$6)) | H19: =IF($A19="","",COUNTIFS(Sheet1!$H$2:$H$5214,$A19,Sheet1!$N$2:$N$5214,H$4,Sheet1!$F$2:$F$5214,">="&'SELECCIÓN YAMI'!$B$4,Sheet1!$F$2:$F$5214,"<="&'SELECCIÓN YAMI'!$B$6)) | I19: =IF($A19="","",COUNTIFS(Sheet1!$H$2:$H$5214,$A19,Sheet1!$N$2:$N$5214,I$4,Sheet1!$F$2:$F$5214,">="&'SELECCIÓN YAMI'!$B$4,Sheet1!$F$2:$F$5214,"<="&'SELECCIÓN YAMI'!$B$6)) | J19: =IF($A19="","",SUM(B19:I19)) | K19: =IF($A19="","",J19*'SELECCIÓN YAMI'!$B$7) | L19: =IF($A19="","",COUNTIFS(Sheet1!$H$2:$H$5214,$A19,Sheet1!$N$2:$N$5214,L$4,Sheet1!$F$2:$F$5214,">="&'SELECCIÓN YAMI'!$B$4,Sheet1!$F$2:$F$5214,"<="&'SELECCIÓN YAMI'!$B$6)) | M19: =IF($A19="","",COUNTIFS(Sheet1!$H$2:$H$5214,$A19,Sheet1!$N$2:$N$5214,M$4,Sheet1!$F$2:$F$5214,">="&'SELECCIÓN YAMI'!$B$4,Sheet1!$F$2:$F$5214,"<="&'SELECCIÓN YAMI'!$B$6)) | N19: =IF($A19="","",COUNTIFS(Sheet1!$H$2:$H$5214,$A19,Sheet1!$N$2:$N$5214,N$4,Sheet1!$F$2:$F$5214,">="&'SELECCIÓN YAMI'!$B$4,Sheet1!$F$2:$F$5214,"<="&'SELECCIÓN YAMI'!$B$6)) | O19: =IF($A19="","",COUNTIFS(Sheet1!$H$2:$H$5214,$A19,Sheet1!$F$2:$F$5214,">="&'SELECCIÓN YAMI'!$B$4,Sheet1!$F$2:$F$5214,"<="&'SELECCIÓN YAMI'!$B$6))
B20: =IF($A20="","",COUNTIFS(Sheet1!$H$2:$H$5214,$A20,Sheet1!$N$2:$N$5214,B$4,Sheet1!$F$2:$F$5214,">="&'SELECCIÓN YAMI'!$B$4,Sheet1!$F$2:$F$5214,"<="&'SELECCIÓN YAMI'!$B$6)) | C20: =IF($A20="","",COUNTIFS(Sheet1!$H$2:$H$5214,$A20,Sheet1!$N$2:$N$5214,C$4,Sheet1!$F$2:$F$5214,">="&'SELECCIÓN YAMI'!$B$4,Sheet1!$F$2:$F$5214,"<="&'SELECCIÓN YAMI'!$B$6)) | D20: =IF($A20="","",COUNTIFS(Sheet1!$H$2:$H$5214,$A20,Sheet1!$N$2:$N$5214,D$4,Sheet1!$F$2:$F$5214,">="&'SELECCIÓN YAMI'!$B$4,Sheet1!$F$2:$F$5214,"<="&'SELECCIÓN YAMI'!$B$6)) | E20: =IF($A20="","",COUNTIFS(Sheet1!$H$2:$H$5214,$A20,Sheet1!$N$2:$N$5214,E$4,Sheet1!$F$2:$F$5214,">="&'SELECCIÓN YAMI'!$B$4,Sheet1!$F$2:$F$5214,"<="&'SELECCIÓN YAMI'!$B$6)) | F20: =IF($A20="","",COUNTIFS(Sheet1!$H$2:$H$5214,$A20,Sheet1!$N$2:$N$5214,F$4,Sheet1!$F$2:$F$5214,">="&'SELECCIÓN YAMI'!$B$4,Sheet1!$F$2:$F$5214,"<="&'SELECCIÓN YAMI'!$B$6)) | G20: =IF($A20="","",COUNTIFS(Sheet1!$H$2:$H$5214,$A20,Sheet1!$N$2:$N$5214,G$4,Sheet1!$F$2:$F$5214,">="&'SELECCIÓN YAMI'!$B$4,Sheet1!$F$2:$F$5214,"<="&'SELECCIÓN YAMI'!$B$6)) | H20: =IF($A20="","",COUNTIFS(Sheet1!$H$2:$H$5214,$A20,Sheet1!$N$2:$N$5214,H$4,Sheet1!$F$2:$F$5214,">="&'SELECCIÓN YAMI'!$B$4,Sheet1!$F$2:$F$5214,"<="&'SELECCIÓN YAMI'!$B$6)) | I20: =IF($A20="","",COUNTIFS(Sheet1!$H$2:$H$5214,$A20,Sheet1!$N$2:$N$5214,I$4,Sheet1!$F$2:$F$5214,">="&'SELECCIÓN YAMI'!$B$4,Sheet1!$F$2:$F$5214,"<="&'SELECCIÓN YAMI'!$B$6)) | J20: =IF($A20="","",SUM(B20:I20)) | K20: =IF($A20="","",J20*'SELECCIÓN YAMI'!$B$7) | L20: =IF($A20="","",COUNTIFS(Sheet1!$H$2:$H$5214,$A20,Sheet1!$N$2:$N$5214,L$4,Sheet1!$F$2:$F$5214,">="&'SELECCIÓN YAMI'!$B$4,Sheet1!$F$2:$F$5214,"<="&'SELECCIÓN YAMI'!$B$6)) | M20: =IF($A20="","",COUNTIFS(Sheet1!$H$2:$H$5214,$A20,Sheet1!$N$2:$N$5214,M$4,Sheet1!$F$2:$F$5214,">="&'SELECCIÓN YAMI'!$B$4,Sheet1!$F$2:$F$5214,"<="&'SELECCIÓN YAMI'!$B$6)) | N20: =IF($A20="","",COUNTIFS(Sheet1!$H$2:$H$5214,$A20,Sheet1!$N$2:$N$5214,N$4,Sheet1!$F$2:$F$5214,">="&'SELECCIÓN YAMI'!$B$4,Sheet1!$F$2:$F$5214,"<="&'SELECCIÓN YAMI'!$B$6)) | O20: =IF($A20="","",COUNTIFS(Sheet1!$H$2:$H$5214,$A20,Sheet1!$F$2:$F$5214,">="&'SELECCIÓN YAMI'!$B$4,Sheet1!$F$2:$F$5214,"<="&'SELECCIÓN YAMI'!$B$6))
... B22: =IF($A22="","",COUNTIFS(Sheet1!$H$2:$H$5214,$A22,Sheet1!$N$2:$N$5214,B$4,Sheet1!$F$2:$F$5214,">="&'SELECCIÓN YAMI'!$B$4,Sheet1!$F$2:$F$5214,"<="&'SELECCIÓN YAMI'!$B$6)) | C22: =IF($A22="","",COUNTIFS(Sheet1!$H$2:$H$5214,$A22,Sheet1!$N$2:$N$5214,C$4,Sheet1!$F$2:$F$5214,">="&'SELECCIÓN YAMI'!$B$4,Sheet1!$F$2:$F$5214,"<="&'SELECCIÓN YAMI'!$B$6)) | D22: =IF($A22="","",COUNTIFS(Sheet1!$H$2:$H$5214,$A22,Sheet1!$N$2:$N$5214,D$4,Sheet1!$F$2:$F$5214,">="&'SELECCIÓN YAMI'!$B$4,Sheet1!$F$2:$F$5214,"<="&'SELECCIÓN YAMI'!$B$6)) | E22: =IF($A22="","",COUNTIFS(Sheet1!$H$2:$H$5214,$A22,Sheet1!$N$2:$N$5214,E$4,Sheet1!$F$2:$F$5214,">="&'SELECCIÓN YAMI'!$B$4,Sheet1!$F$2:$F$5214,"<="&'SELECCIÓN YAMI'!$B$6)) | F22: =IF($A22="","",COUNTIFS(Sheet1!$H$2:$H$5214,$A22,Sheet1!$N$2:$N$5214,F$4,Sheet1!$F$2:$F$5214,">="&'SELECCIÓN YAMI'!$B$4,Sheet1!$F$2:$F$5214,"<="&'SELECCIÓN YAMI'!$B$6)) | G22: =IF($A22="","",COUNTIFS(Sheet1!$H$2:$H$5214,$A22,Sheet1!$N$2:$N$5214,G$4,Sheet1!$F$2:$F$5214,">="&'SELECCIÓN YAMI'!$B$4,Sheet1!$F$2:$F$5214,"<="&'SELECCIÓN YAMI'!$B$6)) | H22: =IF($A22="","",COUNTIFS(Sheet1!$H$2:$H$5214,$A22,Sheet1!$N$2:$N$5214,H$4,Sheet1!$F$2:$F$5214,">="&'SELECCIÓN YAMI'!$B$4,Sheet1!$F$2:$F$5214,"<="&'SELECCIÓN YAMI'!$B$6)) | I22: =IF($A22="","",COUNTIFS(Sheet1!$H$2:$H$5214,$A22,Sheet1!$N$2:$N$5214,I$4,Sheet1!$F$2:$F$5214,">="&'SELECCIÓN YAMI'!$B$4,Sheet1!$F$2:$F$5214,"<="&'SELECCIÓN YAMI'!$B$6)) | J22: =IF($A22="","",SUM(B22:I22)) | K22: =IF($A22="","",J22*'SELECCIÓN YAMI'!$B$7) | L22: =IF($A22="","",COUNTIFS(Sheet1!$H$2:$H$5214,$A22,Sheet1!$N$2:$N$5214,L$4,Sheet1!$F$2:$F$5214,">="&'SELECCIÓN YAMI'!$B$4,Sheet1!$F$2:$F$5214,"<="&'SELECCIÓN YAMI'!$B$6)) | M22: =IF($A22="","",COUNTIFS(Sheet1!$H$2:$H$5214,$A22,Sheet1!$N$2:$N$5214,M$4,Sheet1!$F$2:$F$5214,">="&'SELECCIÓN YAMI'!$B$4,Sheet1!$F$2:$F$5214,"<="&'SELECCIÓN YAMI'!$B$6)) | N22: =IF($A22="","",COUNTIFS(Sheet1!$H$2:$H$5214,$A22,Sheet1!$N$2:$N$5214,N$4,Sheet1!$F$2:$F$5214,">="&'SELECCIÓN YAMI'!$B$4,Sheet1!$F$2:$F$5214,"<="&'SELECCIÓN YAMI'!$B$6)) | O22: =IF($A22="","",COUNTIFS(Sheet1!$H$2:$H$5214,$A22,Sheet1!$F$2:$F$5214,">="&'SELECCIÓN YAMI'!$B$4,Sheet1!$F$2:$F$5214,"<="&'SELECCIÓN YAMI'!$B$6))
B23: =IF($A23="","",COUNTIFS(Sheet1!$H$2:$H$5214,$A23,Sheet1!$N$2:$N$5214,B$4,Sheet1!$F$2:$F$5214,">="&'SELECCIÓN YAMI'!$B$4,Sheet1!$F$2:$F$5214,"<="&'SELECCIÓN YAMI'!$B$6)) | C23: =IF($A23="","",COUNTIFS(Sheet1!$H$2:$H$5214,$A23,Sheet1!$N$2:$N$5214,C$4,Sheet1!$F$2:$F$5214,">="&'SELECCIÓN YAMI'!$B$4,Sheet1!$F$2:$F$5214,"<="&'SELECCIÓN YAMI'!$B$6)) | E23: =IF($A23="","",COUNTIFS(Sheet1!$H$2:$H$5214,$A23,Sheet1!$N$2:$N$5214,E$4,Sheet1!$F$2:$F$5214,">="&'SELECCIÓN YAMI'!$B$4,Sheet1!$F$2:$F$5214,"<="&'SELECCIÓN YAMI'!$B$6)) | F23: =IF($A23="","",COUNTIFS(Sheet1!$H$2:$H$5214,$A23,Sheet1!$N$2:$N$5214,F$4,Sheet1!$F$2:$F$5214,">="&'SELECCIÓN YAMI'!$B$4,Sheet1!$F$2:$F$5214,"<="&'SELECCIÓN YAMI'!$B$6)) | G23: =IF($A23="","",COUNTIFS(Sheet1!$H$2:$H$5214,$A23,Sheet1!$N$2:$N$5214,G$4,Sheet1!$F$2:$F$5214,">="&'SELECCIÓN YAMI'!$B$4,Sheet1!$F$2:$F$5214,"<="&'SELECCIÓN YAMI'!$B$6)) | H23: =IF($A23="","",COUNTIFS(Sheet1!$H$2:$H$5214,$A23,Sheet1!$N$2:$N$5214,H$4,Sheet1!$F$2:$F$5214,">="&'SELECCIÓN YAMI'!$B$4,Sheet1!$F$2:$F$5214,"<="&'SELECCIÓN YAMI'!$B$6)) | I23: =IF($A23="","",COUNTIFS(Sheet1!$H$2:$H$5214,$A23,Sheet1!$N$2:$N$5214,I$4,Sheet1!$F$2:$F$5214,">="&'SELECCIÓN YAMI'!$B$4,Sheet1!$F$2:$F$5214,"<="&'SELECCIÓN YAMI'!$B$6)) | J23: =IF($A23="","",SUM(B23:I23)) | K23: =IF($A23="","",J23*'SELECCIÓN YAMI'!$B$7) | L23: =IF($A23="","",COUNTIFS(Sheet1!$H$2:$H$5214,$A23,Sheet1!$N$2:$N$5214,L$4,Sheet1!$F$2:$F$5214,">="&'SELECCIÓN YAMI'!$B$4,Sheet1!$F$2:$F$5214,"<="&'SELECCIÓN YAMI'!$B$6)) | M23: =IF($A23="","",COUNTIFS(Sheet1!$H$2:$H$5214,$A23,Sheet1!$N$2:$N$5214,M$4,Sheet1!$F$2:$F$5214,">="&'SELECCIÓN YAMI'!$B$4,Sheet1!$F$2:$F$5214,"<="&'SELECCIÓN YAMI'!$B$6)) | N23: =IF($A23="","",COUNTIFS(Sheet1!$H$2:$H$5214,$A23,Sheet1!$N$2:$N$5214,N$4,Sheet1!$F$2:$F$5214,">="&'SELECCIÓN YAMI'!$B$4,Sheet1!$F$2:$F$5214,"<="&'SELECCIÓN YAMI'!$B$6)) | O23: =IF($A23="","",COUNTIFS(Sheet1!$H$2:$H$5214,$A23,Sheet1!$F$2:$F$5214,">="&'SELECCIÓN YAMI'!$B$4,Sheet1!$F$2:$F$5214,"<="&'SELECCIÓN YAMI'!$B$6))
B24: =IF($A24="","",COUNTIFS(Sheet1!$H$2:$H$5214,$A24,Sheet1!$N$2:$N$5214,B$4,Sheet1!$F$2:$F$5214,">="&'SELECCIÓN YAMI'!$B$4,Sheet1!$F$2:$F$5214,"<="&'SELECCIÓN YAMI'!$B$6)) | C24: =IF($A24="","",COUNTIFS(Sheet1!$H$2:$H$5214,$A24,Sheet1!$N$2:$N$5214,C$4,Sheet1!$F$2:$F$5214,">="&'SELECCIÓN YAMI'!$B$4,Sheet1!$F$2:$F$5214,"<="&'SELECCIÓN YAMI'!$B$6)) | D24: =IF($A24="","",COUNTIFS(Sheet1!$H$2:$H$5214,$A24,Sheet1!$N$2:$N$5214,D$4,Sheet1!$F$2:$F$5214,">="&'SELECCIÓN YAMI'!$B$4,Sheet1!$F$2:$F$5214,"<="&'SELECCIÓN YAMI'!$B$6)) | E24: =IF($A24="","",COUNTIFS(Sheet1!$H$2:$H$5214,$A24,Sheet1!$N$2:$N$5214,E$4,Sheet1!$F$2:$F$5214,">="&'SELECCIÓN YAMI'!$B$4,Sheet1!$F$2:$F$5214,"<="&'SELECCIÓN YAMI'!$B$6)) | F24: =IF($A24="","",COUNTIFS(Sheet1!$H$2:$H$5214,$A24,Sheet1!$N$2:$N$5214,F$4,Sheet1!$F$2:$F$5214,">="&'SELECCIÓN YAMI'!$B$4,Sheet1!$F$2:$F$5214,"<="&'SELECCIÓN YAMI'!$B$6)) | G24: =IF($A24="","",COUNTIFS(Sheet1!$H$2:$H$5214,$A24,Sheet1!$N$2:$N$5214,G$4,Sheet1!$F$2:$F$5214,">="&'SELECCIÓN YAMI'!$B$4,Sheet1!$F$2:$F$5214,"<="&'SELECCIÓN YAMI'!$B$6)) | H24: =IF($A24="","",COUNTIFS(Sheet1!$H$2:$H$5214,$A24,Sheet1!$N$2:$N$5214,H$4,Sheet1!$F$2:$F$5214,">="&'SELECCIÓN YAMI'!$B$4,Sheet1!$F$2:$F$5214,"<="&'SELECCIÓN YAMI'!$B$6)) | I24: =IF($A24="","",COUNTIFS(Sheet1!$H$2:$H$5214,$A24,Sheet1!$N$2:$N$5214,I$4,Sheet1!$F$2:$F$5214,">="&'SELECCIÓN YAMI'!$B$4,Sheet1!$F$2:$F$5214,"<="&'SELECCIÓN YAMI'!$B$6)) | J24: =IF($A24="","",SUM(B24:I24)) | K24: =IF($A24="","",J24*'SELECCIÓN YAMI'!$B$7) | L24: =IF($A24="","",COUNTIFS(Sheet1!$H$2:$H$5214,$A24,Sheet1!$N$2:$N$5214,L$4,Sheet1!$F$2:$F$5214,">="&'SELECCIÓN YAMI'!$B$4,Sheet1!$F$2:$F$5214,"<="&'SELECCIÓN YAMI'!$B$6)) | M24: =IF($A24="","",COUNTIFS(Sheet1!$H$2:$H$5214,$A24,Sheet1!$N$2:$N$5214,M$4,Sheet1!$F$2:$F$5214,">="&'SELECCIÓN YAMI'!$B$4,Sheet1!$F$2:$F$5214,"<="&'SELECCIÓN YAMI'!$B$6)) | N24: =IF($A24="","",COUNTIFS(Sheet1!$H$2:$H$5214,$A24,Sheet1!$N$2:$N$5214,N$4,Sheet1!$F$2:$F$5214,">="&'SELECCIÓN YAMI'!$B$4,Sheet1!$F$2:$F$5214,"<="&'SELECCIÓN YAMI'!$B$6)) | O24: =IF($A24="","",COUNTIFS(Sheet1!$H$2:$H$5214,$A24,Sheet1!$F$2:$F$5214,">="&'SELECCIÓN YAMI'!$B$4,Sheet1!$F$2:$F$5214,"<="&'SELECCIÓN YAMI'!$B$6))
B25: =IF($A25="","",COUNTIFS(Sheet1!$H$2:$H$5214,$A25,Sheet1!$N$2:$N$5214,B$4,Sheet1!$F$2:$F$5214,">="&'SELECCIÓN YAMI'!$B$4,Sheet1!$F$2:$F$5214,"<="&'SELECCIÓN YAMI'!$B$6)) | C25: =IF($A25="","",COUNTIFS(Sheet1!$H$2:$H$5214,$A25,Sheet1!$N$2:$N$5214,C$4,Sheet1!$F$2:$F$5214,">="&'SELECCIÓN YAMI'!$B$4,Sheet1!$F$2:$F$5214,"<="&'SELECCIÓN YAMI'!$B$6)) | D25: =IF($A25="","",COUNTIFS(Sheet1!$H$2:$H$5214,$A25,Sheet1!$N$2:$N$5214,D$4,Sheet1!$F$2:$F$5214,">="&'SELECCIÓN YAMI'!$B$4,Sheet1!$F$2:$F$5214,"<="&'SELECCIÓN YAMI'!$B$6)) | E25: =IF($A25="","",COUNTIFS(Sheet1!$H$2:$H$5214,$A25,Sheet1!$N$2:$N$5214,E$4,Sheet1!$F$2:$F$5214,">="&'SELECCIÓN YAMI'!$B$4,Sheet1!$F$2:$F$5214,"<="&'SELECCIÓN YAMI'!$B$6)) | F25: =IF($A25="","",COUNTIFS(Sheet1!$H$2:$H$5214,$A25,Sheet1!$N$2:$N$5214,F$4,Sheet1!$F$2:$F$5214,">="&'SELECCIÓN YAMI'!$B$4,Sheet1!$F$2:$F$5214,"<="&'SELECCIÓN YAMI'!$B$6)) | G25: =IF($A25="","",COUNTIFS(Sheet1!$H$2:$H$5214,$A25,Sheet1!$N$2:$N$5214,G$4,Sheet1!$F$2:$F$5214,">="&'SELECCIÓN YAMI'!$B$4,Sheet1!$F$2:$F$5214,"<="&'SELECCIÓN YAMI'!$B$6)) | H25: =IF($A25="","",COUNTIFS(Sheet1!$H$2:$H$5214,$A25,Sheet1!$N$2:$N$5214,H$4,Sheet1!$F$2:$F$5214,">="&'SELECCIÓN YAMI'!$B$4,Sheet1!$F$2:$F$5214,"<="&'SELECCIÓN YAMI'!$B$6)) | I25: =IF($A25="","",COUNTIFS(Sheet1!$H$2:$H$5214,$A25,Sheet1!$N$2:$N$5214,I$4,Sheet1!$F$2:$F$5214,">="&'SELECCIÓN YAMI'!$B$4,Sheet1!$F$2:$F$5214,"<="&'SELECCIÓN YAMI'!$B$6)) | J25: =IF($A25="","",SUM(B25:I25)) | K25: =IF($A25="","",J25*'SELECCIÓN YAMI'!$B$7) | L25: =IF($A25="","",COUNTIFS(Sheet1!$H$2:$H$5214,$A25,Sheet1!$N$2:$N$5214,L$4,Sheet1!$F$2:$F$5214,">="&'SELECCIÓN YAMI'!$B$4,Sheet1!$F$2:$F$5214,"<="&'SELECCIÓN YAMI'!$B$6)) | M25: =IF($A25="","",COUNTIFS(Sheet1!$H$2:$H$5214,$A25,Sheet1!$N$2:$N$5214,M$4,Sheet1!$F$2:$F$5214,">="&'SELECCIÓN YAMI'!$B$4,Sheet1!$F$2:$F$5214,"<="&'SELECCIÓN YAMI'!$B$6)) | N25: =IF($A25="","",COUNTIFS(Sheet1!$H$2:$H$5214,$A25,Sheet1!$N$2:$N$5214,N$4,Sheet1!$F$2:$F$5214,">="&'SELECCIÓN YAMI'!$B$4,Sheet1!$F$2:$F$5214,"<="&'SELECCIÓN YAMI'!$B$6)) | O25: =IF($A25="","",COUNTIFS(Sheet1!$H$2:$H$5214,$A25,Sheet1!$F$2:$F$5214,">="&'SELECCIÓN YAMI'!$B$4,Sheet1!$F$2:$F$5214,"<="&'SELECCIÓN YAMI'!$B$6))
B26: =IF($A26="","",COUNTIFS(Sheet1!$H$2:$H$5214,$A26,Sheet1!$N$2:$N$5214,B$4,Sheet1!$F$2:$F$5214,">="&'SELECCIÓN YAMI'!$B$4,Sheet1!$F$2:$F$5214,"<="&'SELECCIÓN YAMI'!$B$6)) | C26: =IF($A26="","",COUNTIFS(Sheet1!$H$2:$H$5214,$A26,Sheet1!$N$2:$N$5214,C$4,Sheet1!$F$2:$F$5214,">="&'SELECCIÓN YAMI'!$B$4,Sheet1!$F$2:$F$5214,"<="&'SELECCIÓN YAMI'!$B$6)) | D26: =IF($A26="","",COUNTIFS(Sheet1!$H$2:$H$5214,$A26,Sheet1!$N$2:$N$5214,D$4,Sheet1!$F$2:$F$5214,">="&'SELECCIÓN YAMI'!$B$4,Sheet1!$F$2:$F$5214,"<="&'SELECCIÓN YAMI'!$B$6)) | E26: =IF($A26="","",COUNTIFS(Sheet1!$H$2:$H$5214,$A26,Sheet1!$N$2:$N$5214,E$4,Sheet1!$F$2:$F$5214,">="&'SELECCIÓN YAMI'!$B$4,Sheet1!$F$2:$F$5214,"<="&'SELECCIÓN YAMI'!$B$6)) | F26: =IF($A26="","",COUNTIFS(Sheet1!$H$2:$H$5214,$A26,Sheet1!$N$2:$N$5214,F$4,Sheet1!$F$2:$F$5214,">="&'SELECCIÓN YAMI'!$B$4,Sheet1!$F$2:$F$5214,"<="&'SELECCIÓN YAMI'!$B$6)) | G26: =IF($A26="","",COUNTIFS(Sheet1!$H$2:$H$5214,$A26,Sheet1!$N$2:$N$5214,G$4,Sheet1!$F$2:$F$5214,">="&'SELECCIÓN YAMI'!$B$4,Sheet1!$F$2:$F$5214,"<="&'SELECCIÓN YAMI'!$B$6)) | H26: =IF($A26="","",COUNTIFS(Sheet1!$H$2:$H$5214,$A26,Sheet1!$N$2:$N$5214,H$4,Sheet1!$F$2:$F$5214,">="&'SELECCIÓN YAMI'!$B$4,Sheet1!$F$2:$F$5214,"<="&'SELECCIÓN YAMI'!$B$6)) | I26: =IF($A26="","",COUNTIFS(Sheet1!$H$2:$H$5214,$A26,Sheet1!$N$2:$N$5214,I$4,Sheet1!$F$2:$F$5214,">="&'SELECCIÓN YAMI'!$B$4,Sheet1!$F$2:$F$5214,"<="&'SELECCIÓN YAMI'!$B$6)) | J26: =IF($A26="","",SUM(B26:I26)) | K26: =IF($A26="","",J26*'SELECCIÓN YAMI'!$B$7) | L26: =IF($A26="","",COUNTIFS(Sheet1!$H$2:$H$5214,$A26,Sheet1!$N$2:$N$5214,L$4,Sheet1!$F$2:$F$5214,">="&'SELECCIÓN YAMI'!$B$4,Sheet1!$F$2:$F$5214,"<="&'SELECCIÓN YAMI'!$B$6)) | M26: =IF($A26="","",COUNTIFS(Sheet1!$H$2:$H$5214,$A26,Sheet1!$N$2:$N$5214,M$4,Sheet1!$F$2:$F$5214,">="&'SELECCIÓN YAMI'!$B$4,Sheet1!$F$2:$F$5214,"<="&'SELECCIÓN YAMI'!$B$6)) | N26: =IF($A26="","",COUNTIFS(Sheet1!$H$2:$H$5214,$A26,Sheet1!$N$2:$N$5214,N$4,Sheet1!$F$2:$F$5214,">="&'SELECCIÓN YAMI'!$B$4,Sheet1!$F$2:$F$5214,"<="&'SELECCIÓN YAMI'!$B$6)) | O26: =IF($A26="","",COUNTIFS(Sheet1!$H$2:$H$5214,$A26,Sheet1!$F$2:$F$5214,">="&'SELECCIÓN YAMI'!$B$4,Sheet1!$F$2:$F$5214,"<="&'SELECCIÓN YAMI'!$B$6))
B27: =IF($A27="","",COUNTIFS(Sheet1!$H$2:$H$5214,$A27,Sheet1!$N$2:$N$5214,B$4,Sheet1!$F$2:$F$5214,">="&'SELECCIÓN YAMI'!$B$4,Sheet1!$F$2:$F$5214,"<="&'SELECCIÓN YAMI'!$B$6)) | C27: =IF($A27="","",COUNTIFS(Sheet1!$H$2:$H$5214,$A27,Sheet1!$N$2:$N$5214,C$4,Sheet1!$F$2:$F$5214,">="&'SELECCIÓN YAMI'!$B$4,Sheet1!$F$2:$F$5214,"<="&'SELECCIÓN YAMI'!$B$6)) | D27: =IF($A27="","",COUNTIFS(Sheet1!$H$2:$H$5214,$A27,Sheet1!$N$2:$N$5214,D$4,Sheet1!$F$2:$F$5214,">="&'SELECCIÓN YAMI'!$B$4,Sheet1!$F$2:$F$5214,"<="&'SELECCIÓN YAMI'!$B$6)) | E27: =IF($A27="","",COUNTIFS(Sheet1!$H$2:$H$5214,$A27,Sheet1!$N$2:$N$5214,E$4,Sheet1!$F$2:$F$5214,">="&'SELECCIÓN YAMI'!$B$4,Sheet1!$F$2:$F$5214,"<="&'SELECCIÓN YAMI'!$B$6)) | F27: =IF($A27="","",COUNTIFS(Sheet1!$H$2:$H$5214,$A27,Sheet1!$N$2:$N$5214,F$4,Sheet1!$F$2:$F$5214,">="&'SELECCIÓN YAMI'!$B$4,Sheet1!$F$2:$F$5214,"<="&'SELECCIÓN YAMI'!$B$6)) | G27: =IF($A27="","",COUNTIFS(Sheet1!$H$2:$H$5214,$A27,Sheet1!$N$2:$N$5214,G$4,Sheet1!$F$2:$F$5214,">="&'SELECCIÓN YAMI'!$B$4,Sheet1!$F$2:$F$5214,"<="&'SELECCIÓN YAMI'!$B$6)) | H27: =IF($A27="","",COUNTIFS(Sheet1!$H$2:$H$5214,$A27,Sheet1!$N$2:$N$5214,H$4,Sheet1!$F$2:$F$5214,">="&'SELECCIÓN YAMI'!$B$4,Sheet1!$F$2:$F$5214,"<="&'SELECCIÓN YAMI'!$B$6)) | I27: =IF($A27="","",COUNTIFS(Sheet1!$H$2:$H$5214,$A27,Sheet1!$N$2:$N$5214,I$4,Sheet1!$F$2:$F$5214,">="&'SELECCIÓN YAMI'!$B$4,Sheet1!$F$2:$F$5214,"<="&'SELECCIÓN YAMI'!$B$6)) | J27: =IF($A27="","",SUM(B27:I27)) | K27: =IF($A27="","",J27*'SELECCIÓN YAMI'!$B$7) | L27: =IF($A27="","",COUNTIFS(Sheet1!$H$2:$H$5214,$A27,Sheet1!$N$2:$N$5214,L$4,Sheet1!$F$2:$F$5214,">="&'SELECCIÓN YAMI'!$B$4,Sheet1!$F$2:$F$5214,"<="&'SELECCIÓN YAMI'!$B$6)) | M27: =IF($A27="","",COUNTIFS(Sheet1!$H$2:$H$5214,$A27,Sheet1!$N$2:$N$5214,M$4,Sheet1!$F$2:$F$5214,">="&'SELECCIÓN YAMI'!$B$4,Sheet1!$F$2:$F$5214,"<="&'SELECCIÓN YAMI'!$B$6)) | N27: =IF($A27="","",COUNTIFS(Sheet1!$H$2:$H$5214,$A27,Sheet1!$N$2:$N$5214,N$4,Sheet1!$F$2:$F$5214,">="&'SELECCIÓN YAMI'!$B$4,Sheet1!$F$2:$F$5214,"<="&'SELECCIÓN YAMI'!$B$6)) | O27: =IF($A27="","",COUNTIFS(Sheet1!$H$2:$H$5214,$A27,Sheet1!$F$2:$F$5214,">="&'SELECCIÓN YAMI'!$B$4,Sheet1!$F$2:$F$5214,"<="&'SELECCIÓN YAMI'!$B$6))
B28: =IF($A28="","",COUNTIFS(Sheet1!$H$2:$H$5214,$A28,Sheet1!$N$2:$N$5214,B$4,Sheet1!$F$2:$F$5214,">="&'SELECCIÓN YAMI'!$B$4,Sheet1!$F$2:$F$5214,"<="&'SELECCIÓN YAMI'!$B$6)) | C28: =IF($A28="","",COUNTIFS(Sheet1!$H$2:$H$5214,$A28,Sheet1!$N$2:$N$5214,C$4,Sheet1!$F$2:$F$5214,">="&'SELECCIÓN YAMI'!$B$4,Sheet1!$F$2:$F$5214,"<="&'SELECCIÓN YAMI'!$B$6)) | D28: =IF($A28="","",COUNTIFS(Sheet1!$H$2:$H$5214,$A28,Sheet1!$N$2:$N$5214,D$4,Sheet1!$F$2:$F$5214,">="&'SELECCIÓN YAMI'!$B$4,Sheet1!$F$2:$F$5214,"<="&'SELECCIÓN YAMI'!$B$6)) | E28: =IF($A28="","",COUNTIFS(Sheet1!$H$2:$H$5214,$A28,Sheet1!$N$2:$N$5214,E$4,Sheet1!$F$2:$F$5214,">="&'SELECCIÓN YAMI'!$B$4,Sheet1!$F$2:$F$5214,"<="&'SELECCIÓN YAMI'!$B$6)) | F28: =IF($A28="","",COUNTIFS(Sheet1!$H$2:$H$5214,$A28,Sheet1!$N$2:$N$5214,F$4,Sheet1!$F$2:$F$5214,">="&'SELECCIÓN YAMI'!$B$4,Sheet1!$F$2:$F$5214,"<="&'SELECCIÓN YAMI'!$B$6)) | G28: =IF($A28="","",COUNTIFS(Sheet1!$H$2:$H$5214,$A28,Sheet1!$N$2:$N$5214,G$4,Sheet1!$F$2:$F$5214,">="&'SELECCIÓN YAMI'!$B$4,Sheet1!$F$2:$F$5214,"<="&'SELECCIÓN YAMI'!$B$6)) | H28: =IF($A28="","",COUNTIFS(Sheet1!$H$2:$H$5214,$A28,Sheet1!$N$2:$N$5214,H$4,Sheet1!$F$2:$F$5214,">="&'SELECCIÓN YAMI'!$B$4,Sheet1!$F$2:$F$5214,"<="&'SELECCIÓN YAMI'!$B$6)) | I28: =IF($A28="","",COUNTIFS(Sheet1!$H$2:$H$5214,$A28,Sheet1!$N$2:$N$5214,I$4,Sheet1!$F$2:$F$5214,">="&'SELECCIÓN YAMI'!$B$4,Sheet1!$F$2:$F$5214,"<="&'SELECCIÓN YAMI'!$B$6)) | J28: =IF($A28="","",SUM(B28:I28)) | K28: =IF($A28="","",J28*'SELECCIÓN YAMI'!$B$7) | L28: =IF($A28="","",COUNTIFS(Sheet1!$H$2:$H$5214,$A28,Sheet1!$N$2:$N$5214,L$4,Sheet1!$F$2:$F$5214,">="&'SELECCIÓN YAMI'!$B$4,Sheet1!$F$2:$F$5214,"<="&'SELECCIÓN YAMI'!$B$6)) | M28: =IF($A28="","",COUNTIFS(Sheet1!$H$2:$H$5214,$A28,Sheet1!$N$2:$N$5214,M$4,Sheet1!$F$2:$F$5214,">="&'SELECCIÓN YAMI'!$B$4,Sheet1!$F$2:$F$5214,"<="&'SELECCIÓN YAMI'!$B$6)) | N28: =IF($A28="","",COUNTIFS(Sheet1!$H$2:$H$5214,$A28,Sheet1!$N$2:$N$5214,N$4,Sheet1!$F$2:$F$5214,">="&'SELECCIÓN YAMI'!$B$4,Sheet1!$F$2:$F$5214,"<="&'SELECCIÓN YAMI'!$B$6)) | O28: =IF($A28="","",COUNTIFS(Sheet1!$H$2:$H$5214,$A28,Sheet1!$F$2:$F$5214,">="&'SELECCIÓN YAMI'!$B$4,Sheet1!$F$2:$F$5214,"<="&'SELECCIÓN YAMI'!$B$6))
B29: =IF($A29="","",COUNTIFS(Sheet1!$H$2:$H$5214,$A29,Sheet1!$N$2:$N$5214,B$4,Sheet1!$F$2:$F$5214,">="&'SELECCIÓN YAMI'!$B$4,Sheet1!$F$2:$F$5214,"<="&'SELECCIÓN YAMI'!$B$6)) | C29: =IF($A29="","",COUNTIFS(Sheet1!$H$2:$H$5214,$A29,Sheet1!$N$2:$N$5214,C$4,Sheet1!$F$2:$F$5214,">="&'SELECCIÓN YAMI'!$B$4,Sheet1!$F$2:$F$5214,"<="&'SELECCIÓN YAMI'!$B$6)) | D29: =IF($A29="","",COUNTIFS(Sheet1!$H$2:$H$5214,$A29,Sheet1!$N$2:$N$5214,D$4,Sheet1!$F$2:$F$5214,">="&'SELECCIÓN YAMI'!$B$4,Sheet1!$F$2:$F$5214,"<="&'SELECCIÓN YAMI'!$B$6)) | E29: =IF($A29="","",COUNTIFS(Sheet1!$H$2:$H$5214,$A29,Sheet1!$N$2:$N$5214,E$4,Sheet1!$F$2:$F$5214,">="&'SELECCIÓN YAMI'!$B$4,Sheet1!$F$2:$F$5214,"<="&'SELECCIÓN YAMI'!$B$6)) | F29: =IF($A29="","",COUNTIFS(Sheet1!$H$2:$H$5214,$A29,Sheet1!$N$2:$N$5214,F$4,Sheet1!$F$2:$F$5214,">="&'SELECCIÓN YAMI'!$B$4,Sheet1!$F$2:$F$5214,"<="&'SELECCIÓN YAMI'!$B$6)) | G29: =IF($A29="","",COUNTIFS(Sheet1!$H$2:$H$5214,$A29,Sheet1!$N$2:$N$5214,G$4,Sheet1!$F$2:$F$5214,">="&'SELECCIÓN YAMI'!$B$4,Sheet1!$F$2:$F$5214,"<="&'SELECCIÓN YAMI'!$B$6)) | H29: =IF($A29="","",COUNTIFS(Sheet1!$H$2:$H$5214,$A29,Sheet1!$N$2:$N$5214,H$4,Sheet1!$F$2:$F$5214,">="&'SELECCIÓN YAMI'!$B$4,Sheet1!$F$2:$F$5214,"<="&'SELECCIÓN YAMI'!$B$6)) | I29: =IF($A29="","",COUNTIFS(Sheet1!$H$2:$H$5214,$A29,Sheet1!$N$2:$N$5214,I$4,Sheet1!$F$2:$F$5214,">="&'SELECCIÓN YAMI'!$B$4,Sheet1!$F$2:$F$5214,"<="&'SELECCIÓN YAMI'!$B$6)) | J29: =IF($A29="","",SUM(B29:I29)) | K29: =IF($A29="","",J29*'SELECCIÓN YAMI'!$B$7) | L29: =IF($A29="","",COUNTIFS(Sheet1!$H$2:$H$5214,$A29,Sheet1!$N$2:$N$5214,L$4,Sheet1!$F$2:$F$5214,">="&'SELECCIÓN YAMI'!$B$4,Sheet1!$F$2:$F$5214,"<="&'SELECCIÓN YAMI'!$B$6)) | M29: =IF($A29="","",COUNTIFS(Sheet1!$H$2:$H$5214,$A29,Sheet1!$N$2:$N$5214,M$4,Sheet1!$F$2:$F$5214,">="&'SELECCIÓN YAMI'!$B$4,Sheet1!$F$2:$F$5214,"<="&'SELECCIÓN YAMI'!$B$6)) | N29: =IF($A29="","",COUNTIFS(Sheet1!$H$2:$H$5214,$A29,Sheet1!$N$2:$N$5214,N$4,Sheet1!$F$2:$F$5214,">="&'SELECCIÓN YAMI'!$B$4,Sheet1!$F$2:$F$5214,"<="&'SELECCIÓN YAMI'!$B$6)) | O29: =IF($A29="","",COUNTIFS(Sheet1!$H$2:$H$5214,$A29,Sheet1!$F$2:$F$5214,">="&'SELECCIÓN YAMI'!$B$4,Sheet1!$F$2:$F$5214,"<="&'SELECCIÓN YAMI'!$B$6))
B30: =IF($A30="","",COUNTIFS(Sheet1!$H$2:$H$5214,$A30,Sheet1!$N$2:$N$5214,B$4,Sheet1!$F$2:$F$5214,">="&'SELECCIÓN YAMI'!$B$4,Sheet1!$F$2:$F$5214,"<="&'SELECCIÓN YAMI'!$B$6)) | C30: =IF($A30="","",COUNTIFS(Sheet1!$H$2:$H$5214,$A30,Sheet1!$N$2:$N$5214,C$4,Sheet1!$F$2:$F$5214,">="&'SELECCIÓN YAMI'!$B$4,Sheet1!$F$2:$F$5214,"<="&'SELECCIÓN YAMI'!$B$6)) | D30: =IF($A30="","",COUNTIFS(Sheet1!$H$2:$H$5214,$A30,Sheet1!$N$2:$N$5214,D$4,Sheet1!$F$2:$F$5214,">="&'SELECCIÓN YAMI'!$B$4,Sheet1!$F$2:$F$5214,"<="&'SELECCIÓN YAMI'!$B$6)) | E30: =IF($A30="","",COUNTIFS(Sheet1!$H$2:$H$5214,$A30,Sheet1!$N$2:$N$5214,E$4,Sheet1!$F$2:$F$5214,">="&'SELECCIÓN YAMI'!$B$4,Sheet1!$F$2:$F$5214,"<="&'SELECCIÓN YAMI'!$B$6)) | F30: =IF($A30="","",COUNTIFS(Sheet1!$H$2:$H$5214,$A30,Sheet1!$N$2:$N$5214,F$4,Sheet1!$F$2:$F$5214,">="&'SELECCIÓN YAMI'!$B$4,Sheet1!$F$2:$F$5214,"<="&'SELECCIÓN YAMI'!$B$6)) | G30: =IF($A30="","",COUNTIFS(Sheet1!$H$2:$H$5214,$A30,Sheet1!$N$2:$N$5214,G$4,Sheet1!$F$2:$F$5214,">="&'SELECCIÓN YAMI'!$B$4,Sheet1!$F$2:$F$5214,"<="&'SELECCIÓN YAMI'!$B$6)) | H30: =IF($A30="","",COUNTIFS(Sheet1!$H$2:$H$5214,$A30,Sheet1!$N$2:$N$5214,H$4,Sheet1!$F$2:$F$5214,">="&'SELECCIÓN YAMI'!$B$4,Sheet1!$F$2:$F$5214,"<="&'SELECCIÓN YAMI'!$B$6)) | I30: =IF($A30="","",COUNTIFS(Sheet1!$H$2:$H$5214,$A30,Sheet1!$N$2:$N$5214,I$4,Sheet1!$F$2:$F$5214,">="&'SELECCIÓN YAMI'!$B$4,Sheet1!$F$2:$F$5214,"<="&'SELECCIÓN YAMI'!$B$6)) | J30: =IF($A30="","",SUM(B30:I30)) | K30: =IF($A30="","",J30*'SELECCIÓN YAMI'!$B$7) | L30: =IF($A30="","",COUNTIFS(Sheet1!$H$2:$H$5214,$A30,Sheet1!$N$2:$N$5214,L$4,Sheet1!$F$2:$F$5214,">="&'SELECCIÓN YAMI'!$B$4,Sheet1!$F$2:$F$5214,"<="&'SELECCIÓN YAMI'!$B$6)) | M30: =IF($A30="","",COUNTIFS(Sheet1!$H$2:$H$5214,$A30,Sheet1!$N$2:$N$5214,M$4,Sheet1!$F$2:$F$5214,">="&'SELECCIÓN YAMI'!$B$4,Sheet1!$F$2:$F$5214,"<="&'SELECCIÓN YAMI'!$B$6)) | N30: =IF($A30="","",COUNTIFS(Sheet1!$H$2:$H$5214,$A30,Sheet1!$N$2:$N$5214,N$4,Sheet1!$F$2:$F$5214,">="&'SELECCIÓN YAMI'!$B$4,Sheet1!$F$2:$F$5214,"<="&'SELECCIÓN YAMI'!$B$6)) | O30: =IF($A30="","",COUNTIFS(Sheet1!$H$2:$H$5214,$A30,Sheet1!$F$2:$F$5214,">="&'SELECCIÓN YAMI'!$B$4,Sheet1!$F$2:$F$5214,"<="&'SELECCIÓN YAMI'!$B$6))
B31: =IF($A31="","",COUNTIFS(Sheet1!$H$2:$H$5214,$A31,Sheet1!$N$2:$N$5214,B$4,Sheet1!$F$2:$F$5214,">="&'SELECCIÓN YAMI'!$B$4,Sheet1!$F$2:$F$5214,"<="&'SELECCIÓN YAMI'!$B$6)) | C31: =IF($A31="","",COUNTIFS(Sheet1!$H$2:$H$5214,$A31,Sheet1!$N$2:$N$5214,C$4,Sheet1!$F$2:$F$5214,">="&'SELECCIÓN YAMI'!$B$4,Sheet1!$F$2:$F$5214,"<="&'SELECCIÓN YAMI'!$B$6)) | D31: =IF($A31="","",COUNTIFS(Sheet1!$H$2:$H$5214,$A31,Sheet1!$N$2:$N$5214,D$4,Sheet1!$F$2:$F$5214,">="&'SELECCIÓN YAMI'!$B$4,Sheet1!$F$2:$F$5214,"<="&'SELECCIÓN YAMI'!$B$6)) | E31: =IF($A31="","",COUNTIFS(Sheet1!$H$2:$H$5214,$A31,Sheet1!$N$2:$N$5214,E$4,Sheet1!$F$2:$F$5214,">="&'SELECCIÓN YAMI'!$B$4,Sheet1!$F$2:$F$5214,"<="&'SELECCIÓN YAMI'!$B$6)) | F31: =IF($A31="","",COUNTIFS(Sheet1!$H$2:$H$5214,$A31,Sheet1!$N$2:$N$5214,F$4,Sheet1!$F$2:$F$5214,">="&'SELECCIÓN YAMI'!$B$4,Sheet1!$F$2:$F$5214,"<="&'SELECCIÓN YAMI'!$B$6)) | G31: =IF($A31="","",COUNTIFS(Sheet1!$H$2:$H$5214,$A31,Sheet1!$N$2:$N$5214,G$4,Sheet1!$F$2:$F$5214,">="&'SELECCIÓN YAMI'!$B$4,Sheet1!$F$2:$F$5214,"<="&'SELECCIÓN YAMI'!$B$6)) | H31: =IF($A31="","",COUNTIFS(Sheet1!$H$2:$H$5214,$A31,Sheet1!$N$2:$N$5214,H$4,Sheet1!$F$2:$F$5214,">="&'SELECCIÓN YAMI'!$B$4,Sheet1!$F$2:$F$5214,"<="&'SELECCIÓN YAMI'!$B$6)) | I31: =IF($A31="","",COUNTIFS(Sheet1!$H$2:$H$5214,$A31,Sheet1!$N$2:$N$5214,I$4,Sheet1!$F$2:$F$5214,">="&'SELECCIÓN YAMI'!$B$4,Sheet1!$F$2:$F$5214,"<="&'SELECCIÓN YAMI'!$B$6)) | J31: =IF($A31="","",SUM(B31:I31)) | K31: =IF($A31="","",J31*'SELECCIÓN YAMI'!$B$7) | L31: =IF($A31="","",COUNTIFS(Sheet1!$H$2:$H$5214,$A31,Sheet1!$N$2:$N$5214,L$4,Sheet1!$F$2:$F$5214,">="&'SELECCIÓN YAMI'!$B$4,Sheet1!$F$2:$F$5214,"<="&'SELECCIÓN YAMI'!$B$6)) | M31: =IF($A31="","",COUNTIFS(Sheet1!$H$2:$H$5214,$A31,Sheet1!$N$2:$N$5214,M$4,Sheet1!$F$2:$F$5214,">="&'SELECCIÓN YAMI'!$B$4,Sheet1!$F$2:$F$5214,"<="&'SELECCIÓN YAMI'!$B$6)) | N31: =IF($A31="","",COUNTIFS(Sheet1!$H$2:$H$5214,$A31,Sheet1!$N$2:$N$5214,N$4,Sheet1!$F$2:$F$5214,">="&'SELECCIÓN YAMI'!$B$4,Sheet1!$F$2:$F$5214,"<="&'SELECCIÓN YAMI'!$B$6)) | O31: =IF($A31="","",COUNTIFS(Sheet1!$H$2:$H$5214,$A31,Sheet1!$F$2:$F$5214,">="&'SELECCIÓN YAMI'!$B$4,Sheet1!$F$2:$F$5214,"<="&'SELECCIÓN YAMI'!$B$6))
B32: =IF($A32="","",COUNTIFS(Sheet1!$H$2:$H$5214,$A32,Sheet1!$N$2:$N$5214,B$4,Sheet1!$F$2:$F$5214,">="&'SELECCIÓN YAMI'!$B$4,Sheet1!$F$2:$F$5214,"<="&'SELECCIÓN YAMI'!$B$6)) | C32: =IF($A32="","",COUNTIFS(Sheet1!$H$2:$H$5214,$A32,Sheet1!$N$2:$N$5214,C$4,Sheet1!$F$2:$F$5214,">="&'SELECCIÓN YAMI'!$B$4,Sheet1!$F$2:$F$5214,"<="&'SELECCIÓN YAMI'!$B$6)) | D32: =IF($A32="","",COUNTIFS(Sheet1!$H$2:$H$5214,$A32,Sheet1!$N$2:$N$5214,D$4,Sheet1!$F$2:$F$5214,">="&'SELECCIÓN YAMI'!$B$4,Sheet1!$F$2:$F$5214,"<="&'SELECCIÓN YAMI'!$B$6)) | E32: =IF($A32="","",COUNTIFS(Sheet1!$H$2:$H$5214,$A32,Sheet1!$N$2:$N$5214,E$4,Sheet1!$F$2:$F$5214,">="&'SELECCIÓN YAMI'!$B$4,Sheet1!$F$2:$F$5214,"<="&'SELECCIÓN YAMI'!$B$6)) | F32: =IF($A32="","",COUNTIFS(Sheet1!$H$2:$H$5214,$A32,Sheet1!$N$2:$N$5214,F$4,Sheet1!$F$2:$F$5214,">="&'SELECCIÓN YAMI'!$B$4,Sheet1!$F$2:$F$5214,"<="&'SELECCIÓN YAMI'!$B$6)) | G32: =IF($A32="","",COUNTIFS(Sheet1!$H$2:$H$5214,$A32,Sheet1!$N$2:$N$5214,G$4,Sheet1!$F$2:$F$5214,">="&'SELECCIÓN YAMI'!$B$4,Sheet1!$F$2:$F$5214,"<="&'SELECCIÓN YAMI'!$B$6)) | H32: =IF($A32="","",COUNTIFS(Sheet1!$H$2:$H$5214,$A32,Sheet1!$N$2:$N$5214,H$4,Sheet1!$F$2:$F$5214,">="&'SELECCIÓN YAMI'!$B$4,Sheet1!$F$2:$F$5214,"<="&'SELECCIÓN YAMI'!$B$6)) | I32: =IF($A32="","",COUNTIFS(Sheet1!$H$2:$H$5214,$A32,Sheet1!$N$2:$N$5214,I$4,Sheet1!$F$2:$F$5214,">="&'SELECCIÓN YAMI'!$B$4,Sheet1!$F$2:$F$5214,"<="&'SELECCIÓN YAMI'!$B$6)) | J32: =IF($A32="","",SUM(B32:I32)) | K32: =IF($A32="","",J32*'SELECCIÓN YAMI'!$B$7) | L32: =IF($A32="","",COUNTIFS(Sheet1!$H$2:$H$5214,$A32,Sheet1!$N$2:$N$5214,L$4,Sheet1!$F$2:$F$5214,">="&'SELECCIÓN YAMI'!$B$4,Sheet1!$F$2:$F$5214,"<="&'SELECCIÓN YAMI'!$B$6)) | M32: =IF($A32="","",COUNTIFS(Sheet1!$H$2:$H$5214,$A32,Sheet1!$N$2:$N$5214,M$4,Sheet1!$F$2:$F$5214,">="&'SELECCIÓN YAMI'!$B$4,Sheet1!$F$2:$F$5214,"<="&'SELECCIÓN YAMI'!$B$6)) | N32: =IF($A32="","",COUNTIFS(Sheet1!$H$2:$H$5214,$A32,Sheet1!$N$2:$N$5214,N$4,Sheet1!$F$2:$F$5214,">="&'SELECCIÓN YAMI'!$B$4,Sheet1!$F$2:$F$5214,"<="&'SELECCIÓN YAMI'!$B$6)) | O32: =IF($A32="","",COUNTIFS(Sheet1!$H$2:$H$5214,$A32,Sheet1!$F$2:$F$5214,">="&'SELECCIÓN YAMI'!$B$4,Sheet1!$F$2:$F$5214,"<="&'SELECCIÓN YAMI'!$B$6))
B33: =IF($A33="","",COUNTIFS(Sheet1!$H$2:$H$5214,$A33,Sheet1!$N$2:$N$5214,B$4,Sheet1!$F$2:$F$5214,">="&'SELECCIÓN YAMI'!$B$4,Sheet1!$F$2:$F$5214,"<="&'SELECCIÓN YAMI'!$B$6)) | C33: =IF($A33="","",COUNTIFS(Sheet1!$H$2:$H$5214,$A33,Sheet1!$N$2:$N$5214,C$4,Sheet1!$F$2:$F$5214,">="&'SELECCIÓN YAMI'!$B$4,Sheet1!$F$2:$F$5214,"<="&'SELECCIÓN YAMI'!$B$6)) | D33: =IF($A33="","",COUNTIFS(Sheet1!$H$2:$H$5214,$A33,Sheet1!$N$2:$N$5214,D$4,Sheet1!$F$2:$F$5214,">="&'SELECCIÓN YAMI'!$B$4,Sheet1!$F$2:$F$5214,"<="&'SELECCIÓN YAMI'!$B$6)) | E33: =IF($A33="","",COUNTIFS(Sheet1!$H$2:$H$5214,$A33,Sheet1!$N$2:$N$5214,E$4,Sheet1!$F$2:$F$5214,">="&'SELECCIÓN YAMI'!$B$4,Sheet1!$F$2:$F$5214,"<="&'SELECCIÓN YAMI'!$B$6)) | F33: =IF($A33="","",COUNTIFS(Sheet1!$H$2:$H$5214,$A33,Sheet1!$N$2:$N$5214,F$4,Sheet1!$F$2:$F$5214,">="&'SELECCIÓN YAMI'!$B$4,Sheet1!$F$2:$F$5214,"<="&'SELECCIÓN YAMI'!$B$6)) | G33: =IF($A33="","",COUNTIFS(Sheet1!$H$2:$H$5214,$A33,Sheet1!$N$2:$N$5214,G$4,Sheet1!$F$2:$F$5214,">="&'SELECCIÓN YAMI'!$B$4,Sheet1!$F$2:$F$5214,"<="&'SELECCIÓN YAMI'!$B$6)) | H33: =IF($A33="","",COUNTIFS(Sheet1!$H$2:$H$5214,$A33,Sheet1!$N$2:$N$5214,H$4,Sheet1!$F$2:$F$5214,">="&'SELECCIÓN YAMI'!$B$4,Sheet1!$F$2:$F$5214,"<="&'SELECCIÓN YAMI'!$B$6)) | I33: =IF($A33="","",COUNTIFS(Sheet1!$H$2:$H$5214,$A33,Sheet1!$N$2:$N$5214,I$4,Sheet1!$F$2:$F$5214,">="&'SELECCIÓN YAMI'!$B$4,Sheet1!$F$2:$F$5214,"<="&'SELECCIÓN YAMI'!$B$6)) | J33: =IF($A33="","",SUM(B33:I33)) | K33: =IF($A33="","",J33*'SELECCIÓN YAMI'!$B$7) | L33: =IF($A33="","",COUNTIFS(Sheet1!$H$2:$H$5214,$A33,Sheet1!$N$2:$N$5214,L$4,Sheet1!$F$2:$F$5214,">="&'SELECCIÓN YAMI'!$B$4,Sheet1!$F$2:$F$5214,"<="&'SELECCIÓN YAMI'!$B$6)) | M33: =IF($A33="","",COUNTIFS(Sheet1!$H$2:$H$5214,$A33,Sheet1!$N$2:$N$5214,M$4,Sheet1!$F$2:$F$5214,">="&'SELECCIÓN YAMI'!$B$4,Sheet1!$F$2:$F$5214,"<="&'SELECCIÓN YAMI'!$B$6)) | N33: =IF($A33="","",COUNTIFS(Sheet1!$H$2:$H$5214,$A33,Sheet1!$N$2:$N$5214,N$4,Sheet1!$F$2:$F$5214,">="&'SELECCIÓN YAMI'!$B$4,Sheet1!$F$2:$F$5214,"<="&'SELECCIÓN YAMI'!$B$6)) | O33: =IF($A33="","",COUNTIFS(Sheet1!$H$2:$H$5214,$A33,Sheet1!$F$2:$F$5214,">="&'SELECCIÓN YAMI'!$B$4,Sheet1!$F$2:$F$5214,"<="&'SELECCIÓN YAMI'!$B$6))
B34: =IF($A34="","",COUNTIFS(Sheet1!$H$2:$H$5214,$A34,Sheet1!$N$2:$N$5214,B$4,Sheet1!$F$2:$F$5214,">="&'SELECCIÓN YAMI'!$B$4,Sheet1!$F$2:$F$5214,"<="&'SELECCIÓN YAMI'!$B$6)) | C34: =IF($A34="","",COUNTIFS(Sheet1!$H$2:$H$5214,$A34,Sheet1!$N$2:$N$5214,C$4,Sheet1!$F$2:$F$5214,">="&'SELECCIÓN YAMI'!$B$4,Sheet1!$F$2:$F$5214,"<="&'SELECCIÓN YAMI'!$B$6)) | D34: =IF($A34="","",COUNTIFS(Sheet1!$H$2:$H$5214,$A34,Sheet1!$N$2:$N$5214,D$4,Sheet1!$F$2:$F$5214,">="&'SELECCIÓN YAMI'!$B$4,Sheet1!$F$2:$F$5214,"<="&'SELECCIÓN YAMI'!$B$6)) | E34: =IF($A34="","",COUNTIFS(Sheet1!$H$2:$H$5214,$A34,Sheet1!$N$2:$N$5214,E$4,Sheet1!$F$2:$F$5214,">="&'SELECCIÓN YAMI'!$B$4,Sheet1!$F$2:$F$5214,"<="&'SELECCIÓN YAMI'!$B$6)) | F34: =IF($A34="","",COUNTIFS(Sheet1!$H$2:$H$5214,$A34,Sheet1!$N$2:$N$5214,F$4,Sheet1!$F$2:$F$5214,">="&'SELECCIÓN YAMI'!$B$4,Sheet1!$F$2:$F$5214,"<="&'SELECCIÓN YAMI'!$B$6)) | G34: =IF($A34="","",COUNTIFS(Sheet1!$H$2:$H$5214,$A34,Sheet1!$N$2:$N$5214,G$4,Sheet1!$F$2:$F$5214,">="&'SELECCIÓN YAMI'!$B$4,Sheet1!$F$2:$F$5214,"<="&'SELECCIÓN YAMI'!$B$6)) | H34: =IF($A34="","",COUNTIFS(Sheet1!$H$2:$H$5214,$A34,Sheet1!$N$2:$N$5214,H$4,Sheet1!$F$2:$F$5214,">="&'SELECCIÓN YAMI'!$B$4,Sheet1!$F$2:$F$5214,"<="&'SELECCIÓN YAMI'!$B$6)) | I34: =IF($A34="","",COUNTIFS(Sheet1!$H$2:$H$5214,$A34,Sheet1!$N$2:$N$5214,I$4,Sheet1!$F$2:$F$5214,">="&'SELECCIÓN YAMI'!$B$4,Sheet1!$F$2:$F$5214,"<="&'SELECCIÓN YAMI'!$B$6)) | J34: =IF($A34="","",SUM(B34:I34)) | K34: =IF($A34="","",J34*'SELECCIÓN YAMI'!$B$7) | L34: =IF($A34="","",COUNTIFS(Sheet1!$H$2:$H$5214,$A34,Sheet1!$N$2:$N$5214,L$4,Sheet1!$F$2:$F$5214,">="&'SELECCIÓN YAMI'!$B$4,Sheet1!$F$2:$F$5214,"<="&'SELECCIÓN YAMI'!$B$6)) | M34: =IF($A34="","",COUNTIFS(Sheet1!$H$2:$H$5214,$A34,Sheet1!$N$2:$N$5214,M$4,Sheet1!$F$2:$F$5214,">="&'SELECCIÓN YAMI'!$B$4,Sheet1!$F$2:$F$5214,"<="&'SELECCIÓN YAMI'!$B$6)) | N34: =IF($A34="","",COUNTIFS(Sheet1!$H$2:$H$5214,$A34,Sheet1!$N$2:$N$5214,N$4,Sheet1!$F$2:$F$5214,">="&'SELECCIÓN YAMI'!$B$4,Sheet1!$F$2:$F$5214,"<="&'SELECCIÓN YAMI'!$B$6)) | O34: =IF($A34="","",COUNTIFS(Sheet1!$H$2:$H$5214,$A34,Sheet1!$F$2:$F$5214,">="&'SELECCIÓN YAMI'!$B$4,Sheet1!$F$2:$F$5214,"<="&'SELECCIÓN YAMI'!$B$6))
B35: =IF($A35="","",COUNTIFS(Sheet1!$H$2:$H$5214,$A35,Sheet1!$N$2:$N$5214,B$4,Sheet1!$F$2:$F$5214,">="&'SELECCIÓN YAMI'!$B$4,Sheet1!$F$2:$F$5214,"<="&'SELECCIÓN YAMI'!$B$6)) | C35: =IF($A35="","",COUNTIFS(Sheet1!$H$2:$H$5214,$A35,Sheet1!$N$2:$N$5214,C$4,Sheet1!$F$2:$F$5214,">="&'SELECCIÓN YAMI'!$B$4,Sheet1!$F$2:$F$5214,"<="&'SELECCIÓN YAMI'!$B$6)) | D35: =IF($A35="","",COUNTIFS(Sheet1!$H$2:$H$5214,$A35,Sheet1!$N$2:$N$5214,D$4,Sheet1!$F$2:$F$5214,">="&'SELECCIÓN YAMI'!$B$4,Sheet1!$F$2:$F$5214,"<="&'SELECCIÓN YAMI'!$B$6)) | E35: =IF($A35="","",COUNTIFS(Sheet1!$H$2:$H$5214,$A35,Sheet1!$N$2:$N$5214,E$4,Sheet1!$F$2:$F$5214,">="&'SELECCIÓN YAMI'!$B$4,Sheet1!$F$2:$F$5214,"<="&'SELECCIÓN YAMI'!$B$6)) | F35: =IF($A35="","",COUNTIFS(Sheet1!$H$2:$H$5214,$A35,Sheet1!$N$2:$N$5214,F$4,Sheet1!$F$2:$F$5214,">="&'SELECCIÓN YAMI'!$B$4,Sheet1!$F$2:$F$5214,"<="&'SELECCIÓN YAMI'!$B$6)) | G35: =IF($A35="","",COUNTIFS(Sheet1!$H$2:$H$5214,$A35,Sheet1!$N$2:$N$5214,G$4,Sheet1!$F$2:$F$5214,">="&'SELECCIÓN YAMI'!$B$4,Sheet1!$F$2:$F$5214,"<="&'SELECCIÓN YAMI'!$B$6)) | H35: =IF($A35="","",COUNTIFS(Sheet1!$H$2:$H$5214,$A35,Sheet1!$N$2:$N$5214,H$4,Sheet1!$F$2:$F$5214,">="&'SELECCIÓN YAMI'!$B$4,Sheet1!$F$2:$F$5214,"<="&'SELECCIÓN YAMI'!$B$6)) | I35: =IF($A35="","",COUNTIFS(Sheet1!$H$2:$H$5214,$A35,Sheet1!$N$2:$N$5214,I$4,Sheet1!$F$2:$F$5214,">="&'SELECCIÓN YAMI'!$B$4,Sheet1!$F$2:$F$5214,"<="&'SELECCIÓN YAMI'!$B$6)) | J35: =IF($A35="","",SUM(B35:I35)) | K35: =IF($A35="","",J35*'SELECCIÓN YAMI'!$B$7) | L35: =IF($A35="","",COUNTIFS(Sheet1!$H$2:$H$5214,$A35,Sheet1!$N$2:$N$5214,L$4,Sheet1!$F$2:$F$5214,">="&'SELECCIÓN YAMI'!$B$4,Sheet1!$F$2:$F$5214,"<="&'SELECCIÓN YAMI'!$B$6)) | M35: =IF($A35="","",COUNTIFS(Sheet1!$H$2:$H$5214,$A35,Sheet1!$N$2:$N$5214,M$4,Sheet1!$F$2:$F$5214,">="&'SELECCIÓN YAMI'!$B$4,Sheet1!$F$2:$F$5214,"<="&'SELECCIÓN YAMI'!$B$6)) | N35: =IF($A35="","",COUNTIFS(Sheet1!$H$2:$H$5214,$A35,Sheet1!$N$2:$N$5214,N$4,Sheet1!$F$2:$F$5214,">="&'SELECCIÓN YAMI'!$B$4,Sheet1!$F$2:$F$5214,"<="&'SELECCIÓN YAMI'!$B$6)) | O35: =IF($A35="","",COUNTIFS(Sheet1!$H$2:$H$5214,$A35,Sheet1!$F$2:$F$5214,">="&'SELECCIÓN YAMI'!$B$4,Sheet1!$F$2:$F$5214,"<="&'SELECCIÓN YAMI'!$B$6))
... B72: =IF($A72="","",COUNTIFS(Sheet1!$H$2:$H$5214,$A72,Sheet1!$N$2:$N$5214,B$4,Sheet1!$F$2:$F$5214,">="&'SELECCIÓN YAMI'!$B$4,Sheet1!$F$2:$F$5214,"<="&'SELECCIÓN YAMI'!$B$6)) | C72: =IF($A72="","",COUNTIFS(Sheet1!$H$2:$H$5214,$A72,Sheet1!$N$2:$N$5214,C$4,Sheet1!$F$2:$F$5214,">="&'SELECCIÓN YAMI'!$B$4,Sheet1!$F$2:$F$5214,"<="&'SELECCIÓN YAMI'!$B$6)) | D72: =IF($A72="","",COUNTIFS(Sheet1!$H$2:$H$5214,$A72,Sheet1!$N$2:$N$5214,D$4,Sheet1!$F$2:$F$5214,">="&'SELECCIÓN YAMI'!$B$4,Sheet1!$F$2:$F$5214,"<="&'SELECCIÓN YAMI'!$B$6)) | E72: =IF($A72="","",COUNTIFS(Sheet1!$H$2:$H$5214,$A72,Sheet1!$N$2:$N$5214,E$4,Sheet1!$F$2:$F$5214,">="&'SELECCIÓN YAMI'!$B$4,Sheet1!$F$2:$F$5214,"<="&'SELECCIÓN YAMI'!$B$6)) | F72: =IF($A72="","",COUNTIFS(Sheet1!$H$2:$H$5214,$A72,Sheet1!$N$2:$N$5214,F$4,Sheet1!$F$2:$F$5214,">="&'SELECCIÓN YAMI'!$B$4,Sheet1!$F$2:$F$5214,"<="&'SELECCIÓN YAMI'!$B$6)) | G72: =IF($A72="","",COUNTIFS(Sheet1!$H$2:$H$5214,$A72,Sheet1!$N$2:$N$5214,G$4,Sheet1!$F$2:$F$5214,">="&'SELECCIÓN YAMI'!$B$4,Sheet1!$F$2:$F$5214,"<="&'SELECCIÓN YAMI'!$B$6)) | H72: =IF($A72="","",COUNTIFS(Sheet1!$H$2:$H$5214,$A72,Sheet1!$N$2:$N$5214,H$4,Sheet1!$F$2:$F$5214,">="&'SELECCIÓN YAMI'!$B$4,Sheet1!$F$2:$F$5214,"<="&'SELECCIÓN YAMI'!$B$6)) | I72: =IF($A72="","",COUNTIFS(Sheet1!$H$2:$H$5214,$A72,Sheet1!$N$2:$N$5214,I$4,Sheet1!$F$2:$F$5214,">="&'SELECCIÓN YAMI'!$B$4,Sheet1!$F$2:$F$5214,"<="&'SELECCIÓN YAMI'!$B$6)) | J72: =IF($A72="","",SUM(B72:I72)) | K72: =IF($A72="","",J72*'SELECCIÓN YAMI'!$B$7) | L72: =IF($A72="","",COUNTIFS(Sheet1!$H$2:$H$5214,$A72,Sheet1!$N$2:$N$5214,L$4,Sheet1!$F$2:$F$5214,">="&'SELECCIÓN YAMI'!$B$4,Sheet1!$F$2:$F$5214,"<="&'SELECCIÓN YAMI'!$B$6)) | M72: =IF($A72="","",COUNTIFS(Sheet1!$H$2:$H$5214,$A72,Sheet1!$N$2:$N$5214,M$4,Sheet1!$F$2:$F$5214,">="&'SELECCIÓN YAMI'!$B$4,Sheet1!$F$2:$F$5214,"<="&'SELECCIÓN YAMI'!$B$6)) | N72: =IF($A72="","",COUNTIFS(Sheet1!$H$2:$H$5214,$A72,Sheet1!$N$2:$N$5214,N$4,Sheet1!$F$2:$F$5214,">="&'SELECCIÓN YAMI'!$B$4,Sheet1!$F$2:$F$5214,"<="&'SELECCIÓN YAMI'!$B$6)) | O72: =IF($A72="","",COUNTIFS(Sheet1!$H$2:$H$5214,$A72,Sheet1!$F$2:$F$5214,">="&'SELECCIÓN YAMI'!$B$4,Sheet1!$F$2:$F$5214,"<="&'SELECCIÓN YAMI'!$B$6))
A75: DETALLE DE SOLICITUDES DEL PERIODO
A76: FECHA | B76: ASESORA | C76: NOMBRE CLIENTE | D76: NSS | E76: CURP | F76: LEAD | G76: TELEFONO | H76: ESTATUS | I76: ¿PAGABLE? | J76: PAGO ($)
A77: {=IFERROR(_xlfn._xlws.SORT(_xlfn._xlws.FILTER(CHOOSE({0,0,0,0,0,0,0,0,0,0},Sheet1!$F$2:$F$5214,Sheet1!$H$2:$H$5214,IF(Sheet1!$I$2:$I$5214="","",Sheet1!$I$2:$I$5214),IF(Sheet1!$J$2:$J$5214="","",Sheet1!$J$2:$J$5214),IF(Sheet1!$K$2:$K$5214="","",Sheet1!$K$2:$K$5214),IF(Sheet1!$L$2:$L$5214="","",Sheet1!$L$2:$L$5214),IF(Sheet1!$M$2:$M$5214="","",Sheet1!$M$2:$M$5214),IF(Sheet1!$N$2:$N$5214="","",Sheet1!$N$2:$N$5214),IF(ISNUMBER(MATCH(Sheet1!$N$2:$N$5214,$B$4:$I$4,0)),"SÍ","NO"),IF(ISNUMBER(MATCH(Sheet1!$N$2:$N$5214,$B$4:$I$4,0)),'SELECCIÓN YAMI'!$B$7,0)),(Sheet1!$F$2:$F$5214>='SELECCIÓN YAMI'!$B$4)*(Sheet1!$F$2:$F$5214<='SELECCIÓN YAMI'!$B$6)*(COUNTIF(_xlfn.ANCHORARRAY($A$6),Sheet1!$H$2:$H$5214)>0)),{0,0},{0,0}),"Sin resultados")} -> Sin resultados

Sheet SELECCIÓN YAMI
A1: PANEL DE CONTROL — PAGO A ASESORAS
A2: Define el periodo y marca con X a las asesoras. Los resultados se ven en la hoja PAGO ASESORAS.
A4: Fecha inicio | B4: 46233 | D4: Asesoras marcadas | E4: =IF(COUNTIF($B$14:$B$81,"X")=0,"TODAS",COUNTIF($B$14:$B$81,"X")) -> 3
A5: Días del periodo | B5: 7 | D5: Solicitudes pagables | E5: ='REPORT YAMI'!J5 -> 150
A6: Fecha fin | B6: =B4+B5-1 -> 46239 | D6: Total a pagar | E6: ='REPORT YAMI'!K5 -> 1500
A7: Tarifa por solicitud ($) | B7: 10
A12: PANEL DE SELECCIÓN — marca con X a las asesoras que se pagan (vacío = todas)
A13: ASESORA CON ACTIVIDAD EN EL PERIODO | B13: PAGAR (X) | C13: SOLICITUDES PAGABLES | D13: PAGO ($)
A14: {=IFERROR(INDEX(_xlfn._xlws.SORT(_xlfn.UNIQUE(_xlfn._xlws.FILTER(Sheet1!$H$2:$H$5214,(Sheet1!$F$2:$F$5214>=$B$4)*(Sheet1!$F$2:$F$5214<=$B$6)*(Sheet1!$H$2:$H$5214<>"")))),ROW()-13),"")} -> ALAN ALTAMIRANO EXT | C14: {=IF($A14="","",SUMPRODUCT(COUNTIFS(Sheet1!$H$2:$H$5214,$A14,Sheet1!$F$2:$F$5214,">="&$B$4,Sheet1!$F$2:$F$5214,"<="&$B$6,Sheet1!$N$2:$N$5214,'REPORT YAMI'!$B$4:$I$4)))} -> 6 | D14: =IF($A14="","",C14*$B$7) -> 60
A15: {=IFERROR(INDEX(_xlfn._xlws.SORT(_xlfn.UNIQUE(_xlfn._xlws.FILTER(Sheet1!$H$2:$H$5214,(Sheet1!$F$2:$F$5214>=$B$4)*(Sheet1!$F$2:$F$5214<=$B$6)*(Sheet1!$H$2:$H$5214<>"")))),ROW()-13),"")} -> ANA VILLEGAS C/C | C15: {=IF($A15="","",SUMPRODUCT(COUNTIFS(Sheet1!$H$2:$H$5214,$A15,Sheet1!$F$2:$F$5214,">="&$B$4,Sheet1!$F$2:$F$5214,"<="&$B$6,Sheet1!$N$2:$N$5214,'REPORT YAMI'!$B$4:$I$4)))} -> 23 | D15: =IF($A15="","",C15*$B$7) -> 230
A16: {=IFERROR(INDEX(_xlfn._xlws.SORT(_xlfn.UNIQUE(_xlfn._xlws.FILTER(Sheet1!$H$2:$H$5214,(Sheet1!$F$2:$F$5214>=$B$4)*(Sheet1!$F$2:$F$5214<=$B$6)*(Sheet1!$H$2:$H$5214<>"")))),ROW()-13),"")} -> CAROLINA RAMIREZ C/C | C16: {=IF($A16="","",SUMPRODUCT(COUNTIFS(Sheet1!$H$2:$H$5214,$A16,Sheet1!$F$2:$F$5214,">="&$B$4,Sheet1!$F$2:$F$5214,"<="&$B$6,Sheet1!$N$2:$N$5214,'REPORT YAMI'!$B$4:$I$4)))} -> 20 | D16: =IF($A16="","",C16*$B$7) -> 200
A17: {=IFERROR(INDEX(_xlfn._xlws.SORT(_xlfn.UNIQUE(_xlfn._xlws.FILTER(Sheet1!$H$2:$H$5214,(Sheet1!$F$2:$F$5214>=$B$4)*(Sheet1!$F$2:$F$5214<=$B$6)*(Sheet1!$H$2:$H$5214<>"")))),ROW()-13),"")} -> CARRANZA SARDINA C/C | C17: {=IF($A17="","",SUMPRODUCT(COUNTIFS(Sheet1!$H$2:$H$5214,$A17,Sheet1!$F$2:$F$5214,">="&$B$4,Sheet1!$F$2:$F$5214,"<="&$B$6,Sheet1!$N$2:$N$5214,'REPORT YAMI'!$B$4:$I$4)))} -> 8 | D17: =IF($A17="","",C17*$B$7) -> 80
A18: {=IFERROR(INDEX(_xlfn._xlws.SORT(_xlfn.UNIQUE(_xlfn._xlws.FILTER(Sheet1!$H$2:$H$5214,(Sheet1!$F$2:$F$5214>=$B$4)*(Sheet1!$F$2:$F$5214<=$B$6)*(Sheet1!$H$2:$H$5214<>"")))),ROW()-13),"")} -> DEYANIRA CORDOVA C/C | C18: {=IF($A18="","",SUMPRODUCT(COUNTIFS(Sheet1!$H$2:$H$5214,$A18,Sheet1!$F$2:$F$5214,">="&$B$4,Sheet1!$F$2:$F$5214,"<="&$B$6,Sheet1!$N$2:$N$5214,'REPORT YAMI'!$B$4:$I$4)))} -> 12 | D18: =IF($A18="","",C18*$B$7) -> 120
A19: {=IFERROR(INDEX(_xlfn._xlws.SORT(_xlfn.UNIQUE(_xlfn._xlws.FILTER(Sheet1!$H$2:$H$5214,(Sheet1!$F$2:$F$5214>=$B$4)*(Sheet1!$F$2:$F$5214<=$B$6)*(Sheet1!$H$2:$H$5214<>"")))),ROW()-13),"")} -> DULCE FRANCO C/C | C19: {=IF($A19="","",SUMPRODUCT(COUNTIFS(Sheet1!$H$2:$H$5214,$A19,Sheet1!$F$2:$F$5214,">="&$B$4,Sheet1!$F$2:$F$5214,"<="&$B$6,Sheet1!$N$2:$N$5214,'REPORT YAMI'!$B$4:$I$4)))} -> 13 | D19: =IF($A19="","",C19*$B$7) -> 130
A20: {=IFERROR(INDEX(_xlfn._xlws.SORT(_xlfn.UNIQUE(_xlfn._xlws.FILTER(Sheet1!$H$2:$H$5214,(Sheet1!$F$2:$F$5214>=$B$4)*(Sheet1!$F$2:$F$5214<=$B$6)*(Sheet1!$H$2:$H$5214<>"")))),ROW()-13),"")} -> FERNANDA CASTILLO C/C | C20: {=IF($A20="","",SUMPRODUCT(COUNTIFS(Sheet1!$H$2:$H$5214,$A20,Sheet1!$F$2:$F$5214,">="&$B$4,Sheet1!$F$2:$F$5214,"<="&$B$6,Sheet1!$N$2:$N$5214,'REPORT YAMI'!$B$4:$I$4)))} -> 7 | D20: =IF($A20="","",C20*$B$7) -> 70
A21: {=IFERROR(INDEX(_xlfn._xlws.SORT(_xlfn.UNIQUE(_xlfn._xlws.FILTER(Sheet1!$H$2:$H$5214,(Sheet1!$F$2:$F$5214>=$B$4)*(Sheet1!$F$2:$F$5214<=$B$6)*(Sheet1!$H$2:$H$5214<>"")))),ROW()-13),"")} -> GIOVANNI MELGAR | B21: X | C21: {=IF($A21="","",SUMPRODUCT(COUNTIFS(Sheet1!$H$2:$H$5214,$A21,Sheet1!$F$2:$F$5214,">="&$B$4,Sheet1!$F$2:$F$5214,"<="&$B$6,Sheet1!$N$2:$N$5214,'REPORT YAMI'!$B$4:$I$4)))} -> 54 | D21: =IF($A21="","",C21*$B$7) -> 540
A22: {=IFERROR(INDEX(_xlfn._xlws.SORT(_xlfn.UNIQUE(_xlfn._xlws.FILTER(Sheet1!$H$2:$H$5214,(Sheet1!$F$2:$F$5214>=$B$4)*(Sheet1!$F$2:$F$5214<=$B$6)*(Sheet1!$H$2:$H$5214<>"")))),ROW()-13),"")} -> GLORIA ORTIZ C/C | C22: {=IF($A22="","",SUMPRODUCT(COUNTIFS(Sheet1!$H$2:$H$5214,$A22,Sheet1!$F$2:$F$5214,">="&$B$4,Sheet1!$F$2:$F$5214,"<="&$B$6,Sheet1!$N$2:$N$5214,'REPORT YAMI'!$B$4:$I$4)))} -> 24 | D22: =IF($A22="","",C22*$B$7) -> 240
A23: {=IFERROR(INDEX(_xlfn._xlws.SORT(_xlfn.UNIQUE(_xlfn._xlws.FILTER(Sheet1!$H$2:$H$5214,(Sheet1!$F$2:$F$5214>=$B$4)*(Sheet1!$F$2:$F$5214<=$B$6)*(Sheet1!$H$2:$H$5214<>"")))),ROW()-13),"")} -> GUADALUPE BECERRA C/C | C23: {=IF($A23="","",SUMPRODUCT(COUNTIFS(Sheet1!$H$2:$H$5214,$A23,Sheet1!$F$2:$F$5214,">="&$B$4,Sheet1!$F$2:$F$5214,"<="&$B$6,Sheet1!$N$2:$N$5214,'REPORT YAMI'!$B$4:$I$4)))} -> 19 | D23: =IF($A23="","",C23*$B$7) -> 190
A24: {=IFERROR(INDEX(_xlfn._xlws.SORT(_xlfn.UNIQUE(_xlfn._xlws.FILTER(Sheet1!$H$2:$H$5214,(Sheet1!$F$2:$F$5214>=$B$4)*(Sheet1!$F$2:$F$5214<=$B$6)*(Sheet1!$H$2:$H$5214<>"")))),ROW()-13),"")} -> HANIA GARCIA C/C | C24: {=IF($A24="","",SUMPRODUCT(COUNTIFS(Sheet1!$H$2:$H$5214,$A24,Sheet1!$F$2:$F$5214,">="&$B$4,Sheet1!$F$2:$F$5214,"<="&$B$6,Sheet1!$N$2:$N$5214,'REPORT YAMI'!$B$4:$I$4)))} -> 13 | D24: =IF($A24="","",C24*$B$7) -> 130
A25: {=IFERROR(INDEX(_xlfn._xlws.SORT(_xlfn.UNIQUE(_xlfn._xlws.FILTER(Sheet1!$H$2:$H$5214,(Sheet1!$F$2:$F$5214>=$B$4)*(Sheet1!$F$2:$F$5214<=$B$6)*(Sheet1!$H$2:$H$5214<>"")))),ROW()-13),"")} -> JENNIFER AVENDAÑO SUR | C25: {=IF($A25="","",SUMPRODUCT(COUNTIFS(Sheet1!$H$2:$H$5214,$A25,Sheet1!$F$2:$F$5214,">="&$B$4,Sheet1!$F$2:$F$5214,"<="&$B$6,Sheet1!$N$2:$N$5214,'REPORT YAMI'!$B$4:$I$4)))} -> 46 | D25: =IF($A25="","",C25*$B$7) -> 460
A26: {=IFERROR(INDEX(_xlfn._xlws.SORT(_xlfn.UNIQUE(_xlfn._xlws.FILTER(Sheet1!$H$2:$H$5214,(Sheet1!$F$2:$F$5214>=$B$4)*(Sheet1!$F$2:$F$5214<=$B$6)*(Sheet1!$H$2:$H$5214<>"")))),ROW()-13),"")} -> KARINA MATA C/C | C26: {=IF($A26="","",SUMPRODUCT(COUNTIFS(Sheet1!$H$2:$H$5214,$A26,Sheet1!$F$2:$F$5214,">="&$B$4,Sheet1!$F$2:$F$5214,"<="&$B$6,Sheet1!$N$2:$N$5214,'REPORT YAMI'!$B$4:$I$4)))} -> 8 | D26: =IF($A26="","",C26*$B$7) -> 80
A27: {=IFERROR(INDEX(_xlfn._xlws.SORT(_xlfn.UNIQUE(_xlfn._xlws.FILTER(Sheet1!$H$2:$H$5214,(Sheet1!$F$2:$F$5214>=$B$4)*(Sheet1!$F$2:$F$5214<=$B$6)*(Sheet1!$H$2:$H$5214<>"")))),ROW()-13),"")} -> LILIANA MARTINEZ SUR | B27: X | C27: {=IF($A27="","",SUMPRODUCT(COUNTIFS(Sheet1!$H$2:$H$5214,$A27,Sheet1!$F$2:$F$5214,">="&$B$4,Sheet1!$F$2:$F$5214,"<="&$B$6,Sheet1!$N$2:$N$5214,'REPORT YAMI'!$B$4:$I$4)))} -> 29 | D27: =IF($A27="","",C27*$B$7) -> 290
A28: {=IFERROR(INDEX(_xlfn._xlws.SORT(_xlfn.UNIQUE(_xlfn._xlws.FILTER(Sheet1!$H$2:$H$5214,(Sheet1!$F$2:$F$5214>=$B$4)*(Sheet1!$F$2:$F$5214<=$B$6)*(Sheet1!$H$2:$H$5214<>"")))),ROW()-13),"")} -> LITZY MARTINEZ C/C | C28: {=IF($A28="","",SUMPRODUCT(COUNTIFS(Sheet1!$H$2:$H$5214,$A28,Sheet1!$F$2:$F$5214,">="&$B$4,Sheet1!$F$2:$F$5214,"<="&$B$6,Sheet1!$N$2:$N$5214,'REPORT YAMI'!$B$4:$I$4)))} -> 24 | D28: =IF($A28="","",C28*$B$7) -> 240
A29: {=IFERROR(INDEX(_xlfn._xlws.SORT(_xlfn.UNIQUE(_xlfn._xlws.FILTER(Sheet1!$H$2:$H$5214,(Sheet1!$F$2:$F$5214>=$B$4)*(Sheet1!$F$2:$F$5214<=$B$6)*(Sheet1!$H$2:$H$5214<>"")))),ROW()-13),"")} -> LUIS DAVILA C/C | C29: {=IF($A29="","",SUMPRODUCT(COUNTIFS(Sheet1!$H$2:$H$5214,$A29,Sheet1!$F$2:$F$5214,">="&$B$4,Sheet1!$F$2:$F$5214,"<="&$B$6,Sheet1!$N$2:$N$5214,'REPORT YAMI'!$B$4:$I$4)))} -> 3 | D29: =IF($A29="","",C29*$B$7) -> 30
A30: {=IFERROR(INDEX(_xlfn._xlws.SORT(_xlfn.UNIQUE(_xlfn._xlws.FILTER(Sheet1!$H$2:$H$5214,(Sheet1!$F$2:$F$5214>=$B$4)*(Sheet1!$F$2:$F$5214<=$B$6)*(Sheet1!$H$2:$H$5214<>"")))),ROW()-13),"")} -> LUISA LARA SUR | C30: {=IF($A30="","",SUMPRODUCT(COUNTIFS(Sheet1!$H$2:$H$5214,$A30,Sheet1!$F$2:$F$5214,">="&$B$4,Sheet1!$F$2:$F$5214,"<="&$B$6,Sheet1!$N$2:$N$5214,'REPORT YAMI'!$B$4:$I$4)))} -> 3 | D30: =IF($A30="","",C30*$B$7) -> 30
A31: {=IFERROR(INDEX(_xlfn._xlws.SORT(_xlfn.UNIQUE(_xlfn._xlws.FILTER(Sheet1!$H$2:$H$5214,(Sheet1!$F$2:$F$5214>=$B$4)*(Sheet1!$F$2:$F$5214<=$B$6)*(Sheet1!$H$2:$H$5214<>"")))),ROW()-13),"")} -> MAGALI HERNANDEZ C/C | C31: {=IF($A31="","",SUMPRODUCT(COUNTIFS(Sheet1!$H$2:$H$5214,$A31,Sheet1!$F$2:$F$5214,">="&$B$4,Sheet1!$F$2:$F$5214,"<="&$B$6,Sheet1!$N$2:$N$5214,'REPORT YAMI'!$B$4:$I$4)))} -> 11 | D31: =IF($A31="","",C31*$B$7) -> 110
A32: {=IFERROR(INDEX(_xlfn._xlws.SORT(_xlfn.UNIQUE(_xlfn._xlws.FILTER(Sheet1!$H$2:$H$5214,(Sheet1!$F$2:$F$5214>=$B$4)*(Sheet1!$F$2:$F$5214<=$B$6)*(Sheet1!$H$2:$H$5214<>"")))),ROW()-13),"")} -> MAGALI MARTINEZ EXT 2 | C32: {=IF($A32="","",SUMPRODUCT(COUNTIFS(Sheet1!$H$2:$H$5214,$A32,Sheet1!$F$2:$F$5214,">="&$B$4,Sheet1!$F$2:$F$5214,"<="&$B$6,Sheet1!$N$2:$N$5214,'REPORT YAMI'!$B$4:$I$4)))} -> 21 | D32: =IF($A32="","",C32*$B$7) -> 210
A33: {=IFERROR(INDEX(_xlfn._xlws.SORT(_xlfn.UNIQUE(_xlfn._xlws.FILTER(Sheet1!$H$2:$H$5214,(Sheet1!$F$2:$F$5214>=$B$4)*(Sheet1!$F$2:$F$5214<=$B$6)*(Sheet1!$H$2:$H$5214<>"")))),ROW()-13),"")} -> MARA HERNANDEZ SUR | C33: {=IF($A33="","",SUMPRODUCT(COUNTIFS(Sheet1!$H$2:$H$5214,$A33,Sheet1!$F$2:$F$5214,">="&$B$4,Sheet1!$F$2:$F$5214,"<="&$B$6,Sheet1!$N$2:$N$5214,'REPORT YAMI'!$B$4:$I$4)))} -> 5 | D33: =IF($A33="","",C33*$B$7) -> 50
A34: {=IFERROR(INDEX(_xlfn._xlws.SORT(_xlfn.UNIQUE(_xlfn._xlws.FILTER(Sheet1!$H$2:$H$5214,(Sheet1!$F$2:$F$5214>=$B$4)*(Sheet1!$F$2:$F$5214<=$B$6)*(Sheet1!$H$2:$H$5214<>"")))),ROW()-13),"")} -> MARISOL HERNANDEZ C/C | C34: {=IF($A34="","",SUMPRODUCT(COUNTIFS(Sheet1!$H$2:$H$5214,$A34,Sheet1!$F$2:$F$5214,">="&$B$4,Sheet1!$F$2:$F$5214,"<="&$B$6,Sheet1!$N$2:$N$5214,'REPORT YAMI'!$B$4:$I$4)))} -> 13 | D34: =IF($A34="","",C34*$B$7) -> 130
A35: {=IFERROR(INDEX(_xlfn._xlws.SORT(_xlfn.UNIQUE(_xlfn._xlws.FILTER(Sheet1!$H$2:$H$5214,(Sheet1!$F$2:$F$5214>=$B$4)*(Sheet1!$F$2:$F$5214<=$B$6)*(Sheet1!$H$2:$H$5214<>"")))),ROW()-13),"")} -> MELANIE CIBRIAN C/C | C35: {=IF($A35="","",SUMPRODUCT(COUNTIFS(Sheet1!$H$2:$H$5214,$A35,Sheet1!$F$2:$F$5214,">="&$B$4,Sheet1!$F$2:$F$5214,"<="&$B$6,Sheet1!$N$2:$N$5214,'REPORT YAMI'!$B$4:$I$4)))} -> 11 | D35: =IF($A35="","",C35*$B$7) -> 110
A36: {=IFERROR(INDEX(_xlfn._xlws.SORT(_xlfn.UNIQUE(_xlfn._xlws.FILTER(Sheet1!$H$2:$H$5214,(Sheet1!$F$2:$F$5214>=$B$4)*(Sheet1!$F$2:$F$5214<=$B$6)*(Sheet1!$H$2:$H$5214<>"")))),ROW()-13),"")} -> PAOLA RODRIGUEZ C/C | C36: {=IF($A36="","",SUMPRODUCT(COUNTIFS(Sheet1!$H$2:$H$5214,$A36,Sheet1!$F$2:$F$5214,">="&$B$4,Sheet1!$F$2:$F$5214,"<="&$B$6,Sheet1!$N$2:$N$5214,'REPORT YAMI'!$B$4:$I$4)))} -> 18 | D36: =IF($A36="","",C36*$B$7) -> 180
A37: {=IFERROR(INDEX(_xlfn._xlws.SORT(_xlfn.UNIQUE(_xlfn._xlws.FILTER(Sheet1!$H$2:$H$5214,(Sheet1!$F$2:$F$5214>=$B$4)*(Sheet1!$F$2:$F$5214<=$B$6)*(Sheet1!$H$2:$H$5214<>"")))),ROW()-13),"")} -> ROSA CASTRO SUR | B37: X | C37: {=IF($A37="","",SUMPRODUCT(COUNTIFS(Sheet1!$H$2:$H$5214,$A37,Sheet1!$F$2:$F$5214,">="&$B$4,Sheet1!$F$2:$F$5214,"<="&$B$6,Sheet1!$N$2:$N$5214,'REPORT YAMI'!$B$4:$I$4)))} -> 67 | D37: =IF($A37="","",C37*$B$7) -> 670
A38: {=IFERROR(INDEX(_xlfn._xlws.SORT(_xlfn.UNIQUE(_xlfn._xlws.FILTER(Sheet1!$H$2:$H$5214,(Sheet1!$F$2:$F$5214>=$B$4)*(Sheet1!$F$2:$F$5214<=$B$6)*(Sheet1!$H$2:$H$5214<>"")))),ROW()-13),"")} -> XIMENA RIVERA SUR | C38: {=IF($A38="","",SUMPRODUCT(COUNTIFS(Sheet1!$H$2:$H$5214,$A38,Sheet1!$F$2:$F$5214,">="&$B$4,Sheet1!$F$2:$F$5214,"<="&$B$6,Sheet1!$N$2:$N$5214,'REPORT YAMI'!$B$4:$I$4)))} -> 37 | D38: =IF($A38="","",C38*$B$7) -> 370
A39: {=IFERROR(INDEX(_xlfn._xlws.SORT(_xlfn.UNIQUE(_xlfn._xlws.FILTER(Sheet1!$H$2:$H$5214,(Sheet1!$F$2:$F$5214>=$B$4)*(Sheet1!$F$2:$F$5214<=$B$6)*(Sheet1!$H$2:$H$5214<>"")))),ROW()-13),"")} -> YAJAHIRA GONZALEZ EXT 2 | C39: {=IF($A39="","",SUMPRODUCT(COUNTIFS(Sheet1!$H$2:$H$5214,$A39,Sheet1!$F$2:$F$5214,">="&$B$4,Sheet1!$F$2:$F$5214,"<="&$B$6,Sheet1!$N$2:$N$5214,'REPORT YAMI'!$B$4:$I$4)))} -> 7 | D39: =IF($A39="","",C39*$B$7) -> 70
A40: {=IFERROR(INDEX(_xlfn._xlws.SORT(_xlfn.UNIQUE(_xlfn._xlws.FILTER(Sheet1!$H$2:$H$5214,(Sheet1!$F$2:$F$5214>=$B$4)*(Sheet1!$F$2:$F$5214<=$B$6)*(Sheet1!$H$2:$H$5214<>"")))),ROW()-13),"")} -> YAMILETH CARDONA EXT 2 | C40: {=IF($A40="","",SUMPRODUCT(COUNTIFS(Sheet1!$H$2:$H$5214,$A40,Sheet1!$F$2:$F$5214,">="&$B$4,Sheet1!$F$2:$F$5214,"<="&$B$6,Sheet1!$N$2:$N$5214,'REPORT YAMI'!$B$4:$I$4)))} -> 28 | D40: =IF($A40="","",C40*$B$7) -> 280
A41: {=IFERROR(INDEX(_xlfn._xlws.SORT(_xlfn.UNIQUE(_xlfn._xlws.FILTER(Sheet1!$H$2:$H$5214,(Sheet1!$F$2:$F$5214>=$B$4)*(Sheet1!$F$2:$F$5214<=$B$6)*(Sheet1!$H$2:$H$5214<>"")))),ROW()-13),"")} -> YESSENIA ESPINO | C41: {=IF($A41="","",SUMPRODUCT(COUNTIFS(Sheet1!$H$2:$H$5214,$A41,Sheet1!$F$2:$F$5214,">="&$B$4,Sheet1!$F$2:$F$5214,"<="&$B$6,Sheet1!$N$2:$N$5214,'REPORT YAMI'!$B$4:$I$4)))} -> 8 | D41: =IF($A41="","",C41*$B$7) -> 80
A42: {=IFERROR(INDEX(_xlfn._xlws.SORT(_xlfn.UNIQUE(_xlfn._xlws.FILTER(Sheet1!$H$2:$H$5214,(Sheet1!$F$2:$F$5214>=$B$4)*(Sheet1!$F$2:$F$5214<=$B$6)*(Sheet1!$H$2:$H$5214<>"")))),ROW()-13),"")} | C42: {=IF($A42="","",SUMPRODUCT(COUNTIFS(Sheet1!$H$2:$H$5214,$A42,Sheet1!$F$2:$F$5214,">="&$B$4,Sheet1!$F$2:$F$5214,"<="&$B$6,Sheet1!$N$2:$N$5214,'REPORT YAMI'!$B$4:$I$4)))} | D42: =IF($A42="","",C42*$B$7)
A43: {=IFERROR(INDEX(_xlfn._xlws.SORT(_xlfn.UNIQUE(_xlfn._xlws.FILTER(Sheet1!$H$2:$H$5214,(Sheet1!$F$2:$F$5214>=$B$4)*(Sheet1!$F$2:$F$5214<=$B$6)*(Sheet1!$H$2:$H$5214<>"")))),ROW()-13),"")} | C43: {=IF($A43="","",SUMPRODUCT(COUNTIFS(Sheet1!$H$2:$H$5214,$A43,Sheet1!$F$2:$F$5214,">="&$B$4,Sheet1!$F$2:$F$5214,"<="&$B$6,Sheet1!$N$2:$N$5214,'REPORT YAMI'!$B$4:$I$4)))} | D43: =IF($A43="","",C43*$B$7)
A44: {=IFERROR(INDEX(_xlfn._xlws.SORT(_xlfn.UNIQUE(_xlfn._xlws.FILTER(Sheet1!$H$2:$H$5214,(Sheet1!$F$2:$F$5214>=$B$4)*(Sheet1!$F$2:$F$5214<=$B$6)*(Sheet1!$H$2:$H$5214<>"")))),ROW()-13),"")} | C44: {=IF($A44="","",SUMPRODUCT(COUNTIFS(Sheet1!$H$2:$H$5214,$A44,Sheet1!$F$2:$F$5214,">="&$B$4,Sheet1!$F$2:$F$5214,"<="&$B$6,Sheet1!$N$2:$N$5214,'REPORT YAMI'!$B$4:$I$4)))} | D44: =IF($A44="","",C44*$B$7)
A45: {=IFERROR(INDEX(_xlfn._xlws.SORT(_xlfn.UNIQUE(_xlfn._xlws.FILTER(Sheet1!$H$2:$H$5214,(Sheet1!$F$2:$F$5214>=$B$4)*(Sheet1!$F$2:$F$5214<=$B$6)*(Sheet1!$H$2:$H$5214<>"")))),ROW()-13),"")} | C45: {=IF($A45="","",SUMPRODUCT(COUNTIFS(Sheet1!$H$2:$H$5214,$A45,Sheet1!$F$2:$F$5214,">="&$B$4,Sheet1!$F$2:$F$5214,"<="&$B$6,Sheet1!$N$2:$N$5214,'REPORT YAMI'!$B$4:$I$4)))} | D45: =IF($A45="","",C45*$B$7)
A46: {=IFERROR(INDEX(_xlfn._xlws.SORT(_xlfn.UNIQUE(_xlfn._xlws.FILTER(Sheet1!$H$2:$H$5214,(Sheet1!$F$2:$F$5214>=$B$4)*(Sheet1!$F$2:$F$5214<=$B$6)*(Sheet1!$H$2:$H$5214<>"")))),ROW()-13),"")} | C46: {=IF($A46="","",SUMPRODUCT(COUNTIFS(Sheet1!$H$2:$H$5214,$A46,Sheet1!$F$2:$F$5214,">="&$B$4,Sheet1!$F$2:$F$5214,"<="&$B$6,Sheet1!$N$2:$N$5214,'REPORT YAMI'!$B$4:$I$4)))} | D46: =IF($A46="","",C46*$B$7)
A47: {=IFERROR(INDEX(_xlfn._xlws.SORT(_xlfn.UNIQUE(_xlfn._xlws.FILTER(Sheet1!$H$2:$H$5214,(Sheet1!$F$2:$F$5214>=$B$4)*(Sheet1!$F$2:$F$5214<=$B$6)*(Sheet1!$H$2:$H$5214<>"")))),ROW()-13),"")} | C47: {=IF($A47="","",SUMPRODUCT(COUNTIFS(Sheet1!$H$2:$H$5214,$A47,Sheet1!$F$2:$F$5214,">="&$B$4,Sheet1!$F$2:$F$5214,"<="&$B$6,Sheet1!$N$2:$N$5214,'REPORT YAMI'!$B$4:$I$4)))} | D47: =IF($A47="","",C47*$B$7)
A48: {=IFERROR(INDEX(_xlfn._xlws.SORT(_xlfn.UNIQUE(_xlfn._xlws.FILTER(Sheet1!$H$2:$H$5214,(Sheet1!$F$2:$F$5214>=$B$4)*(Sheet1!$F$2:$F$5214<=$B$6)*(Sheet1!$H$2:$H$5214<>"")))),ROW()-13),"")} | C48: {=IF($A48="","",SUMPRODUCT(COUNTIFS(Sheet1!$H$2:$H$5214,$A48,Sheet1!$F$2:$F$5214,">="&$B$4,Sheet1!$F$2:$F$5214,"<="&$B$6,Sheet1!$N$2:$N$5214,'REPORT YAMI'!$B$4:$I$4)))} | D48: =IF($A48="","",C48*$B$7)
A49: {=IFERROR(INDEX(_xlfn._xlws.SORT(_xlfn.UNIQUE(_xlfn._xlws.FILTER(Sheet1!$H$2:$H$5214,(Sheet1!$F$2:$F$5214>=$B$4)*(Sheet1!$F$2:$F$5214<=$B$6)*(Sheet1!$H$2:$H$5214<>"")))),ROW()-13),"")} | C49: {=IF($A49="","",SUMPRODUCT(COUNTIFS(Sheet1!$H$2:$H$5214,$A49,Sheet1!$F$2:$F$5214,">="&$B$4,Sheet1!$F$2:$F$5214,"<="&$B$6,Sheet1!$N$2:$N$5214,'REPORT YAMI'!$B$4:$I$4)))} | D49: =IF($A49="","",C49*$B$7)
... A81: {=IFERROR(INDEX(_xlfn._xlws.SORT(_xlfn.UNIQUE(_xlfn._xlws.FILTER(Sheet1!$H$2:$H$5214,(Sheet1!$F$2:$F$5214>=$B$4)*(Sheet1!$F$2:$F$5214<=$B$6)*(Sheet1!$H$2:$H$5214<>"")))),ROW()-13),"")} | C81: {=IF($A81="","",SUMPRODUCT(COUNTIFS(Sheet1!$H$2:$H$5214,$A81,Sheet1!$F$2:$F$5214,">="&$B$4,Sheet1!$F$2:$F$5214,"<="&$B$6,Sheet1!$N$2:$N$5214,'REPORT YAMI'!$B$4:$I$4)))} | D81: =IF($A81="","",C81*$B$7)
